food_id,name,category,calories,protein,carbs,fat,proposed_status,review_status,notes,issues_summary
1,Izgara Köfte,Et & Tavuk,309,27,3,21,RECIPE_OR_TURKISH_MEAL_NEEDS_MANUAL_SOURCE,needs_review,TÜRKOMP/tarif hesabı gerekir Lif/şeker/sodyum placeholder sıfır; gerçek değerler eklenmeli.,RECIPE_OR_TURKISH_MEAL_NEEDS_MANUAL_SOURCE | candidate_quality=no_candidate | fiber_100g_zero_placeholder | sugar_100g_zero_placeholder | sodium_mg_100g_zero_placeholder
3,Yulaf Ezmesi,Tahıl & Ekmek,191,8,33,3,REJECT_USDA_CANDIDATE_KEEP_CURRENT_PENDING,needs_review,USDA adayı reddedilsin; doğru kaynak tekrar aranmalı Lif/şeker/sodyum placeholder sıfır; gerçek değerler eklenmeli.,REJECT_USDA_CANDIDATE_KEEP_CURRENT_PENDING | candidate_quality=bad_candidate_keyword | fiber_likely_placeholder_zero | fiber_100g_zero_placeholder | sugar_100g_zero_placeholder | sodium_mg_100g_zero_placeholder
4,Mercimek Çorbası,Çorba,155,10,22,3,RECIPE_OR_TURKISH_MEAL_NEEDS_MANUAL_SOURCE,needs_review,TÜRKOMP/tarif hesabı gerekir Lif/şeker/sodyum placeholder sıfır; gerçek değerler eklenmeli.,RECIPE_OR_TURKISH_MEAL_NEEDS_MANUAL_SOURCE | candidate_quality=likely_related | fiber_100g_zero_placeholder | sugar_100g_zero_placeholder | sodium_mg_100g_zero_placeholder
7,Pirinç Pilavı,Tahıl & Ekmek,189,4,42,0.5,RECIPE_OR_TURKISH_MEAL_NEEDS_MANUAL_SOURCE,needs_review,TÜRKOMP/tarif hesabı gerekir Lif/şeker/sodyum placeholder sıfır; gerçek değerler eklenmeli.,RECIPE_OR_TURKISH_MEAL_NEEDS_MANUAL_SOURCE | candidate_quality=no_candidate | fiber_likely_placeholder_zero | fiber_100g_zero_placeholder | sugar_100g_zero_placeholder | sodium_mg_100g_zero_placeholder
8,Kuru Fasulye,Baklagil,283,18,46,3,USDA_RELATED_BUT_VALUES_DIFFER_REVIEW,needs_review,USDA adayını elle kontrol et; pişmiş/çiğ farkını netleştir Lif/şeker/sodyum placeholder sıfır; gerçek değerler eklenmeli.,USDA_RELATED_BUT_VALUES_DIFFER_REVIEW | candidate_quality=likely_related | fiber_likely_placeholder_zero | fiber_100g_zero_placeholder | sugar_100g_zero_placeholder | sodium_mg_100g_zero_placeholder
9,Zeytinyağlı Salata,Yağ & Sos,128,2.3,6,10.5,RECIPE_OR_TURKISH_MEAL_NEEDS_MANUAL_SOURCE,needs_review,TÜRKOMP/tarif hesabı gerekir Lif/şeker/sodyum placeholder sıfır; gerçek değerler eklenmeli.,RECIPE_OR_TURKISH_MEAL_NEEDS_MANUAL_SOURCE | candidate_quality=no_candidate | fiber_100g_zero_placeholder | sugar_100g_zero_placeholder | sodium_mg_100g_zero_placeholder
10,Tam Yağlı Süt,Süt Ürünleri,123,6.4,9.6,6.6,REJECT_USDA_CANDIDATE_KEEP_CURRENT_PENDING,needs_review,USDA adayı reddedilsin; doğru kaynak tekrar aranmalı Lif/şeker/sodyum placeholder sıfır; gerçek değerler eklenmeli.,REJECT_USDA_CANDIDATE_KEEP_CURRENT_PENDING | candidate_quality=bad_candidate_keyword | sugar_likely_placeholder_zero | fiber_100g_zero_placeholder | sugar_100g_zero_placeholder | sodium_mg_100g_zero_placeholder
12,Kinoa,Tahıl & Ekmek,178,6.6,31.5,2.8,REJECT_USDA_CANDIDATE_KEEP_CURRENT_PENDING,needs_review,USDA adayı reddedilsin; doğru kaynak tekrar aranmalı Lif/şeker/sodyum placeholder sıfır; gerçek değerler eklenmeli.,REJECT_USDA_CANDIDATE_KEEP_CURRENT_PENDING | candidate_quality=bad_candidate_keyword | fiber_likely_placeholder_zero | fiber_100g_zero_placeholder | sugar_100g_zero_placeholder | sodium_mg_100g_zero_placeholder
13,Avokado,Meyve,269,3,13.5,22.5,REJECT_USDA_CANDIDATE_KEEP_CURRENT_PENDING,needs_review,USDA adayı reddedilsin; doğru kaynak tekrar aranmalı Kategori düzeltildi; besin değerleri değişmedi. Lif/şeker/sodyum placeholder sıfır; gerçek değerler eklenmeli.,REJECT_USDA_CANDIDATE_KEEP_CURRENT_PENDING | candidate_quality=bad_candidate_keyword | fiber_100g_zero_placeholder | sugar_100g_zero_placeholder | sodium_mg_100g_zero_placeholder
14,Yoğurt (Tam Yağlı),Süt Ürünleri,94,5.3,7.1,4.9,REJECT_USDA_CANDIDATE_KEEP_CURRENT_PENDING,needs_review,USDA adayı reddedilsin; doğru kaynak tekrar aranmalı Lif/şeker/sodyum placeholder sıfır; gerçek değerler eklenmeli.,REJECT_USDA_CANDIDATE_KEEP_CURRENT_PENDING | candidate_quality=bad_candidate_keyword | fiber_100g_zero_placeholder | sugar_100g_zero_placeholder | sodium_mg_100g_zero_placeholder
15,Nohut (Haşlanmış),Baklagil,251,13.4,40.5,3.9,USDA_RELATED_BUT_VALUES_DIFFER_REVIEW,needs_review,USDA adayını elle kontrol et; pişmiş/çiğ farkını netleştir Lif/şeker/sodyum placeholder sıfır; gerçek değerler eklenmeli.,USDA_RELATED_BUT_VALUES_DIFFER_REVIEW | candidate_quality=likely_related | fiber_likely_placeholder_zero | fiber_100g_zero_placeholder | sugar_100g_zero_placeholder | sodium_mg_100g_zero_placeholder
16,Badem,Kuruyemiş,8,0.3,0.3,0.6,USDA_RELATED_BUT_VALUES_DIFFER_REVIEW,needs_review,USDA adayını elle kontrol et; pişmiş/çiğ farkını netleştir Lif/şeker/sodyum placeholder sıfır; gerçek değerler eklenmeli.,USDA_RELATED_BUT_VALUES_DIFFER_REVIEW | candidate_quality=likely_related | portion_grams_extreme(1.2) | fiber_100g_zero_placeholder | sugar_100g_zero_placeholder | sodium_mg_100g_zero_placeholder
17,Ispanak (Çiğ),Sebze,12,1.2,1.4,0.2,USDA_RELATED_BUT_VALUES_DIFFER_REVIEW,needs_review,USDA adayını elle kontrol et; pişmiş/çiğ farkını netleştir Lif/şeker/sodyum placeholder sıfır; gerçek değerler eklenmeli.,USDA_RELATED_BUT_VALUES_DIFFER_REVIEW | candidate_quality=likely_related | fiber_100g_zero_placeholder | sugar_100g_zero_placeholder | sodium_mg_100g_zero_placeholder
18,Tatlı Patates,Sebze,105,1.9,24,0.1,REJECT_USDA_CANDIDATE_KEEP_CURRENT_PENDING,needs_review,USDA adayı reddedilsin; doğru kaynak tekrar aranmalı Lif/şeker/sodyum placeholder sıfır; gerçek değerler eklenmeli.,REJECT_USDA_CANDIDATE_KEEP_CURRENT_PENDING | candidate_quality=bad_candidate_keyword | fiber_likely_placeholder_zero | fiber_100g_zero_placeholder | sugar_100g_zero_placeholder | sodium_mg_100g_zero_placeholder
21,Simit,Tahıl & Ekmek,283,9,55,3,RECIPE_OR_TURKISH_MEAL_NEEDS_MANUAL_SOURCE,needs_review,TÜRKOMP/tarif hesabı gerekir Lif/şeker/sodyum placeholder sıfır; gerçek değerler eklenmeli.,RECIPE_OR_TURKISH_MEAL_NEEDS_MANUAL_SOURCE | candidate_quality=no_candidate | fiber_likely_placeholder_zero | fiber_100g_zero_placeholder | sugar_100g_zero_placeholder | sodium_mg_100g_zero_placeholder
23,Menemen,Yemek,297,14,13,21,RECIPE_OR_TURKISH_MEAL_NEEDS_MANUAL_SOURCE,needs_review,TÜRKOMP/tarif hesabı gerekir Lif/şeker/sodyum placeholder sıfır; gerçek değerler eklenmeli.,RECIPE_OR_TURKISH_MEAL_NEEDS_MANUAL_SOURCE | candidate_quality=no_candidate | fiber_100g_zero_placeholder | sugar_100g_zero_placeholder | sodium_mg_100g_zero_placeholder
25,Poğaça (Peynirli),Tahıl & Ekmek,290,7.6,36,12.8,RECIPE_OR_TURKISH_MEAL_NEEDS_MANUAL_SOURCE,needs_review,Kategori düzelt + değer kontrol Kategori düzeltildi; besin değerleri değişmedi. Lif/şeker/sodyum placeholder sıfır; gerçek değerler eklenmeli.,RECIPE_OR_TURKISH_MEAL_NEEDS_MANUAL_SOURCE | candidate_quality=no_candidate | category_mismatch: Süt Ürünleri -> Tahıl & Ekmek | fiber_100g_zero_placeholder | sugar_100g_zero_placeholder | sodium_mg_100g_zero_placeholder
26,Döner (Tavuk),Et & Tavuk,225,33,4.5,8.3,RECIPE_OR_TURKISH_MEAL_NEEDS_MANUAL_SOURCE,needs_review,TÜRKOMP/tarif hesabı gerekir Lif/şeker/sodyum placeholder sıfır; gerçek değerler eklenmeli.,RECIPE_OR_TURKISH_MEAL_NEEDS_MANUAL_SOURCE | candidate_quality=no_candidate | fiber_100g_zero_placeholder | sugar_100g_zero_placeholder | sodium_mg_100g_zero_placeholder
27,Döner (Et),Et & Tavuk,342,29.4,4.2,23.1,RECIPE_OR_TURKISH_MEAL_NEEDS_MANUAL_SOURCE,needs_review,TÜRKOMP/tarif hesabı gerekir Lif/şeker/sodyum placeholder sıfır; gerçek değerler eklenmeli.,RECIPE_OR_TURKISH_MEAL_NEEDS_MANUAL_SOURCE | candidate_quality=no_candidate | fiber_100g_zero_placeholder | sugar_100g_zero_placeholder | sodium_mg_100g_zero_placeholder
28,Lahmacun,Yemek,256,13,33,8,RECIPE_OR_TURKISH_MEAL_NEEDS_MANUAL_SOURCE,needs_review,TÜRKOMP/tarif hesabı gerekir Lif/şeker/sodyum placeholder sıfır; gerçek değerler eklenmeli.,RECIPE_OR_TURKISH_MEAL_NEEDS_MANUAL_SOURCE | candidate_quality=no_candidate | fiber_100g_zero_placeholder | sugar_100g_zero_placeholder | sodium_mg_100g_zero_placeholder
29,Pide (Kaşarlı),Tahıl & Ekmek,700,31.3,87.5,25,RECIPE_OR_TURKISH_MEAL_NEEDS_MANUAL_SOURCE,needs_review,TÜRKOMP/tarif hesabı gerekir Lif/şeker/sodyum placeholder sıfır; gerçek değerler eklenmeli.,RECIPE_OR_TURKISH_MEAL_NEEDS_MANUAL_SOURCE | candidate_quality=no_candidate | fiber_likely_placeholder_zero | fiber_100g_zero_placeholder | sugar_100g_zero_placeholder | sodium_mg_100g_zero_placeholder
30,"Börek (Peynirli, Fırın)",Tahıl & Ekmek,265,9.4,25.9,13.8,RECIPE_OR_TURKISH_MEAL_NEEDS_MANUAL_SOURCE,needs_review,Kategori düzelt + değer kontrol Kategori düzeltildi; besin değerleri değişmedi. Lif/şeker/sodyum placeholder sıfır; gerçek değerler eklenmeli.,RECIPE_OR_TURKISH_MEAL_NEEDS_MANUAL_SOURCE | candidate_quality=no_candidate | category_mismatch: Süt Ürünleri -> Tahıl & Ekmek | fiber_100g_zero_placeholder | sugar_100g_zero_placeholder | sodium_mg_100g_zero_placeholder
31,Mantı,Yemek,555,28.5,73.8,16.2,RECIPE_OR_TURKISH_MEAL_NEEDS_MANUAL_SOURCE,needs_review,TÜRKOMP/tarif hesabı gerekir Lif/şeker/sodyum placeholder sıfır; gerçek değerler eklenmeli.,RECIPE_OR_TURKISH_MEAL_NEEDS_MANUAL_SOURCE | candidate_quality=bad_candidate_keyword | fiber_100g_zero_placeholder | sugar_100g_zero_placeholder | sodium_mg_100g_zero_placeholder
32,İskender Kebap,Et & Tavuk,723,49,53,35,RECIPE_OR_TURKISH_MEAL_NEEDS_MANUAL_SOURCE,needs_review,TÜRKOMP/tarif hesabı gerekir Lif/şeker/sodyum placeholder sıfır; gerçek değerler eklenmeli.,RECIPE_OR_TURKISH_MEAL_NEEDS_MANUAL_SOURCE | candidate_quality=no_candidate | fiber_100g_zero_placeholder | sugar_100g_zero_placeholder | sodium_mg_100g_zero_placeholder
33,Bulgur Pilavı,Tahıl & Ekmek,308,11.2,60,2.6,RECIPE_OR_TURKISH_MEAL_NEEDS_MANUAL_SOURCE,needs_review,TÜRKOMP/tarif hesabı gerekir Lif/şeker/sodyum placeholder sıfır; gerçek değerler eklenmeli.,RECIPE_OR_TURKISH_MEAL_NEEDS_MANUAL_SOURCE | candidate_quality=no_candidate | fiber_likely_placeholder_zero | fiber_100g_zero_placeholder | sugar_100g_zero_placeholder | sodium_mg_100g_zero_placeholder
35,Domates Çorbası,Çorba,123,4,20,3,RECIPE_OR_TURKISH_MEAL_NEEDS_MANUAL_SOURCE,needs_review,TÜRKOMP/tarif hesabı gerekir Lif/şeker/sodyum placeholder sıfır; gerçek değerler eklenmeli.,RECIPE_OR_TURKISH_MEAL_NEEDS_MANUAL_SOURCE | candidate_quality=likely_related | fiber_100g_zero_placeholder | sugar_100g_zero_placeholder | sodium_mg_100g_zero_placeholder
36,Tavuk Çorbası,Çorba,38,4.5,2,1.3,RECIPE_OR_TURKISH_MEAL_NEEDS_MANUAL_SOURCE,needs_review,TÜRKOMP/tarif hesabı gerekir Lif/şeker/sodyum placeholder sıfır; gerçek değerler eklenmeli.,RECIPE_OR_TURKISH_MEAL_NEEDS_MANUAL_SOURCE | candidate_quality=likely_related | fiber_100g_zero_placeholder | sugar_100g_zero_placeholder | sodium_mg_100g_zero_placeholder
37,Ayran,İçecek,89,5,6,5,REJECT_USDA_CANDIDATE_KEEP_CURRENT_PENDING,needs_review,Kategori düzelt + değer kontrol Kategori düzeltildi; besin değerleri değişmedi. Lif/şeker/sodyum placeholder sıfır; gerçek değerler eklenmeli.,REJECT_USDA_CANDIDATE_KEEP_CURRENT_PENDING | candidate_quality=bad_candidate_keyword | category_mismatch: Süt Ürünleri -> İçecek | fiber_100g_zero_placeholder | sugar_100g_zero_placeholder | sodium_mg_100g_zero_placeholder
40,Tost (Kaşarlı),Tahıl & Ekmek,435,19.5,42,21,RECIPE_OR_TURKISH_MEAL_NEEDS_MANUAL_SOURCE,needs_review,TÜRKOMP/tarif hesabı gerekir Lif/şeker/sodyum placeholder sıfır; gerçek değerler eklenmeli.,RECIPE_OR_TURKISH_MEAL_NEEDS_MANUAL_SOURCE | candidate_quality=no_candidate | fiber_likely_placeholder_zero | fiber_100g_zero_placeholder | sugar_100g_zero_placeholder | sodium_mg_100g_zero_placeholder
41,Karnıyarık,Yemek,245,15.6,19.6,11.6,RECIPE_OR_TURKISH_MEAL_NEEDS_MANUAL_SOURCE,needs_review,TÜRKOMP/tarif hesabı gerekir Lif/şeker/sodyum placeholder sıfır; gerçek değerler eklenmeli.,RECIPE_OR_TURKISH_MEAL_NEEDS_MANUAL_SOURCE | candidate_quality=no_candidate | fiber_100g_zero_placeholder | sugar_100g_zero_placeholder | sodium_mg_100g_zero_placeholder
45,Elma,Meyve,104,0.5,24.8,0.3,REJECT_USDA_CANDIDATE_KEEP_CURRENT_PENDING,needs_review,USDA adayı reddedilsin; doğru kaynak tekrar aranmalı Lif/şeker/sodyum placeholder sıfır; gerçek değerler eklenmeli.,REJECT_USDA_CANDIDATE_KEEP_CURRENT_PENDING | candidate_quality=bad_candidate_keyword | sugar_likely_placeholder_zero; fiber_likely_placeholder_zero | fiber_100g_zero_placeholder | sugar_100g_zero_placeholder | sodium_mg_100g_zero_placeholder
46,Muz,Meyve,118,1.3,27.4,0.4,REJECT_USDA_CANDIDATE_KEEP_CURRENT_PENDING,needs_review,USDA adayı reddedilsin; doğru kaynak tekrar aranmalı Lif/şeker/sodyum placeholder sıfır; gerçek değerler eklenmeli.,REJECT_USDA_CANDIDATE_KEEP_CURRENT_PENDING | candidate_quality=bad_candidate_keyword | sugar_likely_placeholder_zero; fiber_likely_placeholder_zero | fiber_100g_zero_placeholder | sugar_100g_zero_placeholder | sodium_mg_100g_zero_placeholder
47,Çiğ Köfte (Ev Yapımı),Et & Tavuk,266,7.5,42,7.5,RECIPE_OR_TURKISH_MEAL_NEEDS_MANUAL_SOURCE,needs_review,TÜRKOMP/tarif hesabı gerekir Lif/şeker/sodyum placeholder sıfır; gerçek değerler eklenmeli.,RECIPE_OR_TURKISH_MEAL_NEEDS_MANUAL_SOURCE | candidate_quality=no_candidate | fiber_100g_zero_placeholder | sugar_100g_zero_placeholder | sodium_mg_100g_zero_placeholder
49,Portakal,Meyve,79,1.4,18,0.2,REJECT_USDA_CANDIDATE_KEEP_CURRENT_PENDING,needs_review,USDA adayı reddedilsin; doğru kaynak tekrar aranmalı Lif/şeker/sodyum placeholder sıfır; gerçek değerler eklenmeli.,REJECT_USDA_CANDIDATE_KEEP_CURRENT_PENDING | candidate_quality=bad_candidate_keyword | sugar_likely_placeholder_zero; fiber_likely_placeholder_zero | fiber_100g_zero_placeholder | sugar_100g_zero_placeholder | sodium_mg_100g_zero_placeholder
52,Üzüm,Meyve,115,1,27,0.3,REJECT_USDA_CANDIDATE_KEEP_CURRENT_PENDING,needs_review,USDA adayı reddedilsin; doğru kaynak tekrar aranmalı Lif/şeker/sodyum placeholder sıfır; gerçek değerler eklenmeli.,REJECT_USDA_CANDIDATE_KEEP_CURRENT_PENDING | candidate_quality=bad_candidate_keyword | sugar_likely_placeholder_zero; fiber_likely_placeholder_zero | fiber_100g_zero_placeholder | sugar_100g_zero_placeholder | sodium_mg_100g_zero_placeholder
53,Karpuz,Meyve,69,1.2,15.2,0.4,REJECT_USDA_CANDIDATE_KEEP_CURRENT_PENDING,needs_review,USDA adayı reddedilsin; doğru kaynak tekrar aranmalı Lif/şeker/sodyum placeholder sıfır; gerçek değerler eklenmeli.,REJECT_USDA_CANDIDATE_KEEP_CURRENT_PENDING | candidate_quality=bad_candidate_keyword | sugar_likely_placeholder_zero; fiber_likely_placeholder_zero | fiber_100g_zero_placeholder | sugar_100g_zero_placeholder | sodium_mg_100g_zero_placeholder
55,Armut,Meyve,107,0.7,25.5,0.2,REJECT_USDA_CANDIDATE_KEEP_CURRENT_PENDING,needs_review,USDA adayı reddedilsin; doğru kaynak tekrar aranmalı Lif/şeker/sodyum placeholder sıfır; gerçek değerler eklenmeli.,REJECT_USDA_CANDIDATE_KEEP_CURRENT_PENDING | candidate_quality=bad_candidate_keyword | sugar_likely_placeholder_zero; fiber_likely_placeholder_zero | fiber_100g_zero_placeholder | sugar_100g_zero_placeholder | sodium_mg_100g_zero_placeholder
56,Kiraz,Meyve,106,1.7,24,0.3,REJECT_USDA_CANDIDATE_KEEP_CURRENT_PENDING,needs_review,USDA adayı reddedilsin; doğru kaynak tekrar aranmalı Lif/şeker/sodyum placeholder sıfır; gerçek değerler eklenmeli.,REJECT_USDA_CANDIDATE_KEEP_CURRENT_PENDING | candidate_quality=bad_candidate_keyword | sugar_likely_placeholder_zero; fiber_likely_placeholder_zero | fiber_100g_zero_placeholder | sugar_100g_zero_placeholder | sodium_mg_100g_zero_placeholder
57,Erik,Meyve,33,0.5,7.4,0.2,REJECT_USDA_CANDIDATE_KEEP_CURRENT_PENDING,needs_review,USDA adayı reddedilsin; doğru kaynak tekrar aranmalı Lif/şeker/sodyum placeholder sıfır; gerçek değerler eklenmeli.,REJECT_USDA_CANDIDATE_KEEP_CURRENT_PENDING | candidate_quality=bad_candidate_keyword | sugar_likely_placeholder_zero; fiber_likely_placeholder_zero | fiber_100g_zero_placeholder | sugar_100g_zero_placeholder | sodium_mg_100g_zero_placeholder
61,Ananas,Meyve,55,0.5,13.1,0.1,REJECT_USDA_CANDIDATE_KEEP_CURRENT_PENDING,needs_review,USDA adayı reddedilsin; doğru kaynak tekrar aranmalı Lif/şeker/sodyum placeholder sıfır; gerçek değerler eklenmeli.,REJECT_USDA_CANDIDATE_KEEP_CURRENT_PENDING | candidate_quality=bad_candidate_keyword | sugar_likely_placeholder_zero; fiber_likely_placeholder_zero | fiber_100g_zero_placeholder | sugar_100g_zero_placeholder | sodium_mg_100g_zero_placeholder
64,Greyfurt,Meyve,71,1.2,16,0.2,REJECT_USDA_CANDIDATE_KEEP_CURRENT_PENDING,needs_review,USDA adayı reddedilsin; doğru kaynak tekrar aranmalı Lif/şeker/sodyum placeholder sıfır; gerçek değerler eklenmeli.,REJECT_USDA_CANDIDATE_KEEP_CURRENT_PENDING | candidate_quality=bad_candidate_keyword | sugar_likely_placeholder_zero; fiber_likely_placeholder_zero | fiber_100g_zero_placeholder | sugar_100g_zero_placeholder | sodium_mg_100g_zero_placeholder
65,Domates,Sebze,25,1.1,4.7,0.2,REJECT_USDA_CANDIDATE_KEEP_CURRENT_PENDING,needs_review,USDA adayı reddedilsin; doğru kaynak tekrar aranmalı Lif/şeker/sodyum placeholder sıfır; gerçek değerler eklenmeli.,REJECT_USDA_CANDIDATE_KEEP_CURRENT_PENDING | candidate_quality=bad_candidate_keyword | fiber_100g_zero_placeholder | sugar_100g_zero_placeholder | sodium_mg_100g_zero_placeholder
66,Salatalık,Sebze,36,1.4,7.2,0.2,RECIPE_OR_TURKISH_MEAL_NEEDS_MANUAL_SOURCE,needs_review,TÜRKOMP/tarif hesabı gerekir Lif/şeker/sodyum placeholder sıfır; gerçek değerler eklenmeli.,RECIPE_OR_TURKISH_MEAL_NEEDS_MANUAL_SOURCE | candidate_quality=bad_candidate_keyword | fiber_100g_zero_placeholder | sugar_100g_zero_placeholder | sodium_mg_100g_zero_placeholder
68,Havuç,Sebze,26,0.5,5.8,0.1,REJECT_USDA_CANDIDATE_KEEP_CURRENT_PENDING,needs_review,USDA adayı reddedilsin; doğru kaynak tekrar aranmalı Lif/şeker/sodyum placeholder sıfır; gerçek değerler eklenmeli.,REJECT_USDA_CANDIDATE_KEEP_CURRENT_PENDING | candidate_quality=bad_candidate_keyword | fiber_likely_placeholder_zero | fiber_100g_zero_placeholder | sugar_100g_zero_placeholder | sodium_mg_100g_zero_placeholder
71,Kabak,Sebze,40,2.4,6.2,0.6,NO_CANDIDATE_KEEP_CURRENT_PENDING,needs_review,"Eski ad ""Kabak (Havuç)"" belirsizdi; kabak olarak düzeltildi, makrolar kaynakla doğrulanmalı. DÜZELTME ÖNCELİĞİ YÜKSEK Lif/şeker/sodyum placeholder sıfır; gerçek değerler eklenmeli.",NO_CANDIDATE_KEEP_CURRENT_PENDING | candidate_quality=no_candidate | İsim hatalı/karışmış görünüyor: kabak mı havuç mu belli değil. | fiber_100g_zero_placeholder | sugar_100g_zero_placeholder | sodium_mg_100g_zero_placeholder
73,Biber (Dolmalık),Sebze,24,0.9,4.6,0.2,RECIPE_OR_TURKISH_MEAL_NEEDS_MANUAL_SOURCE,needs_review,TÜRKOMP/tarif hesabı gerekir Lif/şeker/sodyum placeholder sıfır; gerçek değerler eklenmeli.,RECIPE_OR_TURKISH_MEAL_NEEDS_MANUAL_SOURCE | candidate_quality=likely_related | fiber_100g_zero_placeholder | sugar_100g_zero_placeholder | sodium_mg_100g_zero_placeholder
75,Mantar (Beyaz),Sebze,28,3.1,3.3,0.3,USDA_RELATED_BUT_VALUES_DIFFER_REVIEW,needs_review,USDA adayını elle kontrol et; pişmiş/çiğ farkını netleştir Lif/şeker/sodyum placeholder sıfır; gerçek değerler eklenmeli.,USDA_RELATED_BUT_VALUES_DIFFER_REVIEW | candidate_quality=likely_related | fiber_100g_zero_placeholder | sugar_100g_zero_placeholder | sodium_mg_100g_zero_placeholder
87,Hamsi (Kızartma),Balık & Deniz,205,22,0,13,RECIPE_OR_TURKISH_MEAL_NEEDS_MANUAL_SOURCE,needs_review,TÜRKOMP/tarif hesabı gerekir Lif/şeker/sodyum placeholder sıfır; gerçek değerler eklenmeli.,RECIPE_OR_TURKISH_MEAL_NEEDS_MANUAL_SOURCE | candidate_quality=no_candidate | fiber_100g_zero_placeholder | sugar_100g_zero_placeholder | sodium_mg_100g_zero_placeholder
89,Adana Kebap,Et & Tavuk,374,33,3,25.5,RECIPE_OR_TURKISH_MEAL_NEEDS_MANUAL_SOURCE,needs_review,TÜRKOMP/tarif hesabı gerekir Lif/şeker/sodyum placeholder sıfır; gerçek değerler eklenmeli.,RECIPE_OR_TURKISH_MEAL_NEEDS_MANUAL_SOURCE | candidate_quality=no_candidate | fiber_100g_zero_placeholder | sugar_100g_zero_placeholder | sodium_mg_100g_zero_placeholder
90,Şiş Kebap (Kuzu),Et & Tavuk,326,36,1.5,19.5,RECIPE_OR_TURKISH_MEAL_NEEDS_MANUAL_SOURCE,needs_review,TÜRKOMP/tarif hesabı gerekir Lif/şeker/sodyum placeholder sıfır; gerçek değerler eklenmeli.,RECIPE_OR_TURKISH_MEAL_NEEDS_MANUAL_SOURCE | candidate_quality=no_candidate | fiber_100g_zero_placeholder | sugar_100g_zero_placeholder | sodium_mg_100g_zero_placeholder
91,Pastırma,Et & Tavuk,36,4.4,0.2,2,USDA_RELATED_BUT_VALUES_DIFFER_REVIEW,needs_review,USDA adayını elle kontrol et; pişmiş/çiğ farkını netleştir Lif/şeker/sodyum placeholder sıfır; gerçek değerler eklenmeli.,USDA_RELATED_BUT_VALUES_DIFFER_REVIEW | candidate_quality=likely_related | fiber_100g_zero_placeholder | sugar_100g_zero_placeholder | sodium_mg_100g_zero_placeholder
96,Süzme Yoğurt,Süt Ürünleri,149,15,5.4,7.5,USDA_RELATED_BUT_VALUES_DIFFER_REVIEW,needs_review,USDA adayını elle kontrol et; pişmiş/çiğ farkını netleştir Lif/şeker/sodyum placeholder sıfır; gerçek değerler eklenmeli.,USDA_RELATED_BUT_VALUES_DIFFER_REVIEW | candidate_quality=likely_related | fiber_100g_zero_placeholder | sugar_100g_zero_placeholder | sodium_mg_100g_zero_placeholder
97,Tereyağı,Süt Ürünleri,73,0.1,0,8.1,REJECT_USDA_CANDIDATE_KEEP_CURRENT_PENDING,needs_review,USDA adayı reddedilsin; doğru kaynak tekrar aranmalı Lif/şeker/sodyum placeholder sıfır; gerçek değerler eklenmeli.,REJECT_USDA_CANDIDATE_KEEP_CURRENT_PENDING | candidate_quality=bad_candidate_keyword | fiber_100g_zero_placeholder | sugar_100g_zero_placeholder | sodium_mg_100g_zero_placeholder
103,Mısır Gevreği,Kahvaltılık,160,3.6,33.6,1.2,REJECT_USDA_CANDIDATE_KEEP_CURRENT_PENDING,needs_review,Kategori düzelt + değer kontrol Kategori düzeltildi; besin değerleri değişmedi. Lif/şeker/sodyum placeholder sıfır; gerçek değerler eklenmeli.,REJECT_USDA_CANDIDATE_KEEP_CURRENT_PENDING | candidate_quality=bad_candidate_keyword | fiber_likely_placeholder_zero | category_mismatch: Sebze -> Kahvaltılık | fiber_100g_zero_placeholder | sugar_100g_zero_placeholder | sodium_mg_100g_zero_placeholder
107,Fıstık,Kuruyemiş,31,1.3,0.8,2.5,REJECT_USDA_CANDIDATE_KEEP_CURRENT_PENDING,needs_review,USDA adayı reddedilsin; doğru kaynak tekrar aranmalı Lif/şeker/sodyum placeholder sıfır; gerçek değerler eklenmeli.,REJECT_USDA_CANDIDATE_KEEP_CURRENT_PENDING | candidate_quality=bad_candidate_keyword | fiber_100g_zero_placeholder | sugar_100g_zero_placeholder | sodium_mg_100g_zero_placeholder
112,Yaprak Sarma,Yemek,44,1,6.3,1.6,RECIPE_OR_TURKISH_MEAL_NEEDS_MANUAL_SOURCE,needs_review,TÜRKOMP/tarif hesabı gerekir Lif/şeker/sodyum placeholder sıfır; gerçek değerler eklenmeli.,RECIPE_OR_TURKISH_MEAL_NEEDS_MANUAL_SOURCE | candidate_quality=no_candidate | fiber_100g_zero_placeholder | sugar_100g_zero_placeholder | sodium_mg_100g_zero_placeholder
113,Dolma (Biber),Sebze,162,3.8,18,8.3,RECIPE_OR_TURKISH_MEAL_NEEDS_MANUAL_SOURCE,needs_review,TÜRKOMP/tarif hesabı gerekir Lif/şeker/sodyum placeholder sıfır; gerçek değerler eklenmeli.,RECIPE_OR_TURKISH_MEAL_NEEDS_MANUAL_SOURCE | candidate_quality=no_candidate | fiber_likely_placeholder_zero | fiber_100g_zero_placeholder | sugar_100g_zero_placeholder | sodium_mg_100g_zero_placeholder
116,Ezogelin Çorbası,Çorba,154,7.5,22.5,3.8,RECIPE_OR_TURKISH_MEAL_NEEDS_MANUAL_SOURCE,needs_review,TÜRKOMP/tarif hesabı gerekir Lif/şeker/sodyum placeholder sıfır; gerçek değerler eklenmeli.,RECIPE_OR_TURKISH_MEAL_NEEDS_MANUAL_SOURCE | candidate_quality=no_candidate | fiber_100g_zero_placeholder | sugar_100g_zero_placeholder | sodium_mg_100g_zero_placeholder
117,Tarhana Çorbası,Çorba,132,6.3,20,3,RECIPE_OR_TURKISH_MEAL_NEEDS_MANUAL_SOURCE,needs_review,TÜRKOMP/tarif hesabı gerekir Lif/şeker/sodyum placeholder sıfır; gerçek değerler eklenmeli.,RECIPE_OR_TURKISH_MEAL_NEEDS_MANUAL_SOURCE | candidate_quality=no_candidate | fiber_100g_zero_placeholder | sugar_100g_zero_placeholder | sodium_mg_100g_zero_placeholder
118,İşkembe Çorbası,Çorba,122,11.3,5,6.3,RECIPE_OR_TURKISH_MEAL_NEEDS_MANUAL_SOURCE,needs_review,TÜRKOMP/tarif hesabı gerekir Lif/şeker/sodyum placeholder sıfır; gerçek değerler eklenmeli.,RECIPE_OR_TURKISH_MEAL_NEEDS_MANUAL_SOURCE | candidate_quality=no_candidate | fiber_100g_zero_placeholder | sugar_100g_zero_placeholder | sodium_mg_100g_zero_placeholder
119,Pilav Üstü Döner (Tavuk),Et & Tavuk,651,52.5,63,21,RECIPE_OR_TURKISH_MEAL_NEEDS_MANUAL_SOURCE,needs_review,TÜRKOMP/tarif hesabı gerekir Lif/şeker/sodyum placeholder sıfır; gerçek değerler eklenmeli.,RECIPE_OR_TURKISH_MEAL_NEEDS_MANUAL_SOURCE | candidate_quality=no_candidate | fiber_100g_zero_placeholder | sugar_100g_zero_placeholder | sodium_mg_100g_zero_placeholder
120,Kokoreç,Et & Tavuk,477,27,4.5,39,RECIPE_OR_TURKISH_MEAL_NEEDS_MANUAL_SOURCE,needs_review,TÜRKOMP/tarif hesabı gerekir Kategori düzeltildi; besin değerleri değişmedi. Lif/şeker/sodyum placeholder sıfır; gerçek değerler eklenmeli.,RECIPE_OR_TURKISH_MEAL_NEEDS_MANUAL_SOURCE | candidate_quality=no_candidate | fiber_100g_zero_placeholder | sugar_100g_zero_placeholder | sodium_mg_100g_zero_placeholder
121,Midye Dolma,Balık & Deniz,94,6,5,5.5,RECIPE_OR_TURKISH_MEAL_NEEDS_MANUAL_SOURCE,needs_review,TÜRKOMP/tarif hesabı gerekir Lif/şeker/sodyum placeholder sıfır; gerçek değerler eklenmeli.,RECIPE_OR_TURKISH_MEAL_NEEDS_MANUAL_SOURCE | candidate_quality=no_candidate | fiber_100g_zero_placeholder | sugar_100g_zero_placeholder | sodium_mg_100g_zero_placeholder
122,Mercimek Köftesi,Et & Tavuk,240,10.5,36,6,RECIPE_OR_TURKISH_MEAL_NEEDS_MANUAL_SOURCE,needs_review,TÜRKOMP/tarif hesabı gerekir Lif/şeker/sodyum placeholder sıfır; gerçek değerler eklenmeli.,RECIPE_OR_TURKISH_MEAL_NEEDS_MANUAL_SOURCE | candidate_quality=no_candidate | fiber_100g_zero_placeholder | sugar_100g_zero_placeholder | sodium_mg_100g_zero_placeholder
123,Pide (Kıymalı),Tahıl & Ekmek,730,35,80,30,RECIPE_OR_TURKISH_MEAL_NEEDS_MANUAL_SOURCE,needs_review,TÜRKOMP/tarif hesabı gerekir Lif/şeker/sodyum placeholder sıfır; gerçek değerler eklenmeli.,RECIPE_OR_TURKISH_MEAL_NEEDS_MANUAL_SOURCE | candidate_quality=no_candidate | fiber_likely_placeholder_zero | fiber_100g_zero_placeholder | sugar_100g_zero_placeholder | sodium_mg_100g_zero_placeholder
125,Revani,Tatlı,338,5,48,14,RECIPE_OR_TURKISH_MEAL_NEEDS_MANUAL_SOURCE,needs_review,TÜRKOMP/tarif hesabı gerekir Lif/şeker/sodyum placeholder sıfır; gerçek değerler eklenmeli.,RECIPE_OR_TURKISH_MEAL_NEEDS_MANUAL_SOURCE | candidate_quality=no_candidate | sugar_likely_placeholder_zero | fiber_100g_zero_placeholder | sugar_100g_zero_placeholder | sodium_mg_100g_zero_placeholder
126,Sütlaç,Tatlı,217,7,36,5,RECIPE_OR_TURKISH_MEAL_NEEDS_MANUAL_SOURCE,needs_review,Kategori düzelt + değer kontrol Kategori düzeltildi; besin değerleri değişmedi. Lif/şeker/sodyum placeholder sıfır; gerçek değerler eklenmeli.,RECIPE_OR_TURKISH_MEAL_NEEDS_MANUAL_SOURCE | candidate_quality=no_candidate | sugar_likely_placeholder_zero | category_mismatch: Süt Ürünleri -> Tatlı | fiber_100g_zero_placeholder | sugar_100g_zero_placeholder | sodium_mg_100g_zero_placeholder
127,Aşure,Tatlı,295,7.5,55,5,RECIPE_OR_TURKISH_MEAL_NEEDS_MANUAL_SOURCE,needs_review,TÜRKOMP/tarif hesabı gerekir Lif/şeker/sodyum placeholder sıfır; gerçek değerler eklenmeli.,RECIPE_OR_TURKISH_MEAL_NEEDS_MANUAL_SOURCE | candidate_quality=no_candidate | sugar_likely_placeholder_zero | fiber_100g_zero_placeholder | sugar_100g_zero_placeholder | sodium_mg_100g_zero_placeholder
128,Helva (Tahin),Tatlı,276,6,27,16,RECIPE_OR_TURKISH_MEAL_NEEDS_MANUAL_SOURCE,needs_review,TÜRKOMP/tarif hesabı gerekir Lif/şeker/sodyum placeholder sıfır; gerçek değerler eklenmeli.,RECIPE_OR_TURKISH_MEAL_NEEDS_MANUAL_SOURCE | candidate_quality=no_candidate | sugar_likely_placeholder_zero | fiber_100g_zero_placeholder | sugar_100g_zero_placeholder | sodium_mg_100g_zero_placeholder
129,Lokum,Tatlı,39,0,9.8,0,RECIPE_OR_TURKISH_MEAL_NEEDS_MANUAL_SOURCE,needs_review,TÜRKOMP/tarif hesabı gerekir Lif/şeker/sodyum placeholder sıfır; gerçek değerler eklenmeli.,RECIPE_OR_TURKISH_MEAL_NEEDS_MANUAL_SOURCE | candidate_quality=no_candidate | sugar_likely_placeholder_zero | fiber_100g_zero_placeholder | sugar_100g_zero_placeholder | sodium_mg_100g_zero_placeholder
135,Sosis (Dana),Et & Tavuk,239,9.6,1.6,21.6,REJECT_USDA_CANDIDATE_KEEP_CURRENT_PENDING,needs_review,USDA adayı reddedilsin; doğru kaynak tekrar aranmalı Lif/şeker/sodyum placeholder sıfır; gerçek değerler eklenmeli.,REJECT_USDA_CANDIDATE_KEEP_CURRENT_PENDING | candidate_quality=bad_candidate_keyword | fiber_100g_zero_placeholder | sugar_100g_zero_placeholder | sodium_mg_100g_zero_placeholder
138,Kısır,Yemek,309,9,48,9,RECIPE_OR_TURKISH_MEAL_NEEDS_MANUAL_SOURCE,needs_review,TÜRKOMP/tarif hesabı gerekir Lif/şeker/sodyum placeholder sıfır; gerçek değerler eklenmeli.,RECIPE_OR_TURKISH_MEAL_NEEDS_MANUAL_SOURCE | candidate_quality=no_candidate | fiber_100g_zero_placeholder | sugar_100g_zero_placeholder | sodium_mg_100g_zero_placeholder
140,Soya Sütü,Süt Ürünleri,131,7.9,15.1,4.3,USDA_RELATED_BUT_VALUES_DIFFER_REVIEW,needs_review,USDA adayını elle kontrol et; pişmiş/çiğ farkını netleştir Lif/şeker/sodyum placeholder sıfır; gerçek değerler eklenmeli.,USDA_RELATED_BUT_VALUES_DIFFER_REVIEW | candidate_quality=likely_related | sugar_likely_placeholder_zero | fiber_100g_zero_placeholder | sugar_100g_zero_placeholder | sodium_mg_100g_zero_placeholder
141,Şeftali,Meyve,59,1.4,14,0.4,REJECT_USDA_CANDIDATE_KEEP_CURRENT_PENDING,needs_review,Kategori düzelt + değer kontrol Kategori düzeltildi; besin değerleri değişmedi. Lif/şeker/sodyum placeholder sıfır; gerçek değerler eklenmeli.,REJECT_USDA_CANDIDATE_KEEP_CURRENT_PENDING | candidate_quality=bad_candidate_keyword | category_mismatch: Genel -> Meyve | fiber_100g_zero_placeholder | sugar_100g_zero_placeholder | sodium_mg_100g_zero_placeholder
142,Ayva,Meyve,57,0.4,15,0.2,USDA_RELATED_BUT_VALUES_DIFFER_REVIEW,needs_review,Kategori düzelt + değer kontrol Kategori düzeltildi; besin değerleri değişmedi. Lif/şeker/sodyum placeholder sıfır; gerçek değerler eklenmeli.,USDA_RELATED_BUT_VALUES_DIFFER_REVIEW | candidate_quality=likely_related | category_mismatch: Genel -> Meyve | fiber_100g_zero_placeholder | sugar_100g_zero_placeholder | sodium_mg_100g_zero_placeholder
143,Limon,Meyve,17,0.6,5.4,0.2,CANDIDATE_WRONG_AND_CURRENT_SUSPICIOUS,needs_review,Limon makroları ve USDA eşleşmesi kaynakla doğrulanmalı. DÜZELTME ÖNCELİĞİ YÜKSEK Kategori düzeltildi; besin değerleri değişmedi. Lif/şeker/sodyum placeholder sıfır; gerçek değerler eklenmeli.,CANDIDATE_WRONG_AND_CURRENT_SUSPICIOUS | candidate_quality=bad_candidate_keyword | Önceki raporda current değer/makro uyumsuzluğu ve yanlış USDA adayı vardı. | fiber_100g_zero_placeholder | sugar_100g_zero_placeholder | sodium_mg_100g_zero_placeholder
144,Vişne,Meyve,50,1,12,0.3,REJECT_USDA_CANDIDATE_KEEP_CURRENT_PENDING,needs_review,Kategori düzelt + değer kontrol Kategori düzeltildi; besin değerleri değişmedi. Lif/şeker/sodyum placeholder sıfır; gerçek değerler eklenmeli.,REJECT_USDA_CANDIDATE_KEEP_CURRENT_PENDING | candidate_quality=bad_candidate_keyword | category_mismatch: Genel -> Meyve | fiber_100g_zero_placeholder | sugar_100g_zero_placeholder | sodium_mg_100g_zero_placeholder
145,Böğürtlen,Meyve,43,1.4,10,0.5,REJECT_USDA_CANDIDATE_KEEP_CURRENT_PENDING,needs_review,Kategori düzelt + değer kontrol Kategori düzeltildi; besin değerleri değişmedi. Lif/şeker/sodyum placeholder sıfır; gerçek değerler eklenmeli.,REJECT_USDA_CANDIDATE_KEEP_CURRENT_PENDING | candidate_quality=bad_candidate_keyword | category_mismatch: Genel -> Meyve | fiber_100g_zero_placeholder | sugar_100g_zero_placeholder | sodium_mg_100g_zero_placeholder
146,Ahududu,Meyve,52,1.2,12,0.7,REJECT_USDA_CANDIDATE_KEEP_CURRENT_PENDING,needs_review,Kategori düzelt + değer kontrol Kategori düzeltildi; besin değerleri değişmedi. Lif/şeker/sodyum placeholder sıfır; gerçek değerler eklenmeli.,REJECT_USDA_CANDIDATE_KEEP_CURRENT_PENDING | candidate_quality=bad_candidate_keyword | category_mismatch: Genel -> Meyve | fiber_100g_zero_placeholder | sugar_100g_zero_placeholder | sodium_mg_100g_zero_placeholder
147,Dut (Taze),Meyve,43,1.4,10,0.4,NO_CANDIDATE_KEEP_CURRENT_PENDING,needs_review,Kategori düzelt + değer kontrol Kategori düzeltildi; besin değerleri değişmedi. Lif/şeker/sodyum placeholder sıfır; gerçek değerler eklenmeli.,NO_CANDIDATE_KEEP_CURRENT_PENDING | candidate_quality=no_candidate | category_mismatch: Genel -> Meyve | fiber_100g_zero_placeholder | sugar_100g_zero_placeholder | sodium_mg_100g_zero_placeholder
148,Mango,Meyve,99,1.4,25,0.6,REJECT_USDA_CANDIDATE_KEEP_CURRENT_PENDING,needs_review,Kategori düzelt + değer kontrol Kategori düzeltildi; besin değerleri değişmedi. Lif/şeker/sodyum placeholder sıfır; gerçek değerler eklenmeli.,REJECT_USDA_CANDIDATE_KEEP_CURRENT_PENDING | candidate_quality=bad_candidate_keyword | category_mismatch: Genel -> Meyve | fiber_100g_zero_placeholder | sugar_100g_zero_placeholder | sodium_mg_100g_zero_placeholder
149,Papaya,Meyve,59,0.9,15,0.4,REJECT_USDA_CANDIDATE_KEEP_CURRENT_PENDING,needs_review,Kategori düzelt + değer kontrol Kategori düzeltildi; besin değerleri değişmedi. Lif/şeker/sodyum placeholder sıfır; gerçek değerler eklenmeli.,REJECT_USDA_CANDIDATE_KEEP_CURRENT_PENDING | candidate_quality=bad_candidate_keyword | category_mismatch: Genel -> Meyve | fiber_100g_zero_placeholder | sugar_100g_zero_placeholder | sodium_mg_100g_zero_placeholder
150,Kayısı (Kuru),Meyve,48,0.7,12.5,0.1,NO_CANDIDATE_KEEP_CURRENT_PENDING,needs_review,Kategori düzelt + değer kontrol Kategori düzeltildi; besin değerleri değişmedi. Lif/şeker/sodyum placeholder sıfır; gerçek değerler eklenmeli.,NO_CANDIDATE_KEEP_CURRENT_PENDING | candidate_quality=no_candidate | category_mismatch: Genel -> Meyve | fiber_100g_zero_placeholder | sugar_100g_zero_placeholder | sodium_mg_100g_zero_placeholder
151,Kuru Üzüm,Meyve,129,1.3,34,0.2,LIKELY_OK_OR_USDA_CLOSE,needs_review,Kategori düzelt + değer kontrol Kategori düzeltildi; besin değerleri değişmedi. Lif/şeker/sodyum placeholder sıfır; gerçek değerler eklenmeli.,LIKELY_OK_OR_USDA_CLOSE | candidate_quality=likely_related | category_mismatch: Genel -> Meyve | fiber_100g_zero_placeholder | sugar_100g_zero_placeholder | sodium_mg_100g_zero_placeholder
152,Soğan (Çiğ),Sebze,40,1.1,9.3,0.1,USDA_RELATED_BUT_VALUES_DIFFER_REVIEW,needs_review,Kategori düzelt + değer kontrol Kategori düzeltildi; besin değerleri değişmedi. Lif/şeker/sodyum placeholder sıfır; gerçek değerler eklenmeli.,USDA_RELATED_BUT_VALUES_DIFFER_REVIEW | candidate_quality=likely_related | category_mismatch: Genel -> Sebze | fiber_100g_zero_placeholder | sugar_100g_zero_placeholder | sodium_mg_100g_zero_placeholder
153,Sarımsak,Sebze,13,0.6,3,0,USDA_RELATED_BUT_VALUES_DIFFER_REVIEW,needs_review,Sarımsak porsiyon/makro değerleri USDA ile doğrulanmalı. DÜZELTME ÖNCELİĞİ YÜKSEK Kategori düzeltildi; besin değerleri değişmedi. Lif/şeker/sodyum placeholder sıfır; gerçek değerler eklenmeli.,USDA_RELATED_BUT_VALUES_DIFFER_REVIEW | candidate_quality=likely_related | macro_weight_over_105g(120.0); portion_grams_extreme(3.0) | category_mismatch: Genel -> Sebze | 100g makroları imkansız: protein 20g + karbonhidrat 100g = 120g; değer değişmeli. | fiber_100g_zero_placeholder | sugar_100g_zero_placeholder | sodium_mg_100g_zero_placeholder
154,Lahana (Beyaz),Sebze,25,1.3,5.8,0.1,LIKELY_OK_OR_USDA_CLOSE,needs_review,Kategori düzelt + değer kontrol Kategori düzeltildi; besin değerleri değişmedi. Lif/şeker/sodyum placeholder sıfır; gerçek değerler eklenmeli.,LIKELY_OK_OR_USDA_CLOSE | candidate_quality=likely_related | category_mismatch: Genel -> Sebze | fiber_100g_zero_placeholder | sugar_100g_zero_placeholder | sodium_mg_100g_zero_placeholder
156,Pırasa,Sebze,54,1.3,12.6,0.3,LIKELY_OK_OR_USDA_CLOSE,needs_review,Kategori düzelt + değer kontrol Kategori düzeltildi; besin değerleri değişmedi. Lif/şeker/sodyum placeholder sıfır; gerçek değerler eklenmeli.,LIKELY_OK_OR_USDA_CLOSE | candidate_quality=likely_related | category_mismatch: Genel -> Sebze | fiber_100g_zero_placeholder | sugar_100g_zero_placeholder | sodium_mg_100g_zero_placeholder
157,Enginar,Sebze,53,3.3,11.8,0.2,LIKELY_OK_OR_USDA_CLOSE,needs_review,Kategori düzelt + değer kontrol Kategori düzeltildi; besin değerleri değişmedi. Lif/şeker/sodyum placeholder sıfır; gerçek değerler eklenmeli.,LIKELY_OK_OR_USDA_CLOSE | candidate_quality=likely_related | category_mismatch: Genel -> Sebze | fiber_100g_zero_placeholder | sugar_100g_zero_placeholder | sodium_mg_100g_zero_placeholder
158,Bamya (Haşlanmış),Sebze,33,2,7.5,0.2,NO_CANDIDATE_KEEP_CURRENT_PENDING,needs_review,Kategori düzelt + değer kontrol Kategori düzeltildi; besin değerleri değişmedi. Lif/şeker/sodyum placeholder sıfır; gerçek değerler eklenmeli.,NO_CANDIDATE_KEEP_CURRENT_PENDING | candidate_quality=no_candidate | category_mismatch: Genel -> Sebze | fiber_100g_zero_placeholder | sugar_100g_zero_placeholder | sodium_mg_100g_zero_placeholder
159,Semizotu,Sebze,20,2,3.4,0.4,LIKELY_OK_OR_USDA_CLOSE,needs_review,Kategori düzelt + değer kontrol Kategori düzeltildi; besin değerleri değişmedi. Lif/şeker/sodyum placeholder sıfır; gerçek değerler eklenmeli.,LIKELY_OK_OR_USDA_CLOSE | candidate_quality=likely_related | category_mismatch: Genel -> Sebze | fiber_100g_zero_placeholder | sugar_100g_zero_placeholder | sodium_mg_100g_zero_placeholder
160,Taze Fasulye,Baklagil,31,1.8,7,0.1,REJECT_USDA_CANDIDATE_KEEP_CURRENT_PENDING,needs_review,USDA adayı reddedilsin; doğru kaynak tekrar aranmalı Lif/şeker/sodyum placeholder sıfır; gerçek değerler eklenmeli.,REJECT_USDA_CANDIDATE_KEEP_CURRENT_PENDING | candidate_quality=bad_candidate_keyword | fiber_likely_placeholder_zero | fiber_100g_zero_placeholder | sugar_100g_zero_placeholder | sodium_mg_100g_zero_placeholder
161,Barbunya (Haşlanmış),Baklagil,127,8.7,22.8,0.5,NO_CANDIDATE_KEEP_CURRENT_PENDING,needs_review,Kategori düzelt + değer kontrol Kategori düzeltildi; besin değerleri değişmedi. Lif/şeker/sodyum placeholder sıfır; gerçek değerler eklenmeli.,NO_CANDIDATE_KEEP_CURRENT_PENDING | candidate_quality=no_candidate | category_mismatch: Genel -> Baklagil | fiber_100g_zero_placeholder | sugar_100g_zero_placeholder | sodium_mg_100g_zero_placeholder
162,Patlıcan Kızartma,Sebze,320,4,18,26,RECIPE_OR_TURKISH_MEAL_NEEDS_MANUAL_SOURCE,needs_review,TÜRKOMP/tarif hesabı gerekir Lif/şeker/sodyum placeholder sıfır; gerçek değerler eklenmeli.,RECIPE_OR_TURKISH_MEAL_NEEDS_MANUAL_SOURCE | candidate_quality=no_candidate | fiber_likely_placeholder_zero | fiber_100g_zero_placeholder | sugar_100g_zero_placeholder | sodium_mg_100g_zero_placeholder
163,Biber (Çiğ),Sebze,31,1,7,0.3,REJECT_USDA_CANDIDATE_KEEP_CURRENT_PENDING,needs_review,USDA adayı reddedilsin; doğru kaynak tekrar aranmalı Lif/şeker/sodyum placeholder sıfır; gerçek değerler eklenmeli.,REJECT_USDA_CANDIDATE_KEEP_CURRENT_PENDING | candidate_quality=bad_candidate_keyword | fiber_likely_placeholder_zero | fiber_100g_zero_placeholder | sugar_100g_zero_placeholder | sodium_mg_100g_zero_placeholder
164,Karnabahar Kızartma,Sebze,180,5,14,12,RECIPE_OR_TURKISH_MEAL_NEEDS_MANUAL_SOURCE,needs_review,TÜRKOMP/tarif hesabı gerekir Lif/şeker/sodyum placeholder sıfır; gerçek değerler eklenmeli.,RECIPE_OR_TURKISH_MEAL_NEEDS_MANUAL_SOURCE | candidate_quality=no_candidate | fiber_likely_placeholder_zero | fiber_100g_zero_placeholder | sugar_100g_zero_placeholder | sodium_mg_100g_zero_placeholder
165,Patates Kızartması,Sebze,365,4,48,17,RECIPE_OR_TURKISH_MEAL_NEEDS_MANUAL_SOURCE,needs_review,TÜRKOMP/tarif hesabı gerekir Lif/şeker/sodyum placeholder sıfır; gerçek değerler eklenmeli.,RECIPE_OR_TURKISH_MEAL_NEEDS_MANUAL_SOURCE | candidate_quality=likely_related | fiber_likely_placeholder_zero | fiber_100g_zero_placeholder | sugar_100g_zero_placeholder | sodium_mg_100g_zero_placeholder
172,Yoğurt (Yarım Yağlı),Süt Ürünleri,77,4.3,5.6,3.8,NO_CANDIDATE_KEEP_CURRENT_PENDING,needs_review,Kaynak bulunana kadar pending kalsın Lif/şeker/sodyum placeholder sıfır; gerçek değerler eklenmeli.,NO_CANDIDATE_KEEP_CURRENT_PENDING | candidate_quality=no_candidate | fiber_100g_zero_placeholder | sugar_100g_zero_placeholder | sodium_mg_100g_zero_placeholder
174,Sahanda Yumurta,Yumurta,196,13,1,15,RECIPE_OR_TURKISH_MEAL_NEEDS_MANUAL_SOURCE,needs_review,Kategori düzelt + değer kontrol Kategori düzeltildi; besin değerleri değişmedi. Lif/şeker/sodyum placeholder sıfır; gerçek değerler eklenmeli.,RECIPE_OR_TURKISH_MEAL_NEEDS_MANUAL_SOURCE | candidate_quality=no_candidate | category_mismatch: Genel -> Yumurta | fiber_100g_zero_placeholder | sugar_100g_zero_placeholder | sodium_mg_100g_zero_placeholder
175,Sucuklu Yumurta,Et & Tavuk,380,20,2,32,RECIPE_OR_TURKISH_MEAL_NEEDS_MANUAL_SOURCE,needs_review,TÜRKOMP/tarif hesabı gerekir Lif/şeker/sodyum placeholder sıfır; gerçek değerler eklenmeli.,RECIPE_OR_TURKISH_MEAL_NEEDS_MANUAL_SOURCE | candidate_quality=no_candidate | fiber_100g_zero_placeholder | sugar_100g_zero_placeholder | sodium_mg_100g_zero_placeholder
176,Et Sote,Et & Tavuk,285,28,6,16,RECIPE_OR_TURKISH_MEAL_NEEDS_MANUAL_SOURCE,needs_review,TÜRKOMP/tarif hesabı gerekir Lif/şeker/sodyum placeholder sıfır; gerçek değerler eklenmeli.,RECIPE_OR_TURKISH_MEAL_NEEDS_MANUAL_SOURCE | candidate_quality=no_candidate | fiber_100g_zero_placeholder | sugar_100g_zero_placeholder | sodium_mg_100g_zero_placeholder
177,Tas Kebabı,Et & Tavuk,340,26,12,22,NO_CANDIDATE_KEEP_CURRENT_PENDING,needs_review,Kategori düzelt + değer kontrol Kategori düzeltildi; besin değerleri değişmedi. Lif/şeker/sodyum placeholder sıfır; gerçek değerler eklenmeli.,NO_CANDIDATE_KEEP_CURRENT_PENDING | candidate_quality=no_candidate | category_mismatch: Genel -> Et & Tavuk | fiber_100g_zero_placeholder | sugar_100g_zero_placeholder | sodium_mg_100g_zero_placeholder
178,Musakka,Yemek,320,14,22,20,RECIPE_OR_TURKISH_MEAL_NEEDS_MANUAL_SOURCE,needs_review,Kategori düzelt + değer kontrol Kategori düzeltildi; besin değerleri değişmedi. Lif/şeker/sodyum placeholder sıfır; gerçek değerler eklenmeli.,RECIPE_OR_TURKISH_MEAL_NEEDS_MANUAL_SOURCE | candidate_quality=no_candidate | category_mismatch: Genel -> Yemek | fiber_100g_zero_placeholder | sugar_100g_zero_placeholder | sodium_mg_100g_zero_placeholder
179,Etli Güveç,Yemek,310,24,18,16,RECIPE_OR_TURKISH_MEAL_NEEDS_MANUAL_SOURCE,needs_review,Kategori düzelt + değer kontrol Kategori düzeltildi; besin değerleri değişmedi. Lif/şeker/sodyum placeholder sıfır; gerçek değerler eklenmeli.,RECIPE_OR_TURKISH_MEAL_NEEDS_MANUAL_SOURCE | candidate_quality=no_candidate | category_mismatch: Genel -> Yemek | fiber_100g_zero_placeholder | sugar_100g_zero_placeholder | sodium_mg_100g_zero_placeholder
180,Köfte (Ev Yapımı),Et & Tavuk,280,22,8,18,RECIPE_OR_TURKISH_MEAL_NEEDS_MANUAL_SOURCE,needs_review,TÜRKOMP/tarif hesabı gerekir Lif/şeker/sodyum placeholder sıfır; gerçek değerler eklenmeli.,RECIPE_OR_TURKISH_MEAL_NEEDS_MANUAL_SOURCE | candidate_quality=no_candidate | fiber_100g_zero_placeholder | sugar_100g_zero_placeholder | sodium_mg_100g_zero_placeholder
181,Ciğer (Kızartma),Et & Tavuk,330,26,10,20,RECIPE_OR_TURKISH_MEAL_NEEDS_MANUAL_SOURCE,needs_review,Kategori düzelt + değer kontrol Kategori düzeltildi; besin değerleri değişmedi. Lif/şeker/sodyum placeholder sıfır; gerçek değerler eklenmeli.,RECIPE_OR_TURKISH_MEAL_NEEDS_MANUAL_SOURCE | candidate_quality=no_candidate | category_mismatch: Genel -> Et & Tavuk | fiber_100g_zero_placeholder | sugar_100g_zero_placeholder | sodium_mg_100g_zero_placeholder
182,Salam,Et & Tavuk,152,6,1,14,USDA_RELATED_BUT_VALUES_DIFFER_REVIEW,needs_review,Kategori düzelt + değer kontrol Kategori düzeltildi; besin değerleri değişmedi. Lif/şeker/sodyum placeholder sıfır; gerçek değerler eklenmeli.,USDA_RELATED_BUT_VALUES_DIFFER_REVIEW | candidate_quality=likely_related | category_mismatch: Genel -> Et & Tavuk | fiber_100g_zero_placeholder | sugar_100g_zero_placeholder | sodium_mg_100g_zero_placeholder
183,Jambon,Et & Tavuk,46,5.5,0.5,2.5,REJECT_USDA_CANDIDATE_KEEP_CURRENT_PENDING,needs_review,Kategori düzelt + değer kontrol Kategori düzeltildi; besin değerleri değişmedi. Lif/şeker/sodyum placeholder sıfır; gerçek değerler eklenmeli.,REJECT_USDA_CANDIDATE_KEEP_CURRENT_PENDING | candidate_quality=bad_candidate_keyword | category_mismatch: Genel -> Et & Tavuk | fiber_100g_zero_placeholder | sugar_100g_zero_placeholder | sodium_mg_100g_zero_placeholder
185,Şehriye (Haşlanmış),Tahıl & Ekmek,157,5.8,30.9,0.9,RECIPE_OR_TURKISH_MEAL_NEEDS_MANUAL_SOURCE,needs_review,Kategori düzelt + değer kontrol Kategori düzeltildi; besin değerleri değişmedi. Lif/şeker/sodyum placeholder sıfır; gerçek değerler eklenmeli.,RECIPE_OR_TURKISH_MEAL_NEEDS_MANUAL_SOURCE | candidate_quality=no_candidate | category_mismatch: Genel -> Tahıl & Ekmek | fiber_100g_zero_placeholder | sugar_100g_zero_placeholder | sodium_mg_100g_zero_placeholder
187,Bulgur Köftesi,Et & Tavuk,210,6,36,5,RECIPE_OR_TURKISH_MEAL_NEEDS_MANUAL_SOURCE,needs_review,TÜRKOMP/tarif hesabı gerekir Lif/şeker/sodyum placeholder sıfır; gerçek değerler eklenmeli.,RECIPE_OR_TURKISH_MEAL_NEEDS_MANUAL_SOURCE | candidate_quality=no_candidate | fiber_100g_zero_placeholder | sugar_100g_zero_placeholder | sodium_mg_100g_zero_placeholder
188,Kırmızı Mercimek (Haşlanmış),Baklagil,116,9,20,0.4,NO_CANDIDATE_KEEP_CURRENT_PENDING,needs_review,Kaynak bulunana kadar pending kalsın Lif/şeker/sodyum placeholder sıfır; gerçek değerler eklenmeli.,NO_CANDIDATE_KEEP_CURRENT_PENDING | candidate_quality=no_candidate | fiber_likely_placeholder_zero | fiber_100g_zero_placeholder | sugar_100g_zero_placeholder | sodium_mg_100g_zero_placeholder
189,Yeşil Mercimek (Haşlanmış),Baklagil,116,9,20,0.4,NO_CANDIDATE_KEEP_CURRENT_PENDING,needs_review,Kaynak bulunana kadar pending kalsın Lif/şeker/sodyum placeholder sıfır; gerçek değerler eklenmeli.,NO_CANDIDATE_KEEP_CURRENT_PENDING | candidate_quality=no_candidate | fiber_likely_placeholder_zero | fiber_100g_zero_placeholder | sugar_100g_zero_placeholder | sodium_mg_100g_zero_placeholder
190,Barbunya Pilaki,Yemek,220,8,32,7,RECIPE_OR_TURKISH_MEAL_NEEDS_MANUAL_SOURCE,needs_review,Kategori düzelt + değer kontrol Kategori düzeltildi; besin değerleri değişmedi. Lif/şeker/sodyum placeholder sıfır; gerçek değerler eklenmeli.,RECIPE_OR_TURKISH_MEAL_NEEDS_MANUAL_SOURCE | candidate_quality=no_candidate | category_mismatch: Genel -> Yemek | fiber_100g_zero_placeholder | sugar_100g_zero_placeholder | sodium_mg_100g_zero_placeholder
191,Nohut Yemeği,Baklagil,260,12,36,8,RECIPE_OR_TURKISH_MEAL_NEEDS_MANUAL_SOURCE,needs_review,TÜRKOMP/tarif hesabı gerekir Lif/şeker/sodyum placeholder sıfır; gerçek değerler eklenmeli.,RECIPE_OR_TURKISH_MEAL_NEEDS_MANUAL_SOURCE | candidate_quality=no_candidate | fiber_likely_placeholder_zero | fiber_100g_zero_placeholder | sugar_100g_zero_placeholder | sodium_mg_100g_zero_placeholder
192,Bamya Yemeği,Yemek,180,4,20,9,RECIPE_OR_TURKISH_MEAL_NEEDS_MANUAL_SOURCE,needs_review,Kategori düzelt + değer kontrol Kategori düzeltildi; besin değerleri değişmedi. Lif/şeker/sodyum placeholder sıfır; gerçek değerler eklenmeli.,RECIPE_OR_TURKISH_MEAL_NEEDS_MANUAL_SOURCE | candidate_quality=no_candidate | category_mismatch: Genel -> Yemek | fiber_100g_zero_placeholder | sugar_100g_zero_placeholder | sodium_mg_100g_zero_placeholder
193,Mücver,Yemek,240,8,18,16,RECIPE_OR_TURKISH_MEAL_NEEDS_MANUAL_SOURCE,needs_review,Kategori düzelt + değer kontrol Kategori düzeltildi; besin değerleri değişmedi. Lif/şeker/sodyum placeholder sıfır; gerçek değerler eklenmeli.,RECIPE_OR_TURKISH_MEAL_NEEDS_MANUAL_SOURCE | candidate_quality=no_candidate | category_mismatch: Genel -> Yemek | fiber_100g_zero_placeholder | sugar_100g_zero_placeholder | sodium_mg_100g_zero_placeholder
194,Patates Salatası,Sebze,180,3,24,8,RECIPE_OR_TURKISH_MEAL_NEEDS_MANUAL_SOURCE,needs_review,TÜRKOMP/tarif hesabı gerekir Lif/şeker/sodyum placeholder sıfır; gerçek değerler eklenmeli.,RECIPE_OR_TURKISH_MEAL_NEEDS_MANUAL_SOURCE | candidate_quality=likely_related | fiber_likely_placeholder_zero | fiber_100g_zero_placeholder | sugar_100g_zero_placeholder | sodium_mg_100g_zero_placeholder
195,Çoban Salata,Sebze,85,2,10,4,RECIPE_OR_TURKISH_MEAL_NEEDS_MANUAL_SOURCE,needs_review,Kategori düzelt + değer kontrol Kategori düzeltildi; besin değerleri değişmedi. Lif/şeker/sodyum placeholder sıfır; gerçek değerler eklenmeli.,RECIPE_OR_TURKISH_MEAL_NEEDS_MANUAL_SOURCE | candidate_quality=no_candidate | category_mismatch: Genel -> Sebze | fiber_100g_zero_placeholder | sugar_100g_zero_placeholder | sodium_mg_100g_zero_placeholder
196,Piyaz,Yemek,220,10,28,8,RECIPE_OR_TURKISH_MEAL_NEEDS_MANUAL_SOURCE,needs_review,Kategori düzelt + değer kontrol Kategori düzeltildi; besin değerleri değişmedi. Lif/şeker/sodyum placeholder sıfır; gerçek değerler eklenmeli.,RECIPE_OR_TURKISH_MEAL_NEEDS_MANUAL_SOURCE | candidate_quality=no_candidate | category_mismatch: Genel -> Yemek | fiber_100g_zero_placeholder | sugar_100g_zero_placeholder | sodium_mg_100g_zero_placeholder
197,Falafel,Yemek,57,2.5,5.5,3,RECIPE_OR_TURKISH_MEAL_NEEDS_MANUAL_SOURCE,needs_review,Kategori düzelt + değer kontrol Kategori düzeltildi; besin değerleri değişmedi. Lif/şeker/sodyum placeholder sıfır; gerçek değerler eklenmeli.,RECIPE_OR_TURKISH_MEAL_NEEDS_MANUAL_SOURCE | candidate_quality=likely_related | category_mismatch: Genel -> Yemek | fiber_100g_zero_placeholder | sugar_100g_zero_placeholder | sodium_mg_100g_zero_placeholder
198,Lahana Sarması,Sebze,120,5,14,5,RECIPE_OR_TURKISH_MEAL_NEEDS_MANUAL_SOURCE,needs_review,TÜRKOMP/tarif hesabı gerekir Kategori düzeltildi; besin değerleri değişmedi. Lif/şeker/sodyum placeholder sıfır; gerçek değerler eklenmeli.,RECIPE_OR_TURKISH_MEAL_NEEDS_MANUAL_SOURCE | candidate_quality=no_candidate | fiber_100g_zero_placeholder | sugar_100g_zero_placeholder | sodium_mg_100g_zero_placeholder
199,Ispanak Yemeği,Sebze,140,5,10,9,RECIPE_OR_TURKISH_MEAL_NEEDS_MANUAL_SOURCE,needs_review,TÜRKOMP/tarif hesabı gerekir Lif/şeker/sodyum placeholder sıfır; gerçek değerler eklenmeli.,RECIPE_OR_TURKISH_MEAL_NEEDS_MANUAL_SOURCE | candidate_quality=no_candidate | fiber_100g_zero_placeholder | sugar_100g_zero_placeholder | sodium_mg_100g_zero_placeholder
200,Fırın Makarna,Tahıl & Ekmek,420,16,52,16,NO_CANDIDATE_KEEP_CURRENT_PENDING,needs_review,Kaynak bulunana kadar pending kalsın Lif/şeker/sodyum placeholder sıfır; gerçek değerler eklenmeli.,NO_CANDIDATE_KEEP_CURRENT_PENDING | candidate_quality=no_candidate | fiber_likely_placeholder_zero | fiber_100g_zero_placeholder | sugar_100g_zero_placeholder | sodium_mg_100g_zero_placeholder
201,Balık Tava,Balık & Deniz,320,24,18,18,RECIPE_OR_TURKISH_MEAL_NEEDS_MANUAL_SOURCE,needs_review,TÜRKOMP/tarif hesabı gerekir Lif/şeker/sodyum placeholder sıfır; gerçek değerler eklenmeli.,RECIPE_OR_TURKISH_MEAL_NEEDS_MANUAL_SOURCE | candidate_quality=no_candidate | sugar_likely_placeholder_zero | fiber_100g_zero_placeholder | sugar_100g_zero_placeholder | sodium_mg_100g_zero_placeholder
202,Midye Tava,Balık & Deniz,280,14,22,16,RECIPE_OR_TURKISH_MEAL_NEEDS_MANUAL_SOURCE,needs_review,TÜRKOMP/tarif hesabı gerekir Lif/şeker/sodyum placeholder sıfır; gerçek değerler eklenmeli.,RECIPE_OR_TURKISH_MEAL_NEEDS_MANUAL_SOURCE | candidate_quality=no_candidate | fiber_100g_zero_placeholder | sugar_100g_zero_placeholder | sodium_mg_100g_zero_placeholder
203,Kumpir,Yemek,450,12,58,18,RECIPE_OR_TURKISH_MEAL_NEEDS_MANUAL_SOURCE,needs_review,Kategori düzelt + değer kontrol Kategori düzeltildi; besin değerleri değişmedi. Lif/şeker/sodyum placeholder sıfır; gerçek değerler eklenmeli.,RECIPE_OR_TURKISH_MEAL_NEEDS_MANUAL_SOURCE | candidate_quality=no_candidate | category_mismatch: Genel -> Yemek | fiber_100g_zero_placeholder | sugar_100g_zero_placeholder | sodium_mg_100g_zero_placeholder
204,Dürüm (Tavuk),Et & Tavuk,480,28,48,18,RECIPE_OR_TURKISH_MEAL_NEEDS_MANUAL_SOURCE,needs_review,TÜRKOMP/tarif hesabı gerekir Lif/şeker/sodyum placeholder sıfır; gerçek değerler eklenmeli.,RECIPE_OR_TURKISH_MEAL_NEEDS_MANUAL_SOURCE | candidate_quality=no_candidate | fiber_100g_zero_placeholder | sugar_100g_zero_placeholder | sodium_mg_100g_zero_placeholder
205,Yayla Çorbası,Çorba,145,5,18,6,RECIPE_OR_TURKISH_MEAL_NEEDS_MANUAL_SOURCE,needs_review,TÜRKOMP/tarif hesabı gerekir Lif/şeker/sodyum placeholder sıfır; gerçek değerler eklenmeli.,RECIPE_OR_TURKISH_MEAL_NEEDS_MANUAL_SOURCE | candidate_quality=no_candidate | fiber_100g_zero_placeholder | sugar_100g_zero_placeholder | sodium_mg_100g_zero_placeholder
206,Şehriye Çorbası,Çorba,130,4,20,4,RECIPE_OR_TURKISH_MEAL_NEEDS_MANUAL_SOURCE,needs_review,TÜRKOMP/tarif hesabı gerekir Lif/şeker/sodyum placeholder sıfır; gerçek değerler eklenmeli.,RECIPE_OR_TURKISH_MEAL_NEEDS_MANUAL_SOURCE | candidate_quality=no_candidate | fiber_100g_zero_placeholder | sugar_100g_zero_placeholder | sodium_mg_100g_zero_placeholder
207,Düğün Çorbası,Çorba,160,8,14,8,RECIPE_OR_TURKISH_MEAL_NEEDS_MANUAL_SOURCE,needs_review,TÜRKOMP/tarif hesabı gerekir Lif/şeker/sodyum placeholder sıfır; gerçek değerler eklenmeli.,RECIPE_OR_TURKISH_MEAL_NEEDS_MANUAL_SOURCE | candidate_quality=no_candidate | fiber_100g_zero_placeholder | sugar_100g_zero_placeholder | sodium_mg_100g_zero_placeholder
208,Brokoli Çorbası,Çorba,110,5,12,5,RECIPE_OR_TURKISH_MEAL_NEEDS_MANUAL_SOURCE,needs_review,TÜRKOMP/tarif hesabı gerekir Lif/şeker/sodyum placeholder sıfır; gerçek değerler eklenmeli.,RECIPE_OR_TURKISH_MEAL_NEEDS_MANUAL_SOURCE | candidate_quality=no_candidate | fiber_100g_zero_placeholder | sugar_100g_zero_placeholder | sodium_mg_100g_zero_placeholder
209,Yüksük Çorbası,Çorba,155,6,22,5,RECIPE_OR_TURKISH_MEAL_NEEDS_MANUAL_SOURCE,needs_review,TÜRKOMP/tarif hesabı gerekir Lif/şeker/sodyum placeholder sıfır; gerçek değerler eklenmeli.,RECIPE_OR_TURKISH_MEAL_NEEDS_MANUAL_SOURCE | candidate_quality=no_candidate | fiber_100g_zero_placeholder | sugar_100g_zero_placeholder | sodium_mg_100g_zero_placeholder
210,Tahin Pekmez,Kahvaltılık,196,4,28,8,RECIPE_OR_TURKISH_MEAL_NEEDS_MANUAL_SOURCE,needs_review,Kategori düzelt + değer kontrol Kategori düzeltildi; besin değerleri değişmedi. Lif/şeker/sodyum placeholder sıfır; gerçek değerler eklenmeli.,RECIPE_OR_TURKISH_MEAL_NEEDS_MANUAL_SOURCE | candidate_quality=no_candidate | category_mismatch: Genel -> Kahvaltılık | fiber_100g_zero_placeholder | sugar_100g_zero_placeholder | sodium_mg_100g_zero_placeholder
211,Krep,Tahıl & Ekmek,180,6,24,7,RECIPE_OR_TURKISH_MEAL_NEEDS_MANUAL_SOURCE,needs_review,TÜRKOMP/tarif hesabı gerekir Kategori düzeltildi; besin değerleri değişmedi. Lif/şeker/sodyum placeholder sıfır; gerçek değerler eklenmeli.,RECIPE_OR_TURKISH_MEAL_NEEDS_MANUAL_SOURCE | candidate_quality=unclear | fiber_100g_zero_placeholder | sugar_100g_zero_placeholder | sodium_mg_100g_zero_placeholder
212,Waffle,Tahıl & Ekmek,291,7,38,12,RECIPE_OR_TURKISH_MEAL_NEEDS_MANUAL_SOURCE,needs_review,TÜRKOMP/tarif hesabı gerekir Kategori düzeltildi; besin değerleri değişmedi. Lif/şeker/sodyum placeholder sıfır; gerçek değerler eklenmeli.,RECIPE_OR_TURKISH_MEAL_NEEDS_MANUAL_SOURCE | candidate_quality=likely_related | fiber_100g_zero_placeholder | sugar_100g_zero_placeholder | sodium_mg_100g_zero_placeholder
213,Poğaça (Zeytinli),Tahıl & Ekmek,280,6,32,14,RECIPE_OR_TURKISH_MEAL_NEEDS_MANUAL_SOURCE,needs_review,TÜRKOMP/tarif hesabı gerekir Lif/şeker/sodyum placeholder sıfır; gerçek değerler eklenmeli.,RECIPE_OR_TURKISH_MEAL_NEEDS_MANUAL_SOURCE | candidate_quality=no_candidate | fiber_likely_placeholder_zero | fiber_100g_zero_placeholder | sugar_100g_zero_placeholder | sodium_mg_100g_zero_placeholder
214,Ayçiçek Yağı,Yağ & Sos,90,0,0,10,REJECT_USDA_CANDIDATE_KEEP_CURRENT_PENDING,needs_review,Kategori düzelt + değer kontrol Kategori düzeltildi; besin değerleri değişmedi. Lif/şeker/sodyum placeholder sıfır; gerçek değerler eklenmeli.,REJECT_USDA_CANDIDATE_KEEP_CURRENT_PENDING | candidate_quality=bad_candidate_keyword | category_mismatch: Genel -> Yağ & Sos | fiber_100g_zero_placeholder | sugar_100g_zero_placeholder | sodium_mg_100g_zero_placeholder
215,Antep Fıstığı,Kuruyemiş,12,0.4,0.5,1,USDA_RELATED_BUT_VALUES_DIFFER_REVIEW,needs_review,Kategori düzelt + değer kontrol Kategori düzeltildi; besin değerleri değişmedi. Lif/şeker/sodyum placeholder sıfır; gerçek değerler eklenmeli.,USDA_RELATED_BUT_VALUES_DIFFER_REVIEW | candidate_quality=likely_related | portion_grams_extreme(2.0) | category_mismatch: Genel -> Kuruyemiş | fiber_100g_zero_placeholder | sugar_100g_zero_placeholder | sodium_mg_100g_zero_placeholder
216,Kaju,Kuruyemiş,157,5,9,12,LIKELY_OK_OR_USDA_CLOSE,needs_review,Kategori düzelt + değer kontrol Kategori düzeltildi; besin değerleri değişmedi. Lif/şeker/sodyum placeholder sıfır; gerçek değerler eklenmeli.,LIKELY_OK_OR_USDA_CLOSE | candidate_quality=likely_related | category_mismatch: Genel -> Kuruyemiş | fiber_100g_zero_placeholder | sugar_100g_zero_placeholder | sodium_mg_100g_zero_placeholder
217,Leblebi,Kuruyemiş,120,6,18,2,NO_CANDIDATE_KEEP_CURRENT_PENDING,needs_review,Kategori düzelt + değer kontrol Kategori düzeltildi; besin değerleri değişmedi. Lif/şeker/sodyum placeholder sıfır; gerçek değerler eklenmeli.,NO_CANDIDATE_KEEP_CURRENT_PENDING | candidate_quality=no_candidate | category_mismatch: Genel -> Kuruyemiş | fiber_100g_zero_placeholder | sugar_100g_zero_placeholder | sodium_mg_100g_zero_placeholder
218,Karışık Kuruyemiş,Kuruyemiş,175,5,6,15,USDA_RELATED_BUT_VALUES_DIFFER_REVIEW,needs_review,Kategori düzelt + değer kontrol Kategori düzeltildi; besin değerleri değişmedi. Lif/şeker/sodyum placeholder sıfır; gerçek değerler eklenmeli.,USDA_RELATED_BUT_VALUES_DIFFER_REVIEW | candidate_quality=likely_related | category_mismatch: Genel -> Kuruyemiş | fiber_100g_zero_placeholder | sugar_100g_zero_placeholder | sodium_mg_100g_zero_placeholder
220,Çikolata (Sütlü),Atıştırmalık,150,2,16,9,LIKELY_OK_OR_USDA_CLOSE,needs_review,Kategori düzelt + değer kontrol Kategori düzeltildi; besin değerleri değişmedi. Lif/şeker/sodyum placeholder sıfır; gerçek değerler eklenmeli.,LIKELY_OK_OR_USDA_CLOSE | candidate_quality=likely_related | sugar_likely_placeholder_zero | category_mismatch: Süt Ürünleri -> Atıştırmalık | fiber_100g_zero_placeholder | sugar_100g_zero_placeholder | sodium_mg_100g_zero_placeholder
221,Gofret,Atıştırmalık,140,2,18,7,LIKELY_OK_OR_USDA_CLOSE,needs_review,Kategori düzelt + değer kontrol Kategori düzeltildi; besin değerleri değişmedi. Lif/şeker/sodyum placeholder sıfır; gerçek değerler eklenmeli.,LIKELY_OK_OR_USDA_CLOSE | candidate_quality=likely_related | category_mismatch: Genel -> Atıştırmalık | fiber_100g_zero_placeholder | sugar_100g_zero_placeholder | sodium_mg_100g_zero_placeholder
222,Cips (Patates),Atıştırmalık,152,2,15,10,NO_CANDIDATE_KEEP_CURRENT_PENDING,needs_review,Kategori düzelt + değer kontrol Kategori düzeltildi; besin değerleri değişmedi. Lif/şeker/sodyum placeholder sıfır; gerçek değerler eklenmeli.,NO_CANDIDATE_KEEP_CURRENT_PENDING | candidate_quality=no_candidate | fiber_likely_placeholder_zero | category_mismatch: Sebze -> Atıştırmalık | fiber_100g_zero_placeholder | sugar_100g_zero_placeholder | sodium_mg_100g_zero_placeholder
223,Kraker,Atıştırmalık,120,3,18,4,REJECT_USDA_CANDIDATE_KEEP_CURRENT_PENDING,needs_review,Kategori düzelt + değer kontrol Kategori düzeltildi; besin değerleri değişmedi. Lif/şeker/sodyum placeholder sıfır; gerçek değerler eklenmeli.,REJECT_USDA_CANDIDATE_KEEP_CURRENT_PENDING | candidate_quality=bad_candidate_keyword | category_mismatch: Genel -> Atıştırmalık | fiber_100g_zero_placeholder | sugar_100g_zero_placeholder | sodium_mg_100g_zero_placeholder
224,Popcorn,Atıştırmalık,93,3,12,4,NO_CANDIDATE_KEEP_CURRENT_PENDING,needs_review,Kategori düzelt + değer kontrol Kategori düzeltildi; besin değerleri değişmedi. Lif/şeker/sodyum placeholder sıfır; gerçek değerler eklenmeli.,NO_CANDIDATE_KEEP_CURRENT_PENDING | candidate_quality=no_candidate | category_mismatch: Genel -> Atıştırmalık | fiber_100g_zero_placeholder | sugar_100g_zero_placeholder | sodium_mg_100g_zero_placeholder
225,Granola Bar,Tahıl & Ekmek,190,4,28,7,USDA_RELATED_BUT_VALUES_DIFFER_REVIEW,needs_review,USDA adayını elle kontrol et; pişmiş/çiğ farkını netleştir Lif/şeker/sodyum placeholder sıfır; gerçek değerler eklenmeli.,USDA_RELATED_BUT_VALUES_DIFFER_REVIEW | candidate_quality=likely_related | fiber_likely_placeholder_zero | fiber_100g_zero_placeholder | sugar_100g_zero_placeholder | sodium_mg_100g_zero_placeholder
226,İrmik Helvası,Tatlı,280,4,38,13,RECIPE_OR_TURKISH_MEAL_NEEDS_MANUAL_SOURCE,needs_review,TÜRKOMP/tarif hesabı gerekir Lif/şeker/sodyum placeholder sıfır; gerçek değerler eklenmeli.,RECIPE_OR_TURKISH_MEAL_NEEDS_MANUAL_SOURCE | candidate_quality=no_candidate | sugar_likely_placeholder_zero | fiber_100g_zero_placeholder | sugar_100g_zero_placeholder | sodium_mg_100g_zero_placeholder
229,Peynirli Tost,Tahıl & Ekmek,340,14,36,16,RECIPE_OR_TURKISH_MEAL_NEEDS_MANUAL_SOURCE,needs_review,TÜRKOMP/tarif hesabı gerekir Kategori düzeltildi; besin değerleri değişmedi. Lif/şeker/sodyum placeholder sıfır; gerçek değerler eklenmeli.,RECIPE_OR_TURKISH_MEAL_NEEDS_MANUAL_SOURCE | candidate_quality=no_candidate | fiber_100g_zero_placeholder | sugar_100g_zero_placeholder | sodium_mg_100g_zero_placeholder
230,Sucuklu Pide,Tahıl & Ekmek,680,28,72,32,RECIPE_OR_TURKISH_MEAL_NEEDS_MANUAL_SOURCE,needs_review,TÜRKOMP/tarif hesabı gerekir Kategori düzeltildi; besin değerleri değişmedi. Lif/şeker/sodyum placeholder sıfır; gerçek değerler eklenmeli.,RECIPE_OR_TURKISH_MEAL_NEEDS_MANUAL_SOURCE | candidate_quality=no_candidate | fiber_100g_zero_placeholder | sugar_100g_zero_placeholder | sodium_mg_100g_zero_placeholder
231,Tavuklu Salata,Et & Tavuk,220,24,10,10,RECIPE_OR_TURKISH_MEAL_NEEDS_MANUAL_SOURCE,needs_review,TÜRKOMP/tarif hesabı gerekir Lif/şeker/sodyum placeholder sıfır; gerçek değerler eklenmeli.,RECIPE_OR_TURKISH_MEAL_NEEDS_MANUAL_SOURCE | candidate_quality=no_candidate | fiber_100g_zero_placeholder | sugar_100g_zero_placeholder | sodium_mg_100g_zero_placeholder
232,Ton Salata,Yemek,195,22,8,9,RECIPE_OR_TURKISH_MEAL_NEEDS_MANUAL_SOURCE,needs_review,Kategori düzelt + değer kontrol Kategori düzeltildi; besin değerleri değişmedi. Lif/şeker/sodyum placeholder sıfır; gerçek değerler eklenmeli.,RECIPE_OR_TURKISH_MEAL_NEEDS_MANUAL_SOURCE | candidate_quality=no_candidate | category_mismatch: Genel -> Yemek | fiber_100g_zero_placeholder | sugar_100g_zero_placeholder | sodium_mg_100g_zero_placeholder
233,Mercimek Salatası,Baklagil,180,10,26,5,RECIPE_OR_TURKISH_MEAL_NEEDS_MANUAL_SOURCE,needs_review,TÜRKOMP/tarif hesabı gerekir Lif/şeker/sodyum placeholder sıfır; gerçek değerler eklenmeli.,RECIPE_OR_TURKISH_MEAL_NEEDS_MANUAL_SOURCE | candidate_quality=no_candidate | fiber_likely_placeholder_zero | fiber_100g_zero_placeholder | sugar_100g_zero_placeholder | sodium_mg_100g_zero_placeholder
236,Karnıyarık (Kıymalı),Yemek,340,16,18,24,RECIPE_OR_TURKISH_MEAL_NEEDS_MANUAL_SOURCE,needs_review,TÜRKOMP/tarif hesabı gerekir Lif/şeker/sodyum placeholder sıfır; gerçek değerler eklenmeli.,RECIPE_OR_TURKISH_MEAL_NEEDS_MANUAL_SOURCE | candidate_quality=no_candidate | fiber_100g_zero_placeholder | sugar_100g_zero_placeholder | sodium_mg_100g_zero_placeholder
237,Tavuk Sote,Et & Tavuk,260,32,8,11,RECIPE_OR_TURKISH_MEAL_NEEDS_MANUAL_SOURCE,needs_review,TÜRKOMP/tarif hesabı gerekir Lif/şeker/sodyum placeholder sıfır; gerçek değerler eklenmeli.,RECIPE_OR_TURKISH_MEAL_NEEDS_MANUAL_SOURCE | candidate_quality=no_candidate | fiber_100g_zero_placeholder | sugar_100g_zero_placeholder | sodium_mg_100g_zero_placeholder
238,Balık (Izgara),Balık & Deniz,206,34,0,7,NO_CANDIDATE_KEEP_CURRENT_PENDING,needs_review,Kaynak bulunana kadar pending kalsın Lif/şeker/sodyum placeholder sıfır; gerçek değerler eklenmeli.,NO_CANDIDATE_KEEP_CURRENT_PENDING | candidate_quality=no_candidate | fiber_100g_zero_placeholder | sugar_100g_zero_placeholder | sodium_mg_100g_zero_placeholder
239,Muzlu Süt,İçecek,180,7,28,4,NO_CANDIDATE_KEEP_CURRENT_PENDING,needs_review,Kategori düzelt + değer kontrol Kategori düzeltildi; besin değerleri değişmedi. Lif/şeker/sodyum placeholder sıfır; gerçek değerler eklenmeli.,NO_CANDIDATE_KEEP_CURRENT_PENDING | candidate_quality=no_candidate | sugar_likely_placeholder_zero | category_mismatch: Süt Ürünleri -> İçecek | fiber_100g_zero_placeholder | sugar_100g_zero_placeholder | sodium_mg_100g_zero_placeholder
