food_id,name,category_before,category_after,calories,protein,carbs,fat,issue_type,action_taken,review_status,notes
1,Izgara Köfte,Et & Tavuk,Et & Tavuk,309,27,3,21,none,review_metadata_added,needs_review,TÜRKOMP/tarif hesabı gerekir Lif/şeker/sodyum placeholder sıfır; gerçek değerler eklenmeli.
2,Tavuk Göğsü (Izgara),Et & Tavuk,Et & Tavuk,229,46,0,5,none,review_metadata_added,pending_verification,USDA eşleşmesini elle onayla; uygunsa verified yap Lif/şeker/sodyum placeholder sıfır; gerçek değerler eklenmeli.
3,Yulaf Ezmesi,Tahıl & Ekmek,Tahıl & Ekmek,191,8,33,3,none,review_metadata_added,needs_review,USDA adayı reddedilsin; doğru kaynak tekrar aranmalı Lif/şeker/sodyum placeholder sıfır; gerçek değerler eklenmeli.
4,Mercimek Çorbası,Çorba,Çorba,155,10,22,3,none,review_metadata_added,needs_review,TÜRKOMP/tarif hesabı gerekir Lif/şeker/sodyum placeholder sıfır; gerçek değerler eklenmeli.
5,Tam Buğday Ekmek,Tahıl & Ekmek,Tahıl & Ekmek,85,5,14,1,none,review_metadata_added,pending_verification,Kaynak bulunana kadar pending kalsın Lif/şeker/sodyum placeholder sıfır; gerçek değerler eklenmeli.
6,Haşlanmış Yumurta,Genel,Yumurta,71,6,0.6,5,category_fix,category: Genel -> Yumurta,pending_verification,Kaynak bulunana kadar pending kalsın Kategori düzeltildi; besin değerleri değişmedi. Lif/şeker/sodyum placeholder sıfır; gerçek değerler eklenmeli.
7,Pirinç Pilavı,Tahıl & Ekmek,Tahıl & Ekmek,189,4,42,0.5,none,review_metadata_added,needs_review,TÜRKOMP/tarif hesabı gerekir Lif/şeker/sodyum placeholder sıfır; gerçek değerler eklenmeli.
8,Kuru Fasulye,Baklagil,Baklagil,283,18,46,3,none,review_metadata_added,needs_review,USDA adayını elle kontrol et; pişmiş/çiğ farkını netleştir Lif/şeker/sodyum placeholder sıfır; gerçek değerler eklenmeli.
9,Zeytinyağlı Salata,Yağ & Sos,Yağ & Sos,128,2.3,6,10.5,none,review_metadata_added,needs_review,TÜRKOMP/tarif hesabı gerekir Lif/şeker/sodyum placeholder sıfır; gerçek değerler eklenmeli.
10,Tam Yağlı Süt,Süt Ürünleri,Süt Ürünleri,123,6.4,9.6,6.6,none,review_metadata_added,needs_review,USDA adayı reddedilsin; doğru kaynak tekrar aranmalı Lif/şeker/sodyum placeholder sıfır; gerçek değerler eklenmeli.
11,Somon (Izgara),Balık & Deniz,Balık & Deniz,300,30,0,20,none,review_metadata_added,pending_verification,Kaynak bulunana kadar pending kalsın Lif/şeker/sodyum placeholder sıfır; gerçek değerler eklenmeli.
12,Kinoa,Tahıl & Ekmek,Tahıl & Ekmek,178,6.6,31.5,2.8,none,review_metadata_added,needs_review,USDA adayı reddedilsin; doğru kaynak tekrar aranmalı Lif/şeker/sodyum placeholder sıfır; gerçek değerler eklenmeli.
13,Avokado,Genel,Meyve,269,3,13.5,22.5,category_fix,category: Genel -> Meyve,needs_review,USDA adayı reddedilsin; doğru kaynak tekrar aranmalı Kategori düzeltildi; besin değerleri değişmedi. Lif/şeker/sodyum placeholder sıfır; gerçek değerler eklenmeli.
14,Yoğurt (Tam Yağlı),Süt Ürünleri,Süt Ürünleri,94,5.3,7.1,4.9,none,review_metadata_added,needs_review,USDA adayı reddedilsin; doğru kaynak tekrar aranmalı Lif/şeker/sodyum placeholder sıfır; gerçek değerler eklenmeli.
15,Nohut (Haşlanmış),Baklagil,Baklagil,251,13.4,40.5,3.9,none,review_metadata_added,needs_review,USDA adayını elle kontrol et; pişmiş/çiğ farkını netleştir Lif/şeker/sodyum placeholder sıfır; gerçek değerler eklenmeli.
16,Badem,Kuruyemiş,Kuruyemiş,8,0.3,0.3,0.6,none,review_metadata_added,needs_review,USDA adayını elle kontrol et; pişmiş/çiğ farkını netleştir Lif/şeker/sodyum placeholder sıfır; gerçek değerler eklenmeli.
17,Ispanak (Çiğ),Sebze,Sebze,12,1.2,1.4,0.2,none,review_metadata_added,needs_review,USDA adayını elle kontrol et; pişmiş/çiğ farkını netleştir Lif/şeker/sodyum placeholder sıfır; gerçek değerler eklenmeli.
18,Tatlı Patates,Sebze,Sebze,105,1.9,24,0.1,none,review_metadata_added,needs_review,USDA adayı reddedilsin; doğru kaynak tekrar aranmalı Lif/şeker/sodyum placeholder sıfır; gerçek değerler eklenmeli.
19,Lor Peyniri,Süt Ürünleri,Süt Ürünleri,14,1.7,0.5,0.6,none,review_metadata_added,pending_verification,USDA eşleşmesini elle onayla; uygunsa verified yap Lif/şeker/sodyum placeholder sıfır; gerçek değerler eklenmeli.
20,Zeytinyağı,Yağ & Sos,Yağ & Sos,135,0,0,15,none,review_metadata_added,pending_verification,USDA eşleşmesini elle onayla; uygunsa verified yap Lif/şeker/sodyum placeholder sıfır; gerçek değerler eklenmeli.
21,Simit,Tahıl & Ekmek,Tahıl & Ekmek,283,9,55,3,none,review_metadata_added,needs_review,TÜRKOMP/tarif hesabı gerekir Lif/şeker/sodyum placeholder sıfır; gerçek değerler eklenmeli.
22,Beyaz Peynir,Süt Ürünleri,Süt Ürünleri,80,4.3,1.2,6.4,none,review_metadata_added,pending_verification,USDA eşleşmesini elle onayla; uygunsa verified yap Lif/şeker/sodyum placeholder sıfır; gerçek değerler eklenmeli.
23,Menemen,Yemek,Yemek,297,14,13,21,none,review_metadata_added,needs_review,TÜRKOMP/tarif hesabı gerekir Lif/şeker/sodyum placeholder sıfır; gerçek değerler eklenmeli.
24,Omlet,Genel,Yumurta,120,8.5,0.5,9.3,category_fix,category: Genel -> Yumurta,pending_verification,USDA eşleşmesini elle onayla; uygunsa verified yap Kategori düzeltildi; besin değerleri değişmedi. Lif/şeker/sodyum placeholder sıfır; gerçek değerler eklenmeli.
25,Poğaça (Peynirli),Süt Ürünleri,Tahıl & Ekmek,290,7.6,36,12.8,category_fix,category: Süt Ürünleri -> Tahıl & Ekmek,needs_review,Kategori düzelt + değer kontrol Kategori düzeltildi; besin değerleri değişmedi. Lif/şeker/sodyum placeholder sıfır; gerçek değerler eklenmeli.
26,Döner (Tavuk),Et & Tavuk,Et & Tavuk,225,33,4.5,8.3,none,review_metadata_added,needs_review,TÜRKOMP/tarif hesabı gerekir Lif/şeker/sodyum placeholder sıfır; gerçek değerler eklenmeli.
27,Döner (Et),Et & Tavuk,Et & Tavuk,342,29.4,4.2,23.1,none,review_metadata_added,needs_review,TÜRKOMP/tarif hesabı gerekir Lif/şeker/sodyum placeholder sıfır; gerçek değerler eklenmeli.
28,Lahmacun,Yemek,Yemek,256,13,33,8,none,review_metadata_added,needs_review,TÜRKOMP/tarif hesabı gerekir Lif/şeker/sodyum placeholder sıfır; gerçek değerler eklenmeli.
29,Pide (Kaşarlı),Tahıl & Ekmek,Tahıl & Ekmek,700,31.3,87.5,25,none,review_metadata_added,needs_review,TÜRKOMP/tarif hesabı gerekir Lif/şeker/sodyum placeholder sıfır; gerçek değerler eklenmeli.
30,"Börek (Peynirli, Fırın)",Süt Ürünleri,Tahıl & Ekmek,265,9.4,25.9,13.8,category_fix,category: Süt Ürünleri -> Tahıl & Ekmek,needs_review,Kategori düzelt + değer kontrol Kategori düzeltildi; besin değerleri değişmedi. Lif/şeker/sodyum placeholder sıfır; gerçek değerler eklenmeli.
31,Mantı,Yemek,Yemek,555,28.5,73.8,16.2,none,review_metadata_added,needs_review,TÜRKOMP/tarif hesabı gerekir Lif/şeker/sodyum placeholder sıfır; gerçek değerler eklenmeli.
32,İskender Kebap,Et & Tavuk,Et & Tavuk,723,49,53,35,none,review_metadata_added,needs_review,TÜRKOMP/tarif hesabı gerekir Lif/şeker/sodyum placeholder sıfır; gerçek değerler eklenmeli.
33,Bulgur Pilavı,Tahıl & Ekmek,Tahıl & Ekmek,308,11.2,60,2.6,none,review_metadata_added,needs_review,TÜRKOMP/tarif hesabı gerekir Lif/şeker/sodyum placeholder sıfır; gerçek değerler eklenmeli.
34,Makarna (Haşlanmış),Tahıl & Ekmek,Tahıl & Ekmek,261,10,50.4,2.2,none,review_metadata_added,pending_verification,Kaynak bulunana kadar pending kalsın Lif/şeker/sodyum placeholder sıfır; gerçek değerler eklenmeli.
35,Domates Çorbası,Çorba,Çorba,123,4,20,3,none,review_metadata_added,needs_review,TÜRKOMP/tarif hesabı gerekir Lif/şeker/sodyum placeholder sıfır; gerçek değerler eklenmeli.
36,Tavuk Çorbası,Çorba,Çorba,38,4.5,2,1.3,none,review_metadata_added,needs_review,TÜRKOMP/tarif hesabı gerekir Lif/şeker/sodyum placeholder sıfır; gerçek değerler eklenmeli.
37,Ayran,Süt Ürünleri,İçecek,89,5,6,5,category_fix,category: Süt Ürünleri -> İçecek,needs_review,Kategori düzelt + değer kontrol Kategori düzeltildi; besin değerleri değişmedi. Lif/şeker/sodyum placeholder sıfır; gerçek değerler eklenmeli.
38,Türk Çayı (Şekersiz),İçecek,İçecek,2,0,0.4,0,none,review_metadata_added,pending_verification,Kaynak bulunana kadar pending kalsın Lif/şeker/sodyum placeholder sıfır; gerçek değerler eklenmeli.
39,Türk Kahvesi (Sade),İçecek,İçecek,3,0.2,0.4,0.1,none,review_metadata_added,pending_verification,Kaynak bulunana kadar pending kalsın Lif/şeker/sodyum placeholder sıfır; gerçek değerler eklenmeli.
40,Tost (Kaşarlı),Tahıl & Ekmek,Tahıl & Ekmek,435,19.5,42,21,none,review_metadata_added,needs_review,TÜRKOMP/tarif hesabı gerekir Lif/şeker/sodyum placeholder sıfır; gerçek değerler eklenmeli.
41,Karnıyarık,Yemek,Yemek,245,15.6,19.6,11.6,none,review_metadata_added,needs_review,TÜRKOMP/tarif hesabı gerekir Lif/şeker/sodyum placeholder sıfır; gerçek değerler eklenmeli.
42,Cacık,Yemek,Yemek,103,5.6,7,5.8,none,review_metadata_added,pending_verification,Kaynak bulunana kadar pending kalsın Lif/şeker/sodyum placeholder sıfır; gerçek değerler eklenmeli.
43,Baklava,Baklagil,Tatlı,171,2.1,20.8,8.8,category_fix,category: Baklagil -> Tatlı,pending_verification,Kategori düzelt + değer kontrol Kategori düzeltildi; besin değerleri değişmedi. Lif/şeker/sodyum placeholder sıfır; gerçek değerler eklenmeli.
44,Künefe,Tatlı,Tatlı,712,16,90,32,none,review_metadata_added,pending_verification,Kaynak bulunana kadar pending kalsın Lif/şeker/sodyum placeholder sıfır; gerçek değerler eklenmeli.
45,Elma,Meyve,Meyve,104,0.5,24.8,0.3,none,review_metadata_added,needs_review,USDA adayı reddedilsin; doğru kaynak tekrar aranmalı Lif/şeker/sodyum placeholder sıfır; gerçek değerler eklenmeli.
46,Muz,Meyve,Meyve,118,1.3,27.4,0.4,none,review_metadata_added,needs_review,USDA adayı reddedilsin; doğru kaynak tekrar aranmalı Lif/şeker/sodyum placeholder sıfır; gerçek değerler eklenmeli.
47,Çiğ Köfte (Ev Yapımı),Et & Tavuk,Et & Tavuk,266,7.5,42,7.5,none,review_metadata_added,needs_review,TÜRKOMP/tarif hesabı gerekir Lif/şeker/sodyum placeholder sıfır; gerçek değerler eklenmeli.
48,Gözleme (Peynirli),Süt Ürünleri,Tahıl & Ekmek,430,16.2,50.3,18.2,category_fix,category: Süt Ürünleri -> Tahıl & Ekmek,pending_verification,Kategori düzelt + değer kontrol Kategori düzeltildi; besin değerleri değişmedi. Lif/şeker/sodyum placeholder sıfır; gerçek değerler eklenmeli.
49,Portakal,Meyve,Meyve,79,1.4,18,0.2,none,review_metadata_added,needs_review,USDA adayı reddedilsin; doğru kaynak tekrar aranmalı Lif/şeker/sodyum placeholder sıfır; gerçek değerler eklenmeli.
50,Mandalina,Meyve,Meyve,44,0.6,10,0.2,none,review_metadata_added,pending_verification,USDA eşleşmesini elle onayla; uygunsa verified yap Lif/şeker/sodyum placeholder sıfır; gerçek değerler eklenmeli.
51,Çilek,Meyve,Meyve,55,1,11.6,0.5,none,review_metadata_added,pending_verification,USDA eşleşmesini elle onayla; uygunsa verified yap Lif/şeker/sodyum placeholder sıfır; gerçek değerler eklenmeli.
52,Üzüm,Meyve,Meyve,115,1,27,0.3,none,review_metadata_added,needs_review,USDA adayı reddedilsin; doğru kaynak tekrar aranmalı Lif/şeker/sodyum placeholder sıfır; gerçek değerler eklenmeli.
53,Karpuz,Meyve,Meyve,69,1.2,15.2,0.4,none,review_metadata_added,needs_review,USDA adayı reddedilsin; doğru kaynak tekrar aranmalı Lif/şeker/sodyum placeholder sıfır; gerçek değerler eklenmeli.
54,Kavun,Meyve,Meyve,76,1.6,16.4,0.4,none,review_metadata_added,pending_verification,USDA eşleşmesini elle onayla; uygunsa verified yap Lif/şeker/sodyum placeholder sıfır; gerçek değerler eklenmeli.
55,Armut,Meyve,Meyve,107,0.7,25.5,0.2,none,review_metadata_added,needs_review,USDA adayı reddedilsin; doğru kaynak tekrar aranmalı Lif/şeker/sodyum placeholder sıfır; gerçek değerler eklenmeli.
56,Kiraz,Meyve,Meyve,106,1.7,24,0.3,none,review_metadata_added,needs_review,USDA adayı reddedilsin; doğru kaynak tekrar aranmalı Lif/şeker/sodyum placeholder sıfır; gerçek değerler eklenmeli.
57,Erik,Meyve,Meyve,33,0.5,7.4,0.2,none,review_metadata_added,needs_review,USDA adayı reddedilsin; doğru kaynak tekrar aranmalı Lif/şeker/sodyum placeholder sıfır; gerçek değerler eklenmeli.
58,İncir (Taze),Meyve,Meyve,42,0.4,9.6,0.2,none,review_metadata_added,pending_verification,USDA eşleşmesini elle onayla; uygunsa verified yap Lif/şeker/sodyum placeholder sıfır; gerçek değerler eklenmeli.
59,Nar,Meyve,Meyve,92,1.7,18.7,1.2,none,review_metadata_added,pending_verification,USDA eşleşmesini elle onayla; uygunsa verified yap Lif/şeker/sodyum placeholder sıfır; gerçek değerler eklenmeli.
60,Kivi,Meyve,Meyve,51,0.8,11,0.4,none,review_metadata_added,pending_verification,USDA eşleşmesini elle onayla; uygunsa verified yap Lif/şeker/sodyum placeholder sıfır; gerçek değerler eklenmeli.
61,Ananas,Meyve,Meyve,55,0.5,13.1,0.1,none,review_metadata_added,needs_review,USDA adayı reddedilsin; doğru kaynak tekrar aranmalı Lif/şeker/sodyum placeholder sıfır; gerçek değerler eklenmeli.
62,Kayısı (Taze),Genel,Meyve,19,0.5,3.9,0.1,category_fix,category: Genel -> Meyve,pending_verification,Kaynak bulunana kadar pending kalsın Kategori düzeltildi; besin değerleri değişmedi. Lif/şeker/sodyum placeholder sıfır; gerçek değerler eklenmeli.
63,Hurma (Medjool),Meyve,Meyve,74,0.4,18,0,none,review_metadata_added,pending_verification,USDA eşleşmesini elle onayla; uygunsa verified yap Lif/şeker/sodyum placeholder sıfır; gerçek değerler eklenmeli.
64,Greyfurt,Meyve,Meyve,71,1.2,16,0.2,none,review_metadata_added,needs_review,USDA adayı reddedilsin; doğru kaynak tekrar aranmalı Lif/şeker/sodyum placeholder sıfır; gerçek değerler eklenmeli.
65,Domates,Sebze,Sebze,25,1.1,4.7,0.2,none,review_metadata_added,needs_review,USDA adayı reddedilsin; doğru kaynak tekrar aranmalı Lif/şeker/sodyum placeholder sıfır; gerçek değerler eklenmeli.
66,Salatalık,Sebze,Sebze,36,1.4,7.2,0.2,none,review_metadata_added,needs_review,TÜRKOMP/tarif hesabı gerekir Lif/şeker/sodyum placeholder sıfır; gerçek değerler eklenmeli.
67,Marul,Sebze,Sebze,17,0.9,3,0.1,none,review_metadata_added,pending_verification,USDA eşleşmesini elle onayla; uygunsa verified yap Lif/şeker/sodyum placeholder sıfır; gerçek değerler eklenmeli.
68,Havuç,Sebze,Sebze,26,0.5,5.8,0.1,none,review_metadata_added,needs_review,USDA adayı reddedilsin; doğru kaynak tekrar aranmalı Lif/şeker/sodyum placeholder sıfır; gerçek değerler eklenmeli.
69,Brokoli (Haşlanmış),Sebze,Sebze,63,3.6,10.8,0.6,none,review_metadata_added,pending_verification,USDA eşleşmesini elle onayla; uygunsa verified yap Lif/şeker/sodyum placeholder sıfır; gerçek değerler eklenmeli.
70,Karnabahar (Haşlanmış),Sebze,Sebze,42,2.7,6.1,0.8,none,review_metadata_added,pending_verification,USDA eşleşmesini elle onayla; uygunsa verified yap Lif/şeker/sodyum placeholder sıfır; gerçek değerler eklenmeli.
71,Kabak,Sebze,Sebze,40,2.4,6.2,0.6,name_fix,review_metadata_added; name: Kabak (Havuç) -> Kabak,needs_review,"Eski ad ""Kabak (Havuç)"" belirsizdi; kabak olarak düzeltildi, makrolar kaynakla doğrulanmalı. DÜZELTME ÖNCELİĞİ YÜKSEK Lif/şeker/sodyum placeholder sıfır; gerçek değerler eklenmeli."
72,Patlıcan (Izgara),Sebze,Sebze,72,1.4,15.7,0.4,none,review_metadata_added,pending_verification,Kaynak bulunana kadar pending kalsın Lif/şeker/sodyum placeholder sıfır; gerçek değerler eklenmeli.
73,Biber (Dolmalık),Sebze,Sebze,24,0.9,4.6,0.2,none,review_metadata_added,needs_review,TÜRKOMP/tarif hesabı gerekir Lif/şeker/sodyum placeholder sıfır; gerçek değerler eklenmeli.
74,Roka,Sebze,Sebze,26,2.1,3,0.6,none,review_metadata_added,pending_verification,USDA eşleşmesini elle onayla; uygunsa verified yap Lif/şeker/sodyum placeholder sıfır; gerçek değerler eklenmeli.
75,Mantar (Beyaz),Sebze,Sebze,28,3.1,3.3,0.3,none,review_metadata_added,needs_review,USDA adayını elle kontrol et; pişmiş/çiğ farkını netleştir Lif/şeker/sodyum placeholder sıfır; gerçek değerler eklenmeli.
76,Patates (Haşlanmış),Sebze,Sebze,134,2.8,30.2,0.2,none,review_metadata_added,pending_verification,Kaynak bulunana kadar pending kalsın Lif/şeker/sodyum placeholder sıfır; gerçek değerler eklenmeli.
77,Mısır (Haşlanmış),Sebze,Sebze,111,3.4,21,1.5,none,review_metadata_added,pending_verification,Kaynak bulunana kadar pending kalsın Lif/şeker/sodyum placeholder sıfır; gerçek değerler eklenmeli.
78,Bezelye (Haşlanmış),Sebze,Sebze,129,8.1,23.4,0.3,none,review_metadata_added,pending_verification,Kaynak bulunana kadar pending kalsın Lif/şeker/sodyum placeholder sıfır; gerçek değerler eklenmeli.
79,Dana Biftek (Izgara),Et & Tavuk,Et & Tavuk,399,39,0,27,none,review_metadata_added,pending_verification,Kaynak bulunana kadar pending kalsın Lif/şeker/sodyum placeholder sıfır; gerçek değerler eklenmeli.
80,Kuzu Pirzola (Izgara),Et & Tavuk,Et & Tavuk,347,30,0,25.2,none,review_metadata_added,pending_verification,Kaynak bulunana kadar pending kalsın Lif/şeker/sodyum placeholder sıfır; gerçek değerler eklenmeli.
81,Dana Kıyma (%15 Yağ),Et & Tavuk,Et & Tavuk,359,39,0,22.5,none,review_metadata_added,pending_verification,Kaynak bulunana kadar pending kalsın Lif/şeker/sodyum placeholder sıfır; gerçek değerler eklenmeli.
82,Hindi Göğsü (Izgara),Et & Tavuk,Et & Tavuk,194,45,0,1.5,none,review_metadata_added,pending_verification,Kaynak bulunana kadar pending kalsın Lif/şeker/sodyum placeholder sıfır; gerçek değerler eklenmeli.
83,Tavuk Kanat (Fırın),Et & Tavuk,Et & Tavuk,430,40,0,30,none,review_metadata_added,pending_verification,Kaynak bulunana kadar pending kalsın Lif/şeker/sodyum placeholder sıfır; gerçek değerler eklenmeli.
84,"Ton Balığı (Konserve, Suda)",Balık & Deniz,Balık & Deniz,113,26,0,1,none,review_metadata_added,pending_verification,USDA eşleşmesini elle onayla; uygunsa verified yap Lif/şeker/sodyum placeholder sıfır; gerçek değerler eklenmeli.
85,Levrek (Izgara),Balık & Deniz,Balık & Deniz,179,36,0,3.9,none,review_metadata_added,pending_verification,Kaynak bulunana kadar pending kalsın Lif/şeker/sodyum placeholder sıfır; gerçek değerler eklenmeli.
86,Çupra (Izgara),Balık & Deniz,Balık & Deniz,187,31.5,0,6.8,none,review_metadata_added,pending_verification,Kaynak bulunana kadar pending kalsın Lif/şeker/sodyum placeholder sıfır; gerçek değerler eklenmeli.
87,Hamsi (Kızartma),Balık & Deniz,Balık & Deniz,205,22,0,13,none,review_metadata_added,needs_review,TÜRKOMP/tarif hesabı gerekir Lif/şeker/sodyum placeholder sıfır; gerçek değerler eklenmeli.
88,Karides (Haşlanmış),Balık & Deniz,Balık & Deniz,119,28.8,0,0.4,none,review_metadata_added,pending_verification,Kaynak bulunana kadar pending kalsın Lif/şeker/sodyum placeholder sıfır; gerçek değerler eklenmeli.
89,Adana Kebap,Et & Tavuk,Et & Tavuk,374,33,3,25.5,none,review_metadata_added,needs_review,TÜRKOMP/tarif hesabı gerekir Lif/şeker/sodyum placeholder sıfır; gerçek değerler eklenmeli.
90,Şiş Kebap (Kuzu),Et & Tavuk,Et & Tavuk,326,36,1.5,19.5,none,review_metadata_added,needs_review,TÜRKOMP/tarif hesabı gerekir Lif/şeker/sodyum placeholder sıfır; gerçek değerler eklenmeli.
91,Pastırma,Et & Tavuk,Et & Tavuk,36,4.4,0.2,2,none,review_metadata_added,needs_review,USDA adayını elle kontrol et; pişmiş/çiğ farkını netleştir Lif/şeker/sodyum placeholder sıfır; gerçek değerler eklenmeli.
92,Sucuk,Et & Tavuk,Et & Tavuk,221,11.5,1,19,none,review_metadata_added,pending_verification,Kaynak bulunana kadar pending kalsın Lif/şeker/sodyum placeholder sıfır; gerçek değerler eklenmeli.
93,Kaşar Peyniri,Süt Ürünleri,Süt Ürünleri,95,6.3,0.5,7.5,none,review_metadata_added,pending_verification,Kaynak bulunana kadar pending kalsın Lif/şeker/sodyum placeholder sıfır; gerçek değerler eklenmeli.
94,Labne,Süt Ürünleri,Süt Ürünleri,184,6,4,16,none,review_metadata_added,pending_verification,Kaynak bulunana kadar pending kalsın Lif/şeker/sodyum placeholder sıfır; gerçek değerler eklenmeli.
95,Kefir,Süt Ürünleri,Süt Ürünleri,127,6.6,9.4,7,none,review_metadata_added,pending_verification,Kaynak bulunana kadar pending kalsın Lif/şeker/sodyum placeholder sıfır; gerçek değerler eklenmeli.
96,Süzme Yoğurt,Süt Ürünleri,Süt Ürünleri,149,15,5.4,7.5,none,review_metadata_added,needs_review,USDA adayını elle kontrol et; pişmiş/çiğ farkını netleştir Lif/şeker/sodyum placeholder sıfır; gerçek değerler eklenmeli.
97,Tereyağı,Süt Ürünleri,Süt Ürünleri,73,0.1,0,8.1,none,review_metadata_added,needs_review,USDA adayı reddedilsin; doğru kaynak tekrar aranmalı Lif/şeker/sodyum placeholder sıfır; gerçek değerler eklenmeli.
98,Krema (%35),Süt Ürünleri,Süt Ürünleri,51,0.3,0.4,5.4,none,review_metadata_added,pending_verification,Kaynak bulunana kadar pending kalsın Lif/şeker/sodyum placeholder sıfır; gerçek değerler eklenmeli.
99,Beyaz Ekmek,Tahıl & Ekmek,Tahıl & Ekmek,79,2.7,14.7,1,none,review_metadata_added,pending_verification,USDA eşleşmesini elle onayla; uygunsa verified yap Lif/şeker/sodyum placeholder sıfır; gerçek değerler eklenmeli.
100,Bazlama,Tahıl & Ekmek,Tahıl & Ekmek,267,8,52,3,none,review_metadata_added,pending_verification,Kaynak bulunana kadar pending kalsın Lif/şeker/sodyum placeholder sıfır; gerçek değerler eklenmeli.
101,Lavaş,Tahıl & Ekmek,Tahıl & Ekmek,167,5.4,32.4,1.8,none,review_metadata_added,pending_verification,Kaynak bulunana kadar pending kalsın Lif/şeker/sodyum placeholder sıfır; gerçek değerler eklenmeli.
102,Nohutlu Pilav,Tahıl & Ekmek,Tahıl & Ekmek,332,9,56,8,none,review_metadata_added,pending_verification,Kaynak bulunana kadar pending kalsın Lif/şeker/sodyum placeholder sıfır; gerçek değerler eklenmeli.
103,Mısır Gevreği,Sebze,Kahvaltılık,160,3.6,33.6,1.2,category_fix,category: Sebze -> Kahvaltılık,needs_review,Kategori düzelt + değer kontrol Kategori düzeltildi; besin değerleri değişmedi. Lif/şeker/sodyum placeholder sıfır; gerçek değerler eklenmeli.
104,Granola,Tahıl & Ekmek,Tahıl & Ekmek,238,5,32,10,none,review_metadata_added,pending_verification,USDA eşleşmesini elle onayla; uygunsa verified yap Lif/şeker/sodyum placeholder sıfır; gerçek değerler eklenmeli.
105,Ceviz,Kuruyemiş,Kuruyemiş,28,0.6,0.6,2.6,none,review_metadata_added,pending_verification,USDA eşleşmesini elle onayla; uygunsa verified yap Lif/şeker/sodyum placeholder sıfır; gerçek değerler eklenmeli.
106,Fındık,Kuruyemiş,Kuruyemiş,11,0.3,0.3,1,none,review_metadata_added,pending_verification,USDA eşleşmesini elle onayla; uygunsa verified yap Lif/şeker/sodyum placeholder sıfır; gerçek değerler eklenmeli.
107,Fıstık,Kuruyemiş,Kuruyemiş,31,1.3,0.8,2.5,none,review_metadata_added,needs_review,USDA adayı reddedilsin; doğru kaynak tekrar aranmalı Lif/şeker/sodyum placeholder sıfır; gerçek değerler eklenmeli.
108,Ay Çekirdeği (Çekilmiş),Genel,Kuruyemiş,187,6.3,6,15.3,category_fix,category: Genel -> Kuruyemiş,pending_verification,Kaynak bulunana kadar pending kalsın Kategori düzeltildi; besin değerleri değişmedi. Lif/şeker/sodyum placeholder sıfır; gerçek değerler eklenmeli.
109,Chia Tohumu,Kuruyemiş,Kuruyemiş,61,2,5,3.7,none,review_metadata_added,pending_verification,USDA eşleşmesini elle onayla; uygunsa verified yap Lif/şeker/sodyum placeholder sıfır; gerçek değerler eklenmeli.
110,Zeytinyağlı Fasulye,Baklagil,Baklagil,192,5,16,12,none,review_metadata_added,pending_verification,Kaynak bulunana kadar pending kalsın Lif/şeker/sodyum placeholder sıfır; gerçek değerler eklenmeli.
111,İmam Bayıldı,Yemek,Yemek,209,3.8,17.5,13.8,none,review_metadata_added,pending_verification,Kaynak bulunana kadar pending kalsın Lif/şeker/sodyum placeholder sıfır; gerçek değerler eklenmeli.
112,Yaprak Sarma,Yemek,Yemek,44,1,6.3,1.6,none,review_metadata_added,needs_review,TÜRKOMP/tarif hesabı gerekir Lif/şeker/sodyum placeholder sıfır; gerçek değerler eklenmeli.
113,Dolma (Biber),Sebze,Sebze,162,3.8,18,8.3,none,review_metadata_added,needs_review,TÜRKOMP/tarif hesabı gerekir Lif/şeker/sodyum placeholder sıfır; gerçek değerler eklenmeli.
114,Hünkar Beğendi,Genel,Yemek,363,15,25,22.5,category_fix,category: Genel -> Yemek,pending_verification,Kaynak bulunana kadar pending kalsın Kategori düzeltildi; besin değerleri değişmedi. Lif/şeker/sodyum placeholder sıfır; gerçek değerler eklenmeli.
115,Etli Nohut,Baklagil,Baklagil,300,18,30,12,none,review_metadata_added,pending_verification,Kaynak bulunana kadar pending kalsın Lif/şeker/sodyum placeholder sıfır; gerçek değerler eklenmeli.
116,Ezogelin Çorbası,Çorba,Çorba,154,7.5,22.5,3.8,none,review_metadata_added,needs_review,TÜRKOMP/tarif hesabı gerekir Lif/şeker/sodyum placeholder sıfır; gerçek değerler eklenmeli.
117,Tarhana Çorbası,Çorba,Çorba,132,6.3,20,3,none,review_metadata_added,needs_review,TÜRKOMP/tarif hesabı gerekir Lif/şeker/sodyum placeholder sıfır; gerçek değerler eklenmeli.
118,İşkembe Çorbası,Çorba,Çorba,122,11.3,5,6.3,none,review_metadata_added,needs_review,TÜRKOMP/tarif hesabı gerekir Lif/şeker/sodyum placeholder sıfır; gerçek değerler eklenmeli.
119,Pilav Üstü Döner (Tavuk),Et & Tavuk,Et & Tavuk,651,52.5,63,21,none,review_metadata_added,needs_review,TÜRKOMP/tarif hesabı gerekir Lif/şeker/sodyum placeholder sıfır; gerçek değerler eklenmeli.
120,Kokoreç,Genel,Et & Tavuk,477,27,4.5,39,category_fix,category: Genel -> Et & Tavuk,needs_review,TÜRKOMP/tarif hesabı gerekir Kategori düzeltildi; besin değerleri değişmedi. Lif/şeker/sodyum placeholder sıfır; gerçek değerler eklenmeli.
121,Midye Dolma,Balık & Deniz,Balık & Deniz,94,6,5,5.5,none,review_metadata_added,needs_review,TÜRKOMP/tarif hesabı gerekir Lif/şeker/sodyum placeholder sıfır; gerçek değerler eklenmeli.
122,Mercimek Köftesi,Et & Tavuk,Et & Tavuk,240,10.5,36,6,none,review_metadata_added,needs_review,TÜRKOMP/tarif hesabı gerekir Lif/şeker/sodyum placeholder sıfır; gerçek değerler eklenmeli.
123,Pide (Kıymalı),Tahıl & Ekmek,Tahıl & Ekmek,730,35,80,30,none,review_metadata_added,needs_review,TÜRKOMP/tarif hesabı gerekir Lif/şeker/sodyum placeholder sıfır; gerçek değerler eklenmeli.
124,Humus,Baklagil,Baklagil,178,8,14,10,none,review_metadata_added,pending_verification,USDA eşleşmesini elle onayla; uygunsa verified yap Lif/şeker/sodyum placeholder sıfır; gerçek değerler eklenmeli.
125,Revani,Tatlı,Tatlı,338,5,48,14,none,review_metadata_added,needs_review,TÜRKOMP/tarif hesabı gerekir Lif/şeker/sodyum placeholder sıfır; gerçek değerler eklenmeli.
126,Sütlaç,Süt Ürünleri,Tatlı,217,7,36,5,category_fix,category: Süt Ürünleri -> Tatlı,needs_review,Kategori düzelt + değer kontrol Kategori düzeltildi; besin değerleri değişmedi. Lif/şeker/sodyum placeholder sıfır; gerçek değerler eklenmeli.
127,Aşure,Tatlı,Tatlı,295,7.5,55,5,none,review_metadata_added,needs_review,TÜRKOMP/tarif hesabı gerekir Lif/şeker/sodyum placeholder sıfır; gerçek değerler eklenmeli.
128,Helva (Tahin),Tatlı,Tatlı,276,6,27,16,none,review_metadata_added,needs_review,TÜRKOMP/tarif hesabı gerekir Lif/şeker/sodyum placeholder sıfır; gerçek değerler eklenmeli.
129,Lokum,Tatlı,Tatlı,39,0,9.8,0,none,review_metadata_added,needs_review,TÜRKOMP/tarif hesabı gerekir Lif/şeker/sodyum placeholder sıfır; gerçek değerler eklenmeli.
130,Zeytin (Siyah),Yağ & Sos,Yağ & Sos,45,0.3,2.2,3.9,none,review_metadata_added,pending_verification,USDA eşleşmesini elle onayla; uygunsa verified yap Lif/şeker/sodyum placeholder sıfır; gerçek değerler eklenmeli.
131,Zeytin (Yeşil),Yağ & Sos,Yağ & Sos,55,0.4,1.3,5.3,none,review_metadata_added,pending_verification,USDA eşleşmesini elle onayla; uygunsa verified yap Lif/şeker/sodyum placeholder sıfır; gerçek değerler eklenmeli.
132,Bal,Genel,Kahvaltılık,69,0.1,17.2,0,category_fix,category: Genel -> Kahvaltılık,pending_verification,USDA eşleşmesini elle onayla; uygunsa verified yap Kategori düzeltildi; besin değerleri değişmedi. Lif/şeker/sodyum placeholder sıfır; gerçek değerler eklenmeli.
133,Reçel (Kayısı),Genel,Kahvaltılık,56,0.1,13.8,0,category_fix,category: Genel -> Kahvaltılık,pending_verification,USDA eşleşmesini elle onayla; uygunsa verified yap Kategori düzeltildi; besin değerleri değişmedi. Lif/şeker/sodyum placeholder sıfır; gerçek değerler eklenmeli.
134,Protein Bar,Genel,Atıştırmalık,237,18,21,9,category_fix,category: Genel -> Atıştırmalık,pending_verification,Kaynak bulunana kadar pending kalsın Kategori düzeltildi; besin değerleri değişmedi. Lif/şeker/sodyum placeholder sıfır; gerçek değerler eklenmeli.
135,Sosis (Dana),Et & Tavuk,Et & Tavuk,239,9.6,1.6,21.6,none,review_metadata_added,needs_review,USDA adayı reddedilsin; doğru kaynak tekrar aranmalı Lif/şeker/sodyum placeholder sıfır; gerçek değerler eklenmeli.
136,Tavuk Şiş,Et & Tavuk,Et & Tavuk,242,42,1.5,7.5,none,review_metadata_added,pending_verification,Kaynak bulunana kadar pending kalsın Lif/şeker/sodyum placeholder sıfır; gerçek değerler eklenmeli.
137,Fırın Tavuk But,Et & Tavuk,Et & Tavuk,224,26.4,0,13.2,none,review_metadata_added,pending_verification,Kaynak bulunana kadar pending kalsın Lif/şeker/sodyum placeholder sıfır; gerçek değerler eklenmeli.
138,Kısır,Yemek,Yemek,309,9,48,9,none,review_metadata_added,needs_review,TÜRKOMP/tarif hesabı gerekir Lif/şeker/sodyum placeholder sıfır; gerçek değerler eklenmeli.
139,Pilav (Tereyağlı),Süt Ürünleri,Tahıl & Ekmek,288,5.6,52,6.4,category_fix,category: Süt Ürünleri -> Tahıl & Ekmek,pending_verification,Kategori düzelt + değer kontrol Kategori düzeltildi; besin değerleri değişmedi. Lif/şeker/sodyum placeholder sıfır; gerçek değerler eklenmeli.
140,Soya Sütü,Süt Ürünleri,Süt Ürünleri,131,7.9,15.1,4.3,none,review_metadata_added,needs_review,USDA adayını elle kontrol et; pişmiş/çiğ farkını netleştir Lif/şeker/sodyum placeholder sıfır; gerçek değerler eklenmeli.
141,Şeftali,Genel,Meyve,59,1.4,14,0.4,category_fix,category: Genel -> Meyve,needs_review,Kategori düzelt + değer kontrol Kategori düzeltildi; besin değerleri değişmedi. Lif/şeker/sodyum placeholder sıfır; gerçek değerler eklenmeli.
142,Ayva,Genel,Meyve,57,0.4,15,0.2,category_fix,category: Genel -> Meyve,needs_review,Kategori düzelt + değer kontrol Kategori düzeltildi; besin değerleri değişmedi. Lif/şeker/sodyum placeholder sıfır; gerçek değerler eklenmeli.
143,Limon,Genel,Meyve,17,0.6,5.4,0.2,category_fix,category: Genel -> Meyve,needs_review,Limon makroları ve USDA eşleşmesi kaynakla doğrulanmalı. DÜZELTME ÖNCELİĞİ YÜKSEK Kategori düzeltildi; besin değerleri değişmedi. Lif/şeker/sodyum placeholder sıfır; gerçek değerler eklenmeli.
144,Vişne,Genel,Meyve,50,1,12,0.3,category_fix,category: Genel -> Meyve,needs_review,Kategori düzelt + değer kontrol Kategori düzeltildi; besin değerleri değişmedi. Lif/şeker/sodyum placeholder sıfır; gerçek değerler eklenmeli.
145,Böğürtlen,Genel,Meyve,43,1.4,10,0.5,category_fix,category: Genel -> Meyve,needs_review,Kategori düzelt + değer kontrol Kategori düzeltildi; besin değerleri değişmedi. Lif/şeker/sodyum placeholder sıfır; gerçek değerler eklenmeli.
146,Ahududu,Genel,Meyve,52,1.2,12,0.7,category_fix,category: Genel -> Meyve,needs_review,Kategori düzelt + değer kontrol Kategori düzeltildi; besin değerleri değişmedi. Lif/şeker/sodyum placeholder sıfır; gerçek değerler eklenmeli.
147,Dut (Taze),Genel,Meyve,43,1.4,10,0.4,category_fix,category: Genel -> Meyve,needs_review,Kategori düzelt + değer kontrol Kategori düzeltildi; besin değerleri değişmedi. Lif/şeker/sodyum placeholder sıfır; gerçek değerler eklenmeli.
148,Mango,Genel,Meyve,99,1.4,25,0.6,category_fix,category: Genel -> Meyve,needs_review,Kategori düzelt + değer kontrol Kategori düzeltildi; besin değerleri değişmedi. Lif/şeker/sodyum placeholder sıfır; gerçek değerler eklenmeli.
149,Papaya,Genel,Meyve,59,0.9,15,0.4,category_fix,category: Genel -> Meyve,needs_review,Kategori düzelt + değer kontrol Kategori düzeltildi; besin değerleri değişmedi. Lif/şeker/sodyum placeholder sıfır; gerçek değerler eklenmeli.
150,Kayısı (Kuru),Genel,Meyve,48,0.7,12.5,0.1,category_fix,category: Genel -> Meyve,needs_review,Kategori düzelt + değer kontrol Kategori düzeltildi; besin değerleri değişmedi. Lif/şeker/sodyum placeholder sıfır; gerçek değerler eklenmeli.
151,Kuru Üzüm,Genel,Meyve,129,1.3,34,0.2,category_fix,category: Genel -> Meyve,needs_review,Kategori düzelt + değer kontrol Kategori düzeltildi; besin değerleri değişmedi. Lif/şeker/sodyum placeholder sıfır; gerçek değerler eklenmeli.
152,Soğan (Çiğ),Genel,Sebze,40,1.1,9.3,0.1,category_fix,category: Genel -> Sebze,needs_review,Kategori düzelt + değer kontrol Kategori düzeltildi; besin değerleri değişmedi. Lif/şeker/sodyum placeholder sıfır; gerçek değerler eklenmeli.
153,Sarımsak,Genel,Sebze,13,0.6,3,0,category_fix,category: Genel -> Sebze,needs_review,Sarımsak porsiyon/makro değerleri USDA ile doğrulanmalı. DÜZELTME ÖNCELİĞİ YÜKSEK Kategori düzeltildi; besin değerleri değişmedi. Lif/şeker/sodyum placeholder sıfır; gerçek değerler eklenmeli.
154,Lahana (Beyaz),Genel,Sebze,25,1.3,5.8,0.1,category_fix,category: Genel -> Sebze,needs_review,Kategori düzelt + değer kontrol Kategori düzeltildi; besin değerleri değişmedi. Lif/şeker/sodyum placeholder sıfır; gerçek değerler eklenmeli.
155,Kereviz,Genel,Sebze,16,0.7,3,0.2,category_fix,category: Genel -> Sebze,pending_verification,Kategori düzelt + değer kontrol Kategori düzeltildi; besin değerleri değişmedi. Lif/şeker/sodyum placeholder sıfır; gerçek değerler eklenmeli.
156,Pırasa,Genel,Sebze,54,1.3,12.6,0.3,category_fix,category: Genel -> Sebze,needs_review,Kategori düzelt + değer kontrol Kategori düzeltildi; besin değerleri değişmedi. Lif/şeker/sodyum placeholder sıfır; gerçek değerler eklenmeli.
157,Enginar,Genel,Sebze,53,3.3,11.8,0.2,category_fix,category: Genel -> Sebze,needs_review,Kategori düzelt + değer kontrol Kategori düzeltildi; besin değerleri değişmedi. Lif/şeker/sodyum placeholder sıfır; gerçek değerler eklenmeli.
158,Bamya (Haşlanmış),Genel,Sebze,33,2,7.5,0.2,category_fix,category: Genel -> Sebze,needs_review,Kategori düzelt + değer kontrol Kategori düzeltildi; besin değerleri değişmedi. Lif/şeker/sodyum placeholder sıfır; gerçek değerler eklenmeli.
159,Semizotu,Genel,Sebze,20,2,3.4,0.4,category_fix,category: Genel -> Sebze,needs_review,Kategori düzelt + değer kontrol Kategori düzeltildi; besin değerleri değişmedi. Lif/şeker/sodyum placeholder sıfır; gerçek değerler eklenmeli.
160,Taze Fasulye,Baklagil,Baklagil,31,1.8,7,0.1,none,review_metadata_added,needs_review,USDA adayı reddedilsin; doğru kaynak tekrar aranmalı Lif/şeker/sodyum placeholder sıfır; gerçek değerler eklenmeli.
161,Barbunya (Haşlanmış),Genel,Baklagil,127,8.7,22.8,0.5,category_fix,category: Genel -> Baklagil,needs_review,Kategori düzelt + değer kontrol Kategori düzeltildi; besin değerleri değişmedi. Lif/şeker/sodyum placeholder sıfır; gerçek değerler eklenmeli.
162,Patlıcan Kızartma,Sebze,Sebze,320,4,18,26,none,review_metadata_added,needs_review,TÜRKOMP/tarif hesabı gerekir Lif/şeker/sodyum placeholder sıfır; gerçek değerler eklenmeli.
163,Biber (Çiğ),Sebze,Sebze,31,1,7,0.3,none,review_metadata_added,needs_review,USDA adayı reddedilsin; doğru kaynak tekrar aranmalı Lif/şeker/sodyum placeholder sıfır; gerçek değerler eklenmeli.
164,Karnabahar Kızartma,Sebze,Sebze,180,5,14,12,none,review_metadata_added,needs_review,TÜRKOMP/tarif hesabı gerekir Lif/şeker/sodyum placeholder sıfır; gerçek değerler eklenmeli.
165,Patates Kızartması,Sebze,Sebze,365,4,48,17,none,review_metadata_added,needs_review,TÜRKOMP/tarif hesabı gerekir Lif/şeker/sodyum placeholder sıfır; gerçek değerler eklenmeli.
166,Kaşkaval Peyniri,Süt Ürünleri,Süt Ürünleri,113,7,1,9,none,review_metadata_added,pending_verification,Kaynak bulunana kadar pending kalsın Lif/şeker/sodyum placeholder sıfır; gerçek değerler eklenmeli.
167,Çökelek,Genel,Süt Ürünleri,98,11,3,4.5,category_fix,category: Genel -> Süt Ürünleri,pending_verification,Kategori düzelt + değer kontrol Kategori düzeltildi; besin değerleri değişmedi. Lif/şeker/sodyum placeholder sıfır; gerçek değerler eklenmeli.
168,Kaymak,Genel,Süt Ürünleri,204,2.5,3,20,category_fix,category: Genel -> Süt Ürünleri,pending_verification,Kategori düzelt + değer kontrol Kategori düzeltildi; besin değerleri değişmedi. Lif/şeker/sodyum placeholder sıfır; gerçek değerler eklenmeli.
169,Krem Peynir,Süt Ürünleri,Süt Ürünleri,102,2,1.6,10,none,review_metadata_added,pending_verification,USDA eşleşmesini elle onayla; uygunsa verified yap Lif/şeker/sodyum placeholder sıfır; gerçek değerler eklenmeli.
170,Mozzarella,Genel,Süt Ürünleri,85,6.3,1,6.3,category_fix,category: Genel -> Süt Ürünleri,pending_verification,Kategori düzelt + değer kontrol Kategori düzeltildi; besin değerleri değişmedi. Lif/şeker/sodyum placeholder sıfır; gerçek değerler eklenmeli.
171,Yarım Yağlı Süt,Süt Ürünleri,Süt Ürünleri,102,8,12,2.4,none,review_metadata_added,pending_verification,USDA eşleşmesini elle onayla; uygunsa verified yap Lif/şeker/sodyum placeholder sıfır; gerçek değerler eklenmeli.
172,Yoğurt (Yarım Yağlı),Süt Ürünleri,Süt Ürünleri,77,4.3,5.6,3.8,none,review_metadata_added,needs_review,Kaynak bulunana kadar pending kalsın Lif/şeker/sodyum placeholder sıfır; gerçek değerler eklenmeli.
173,Yumurta (Çiğ),Genel,Yumurta,72,6.3,0.4,4.8,category_fix,category: Genel -> Yumurta,pending_verification,Kategori düzelt + değer kontrol Kategori düzeltildi; besin değerleri değişmedi. Lif/şeker/sodyum placeholder sıfır; gerçek değerler eklenmeli.
174,Sahanda Yumurta,Genel,Yumurta,196,13,1,15,category_fix,category: Genel -> Yumurta,needs_review,Kategori düzelt + değer kontrol Kategori düzeltildi; besin değerleri değişmedi. Lif/şeker/sodyum placeholder sıfır; gerçek değerler eklenmeli.
175,Sucuklu Yumurta,Et & Tavuk,Et & Tavuk,380,20,2,32,none,review_metadata_added,needs_review,TÜRKOMP/tarif hesabı gerekir Lif/şeker/sodyum placeholder sıfır; gerçek değerler eklenmeli.
176,Et Sote,Et & Tavuk,Et & Tavuk,285,28,6,16,none,review_metadata_added,needs_review,TÜRKOMP/tarif hesabı gerekir Lif/şeker/sodyum placeholder sıfır; gerçek değerler eklenmeli.
177,Tas Kebabı,Genel,Et & Tavuk,340,26,12,22,category_fix,category: Genel -> Et & Tavuk,needs_review,Kategori düzelt + değer kontrol Kategori düzeltildi; besin değerleri değişmedi. Lif/şeker/sodyum placeholder sıfır; gerçek değerler eklenmeli.
178,Musakka,Genel,Yemek,320,14,22,20,category_fix,category: Genel -> Yemek,needs_review,Kategori düzelt + değer kontrol Kategori düzeltildi; besin değerleri değişmedi. Lif/şeker/sodyum placeholder sıfır; gerçek değerler eklenmeli.
179,Etli Güveç,Genel,Yemek,310,24,18,16,category_fix,category: Genel -> Yemek,needs_review,Kategori düzelt + değer kontrol Kategori düzeltildi; besin değerleri değişmedi. Lif/şeker/sodyum placeholder sıfır; gerçek değerler eklenmeli.
180,Köfte (Ev Yapımı),Et & Tavuk,Et & Tavuk,280,22,8,18,none,review_metadata_added,needs_review,TÜRKOMP/tarif hesabı gerekir Lif/şeker/sodyum placeholder sıfır; gerçek değerler eklenmeli.
181,Ciğer (Kızartma),Genel,Et & Tavuk,330,26,10,20,category_fix,category: Genel -> Et & Tavuk,needs_review,Kategori düzelt + değer kontrol Kategori düzeltildi; besin değerleri değişmedi. Lif/şeker/sodyum placeholder sıfır; gerçek değerler eklenmeli.
182,Salam,Genel,Et & Tavuk,152,6,1,14,category_fix,category: Genel -> Et & Tavuk,needs_review,Kategori düzelt + değer kontrol Kategori düzeltildi; besin değerleri değişmedi. Lif/şeker/sodyum placeholder sıfır; gerçek değerler eklenmeli.
183,Jambon,Genel,Et & Tavuk,46,5.5,0.5,2.5,category_fix,category: Genel -> Et & Tavuk,needs_review,Kategori düzelt + değer kontrol Kategori düzeltildi; besin değerleri değişmedi. Lif/şeker/sodyum placeholder sıfır; gerçek değerler eklenmeli.
184,Erişte (Haşlanmış),Genel,Tahıl & Ekmek,220,8,42,2,category_fix,category: Genel -> Tahıl & Ekmek,pending_verification,Kategori düzelt + değer kontrol Kategori düzeltildi; besin değerleri değişmedi. Lif/şeker/sodyum placeholder sıfır; gerçek değerler eklenmeli.
185,Şehriye (Haşlanmış),Genel,Tahıl & Ekmek,157,5.8,30.9,0.9,category_fix,category: Genel -> Tahıl & Ekmek,needs_review,Kategori düzelt + değer kontrol Kategori düzeltildi; besin değerleri değişmedi. Lif/şeker/sodyum placeholder sıfır; gerçek değerler eklenmeli.
186,Spagetti (Domates Soslu),Sebze,Tahıl & Ekmek,280,9,48,6,category_fix,category: Sebze -> Tahıl & Ekmek,pending_verification,Kaynak bulunana kadar pending kalsın Kategori düzeltildi; besin değerleri değişmedi. Lif/şeker/sodyum placeholder sıfır; gerçek değerler eklenmeli.
187,Bulgur Köftesi,Et & Tavuk,Et & Tavuk,210,6,36,5,none,review_metadata_added,needs_review,TÜRKOMP/tarif hesabı gerekir Lif/şeker/sodyum placeholder sıfır; gerçek değerler eklenmeli.
188,Kırmızı Mercimek (Haşlanmış),Baklagil,Baklagil,116,9,20,0.4,none,review_metadata_added,needs_review,Kaynak bulunana kadar pending kalsın Lif/şeker/sodyum placeholder sıfır; gerçek değerler eklenmeli.
189,Yeşil Mercimek (Haşlanmış),Baklagil,Baklagil,116,9,20,0.4,none,review_metadata_added,needs_review,Kaynak bulunana kadar pending kalsın Lif/şeker/sodyum placeholder sıfır; gerçek değerler eklenmeli.
190,Barbunya Pilaki,Genel,Yemek,220,8,32,7,category_fix,category: Genel -> Yemek,needs_review,Kategori düzelt + değer kontrol Kategori düzeltildi; besin değerleri değişmedi. Lif/şeker/sodyum placeholder sıfır; gerçek değerler eklenmeli.
191,Nohut Yemeği,Baklagil,Baklagil,260,12,36,8,none,review_metadata_added,needs_review,TÜRKOMP/tarif hesabı gerekir Lif/şeker/sodyum placeholder sıfır; gerçek değerler eklenmeli.
192,Bamya Yemeği,Genel,Yemek,180,4,20,9,category_fix,category: Genel -> Yemek,needs_review,Kategori düzelt + değer kontrol Kategori düzeltildi; besin değerleri değişmedi. Lif/şeker/sodyum placeholder sıfır; gerçek değerler eklenmeli.
193,Mücver,Genel,Yemek,240,8,18,16,category_fix,category: Genel -> Yemek,needs_review,Kategori düzelt + değer kontrol Kategori düzeltildi; besin değerleri değişmedi. Lif/şeker/sodyum placeholder sıfır; gerçek değerler eklenmeli.
194,Patates Salatası,Sebze,Sebze,180,3,24,8,none,review_metadata_added,needs_review,TÜRKOMP/tarif hesabı gerekir Lif/şeker/sodyum placeholder sıfır; gerçek değerler eklenmeli.
195,Çoban Salata,Genel,Sebze,85,2,10,4,category_fix,category: Genel -> Sebze,needs_review,Kategori düzelt + değer kontrol Kategori düzeltildi; besin değerleri değişmedi. Lif/şeker/sodyum placeholder sıfır; gerçek değerler eklenmeli.
196,Piyaz,Genel,Yemek,220,10,28,8,category_fix,category: Genel -> Yemek,needs_review,Kategori düzelt + değer kontrol Kategori düzeltildi; besin değerleri değişmedi. Lif/şeker/sodyum placeholder sıfır; gerçek değerler eklenmeli.
197,Falafel,Genel,Yemek,57,2.5,5.5,3,category_fix,category: Genel -> Yemek,needs_review,Kategori düzelt + değer kontrol Kategori düzeltildi; besin değerleri değişmedi. Lif/şeker/sodyum placeholder sıfır; gerçek değerler eklenmeli.
198,Lahana Sarması,Yemek,Sebze,120,5,14,5,category_fix,category: Yemek -> Sebze,needs_review,TÜRKOMP/tarif hesabı gerekir Kategori düzeltildi; besin değerleri değişmedi. Lif/şeker/sodyum placeholder sıfır; gerçek değerler eklenmeli.
199,Ispanak Yemeği,Sebze,Sebze,140,5,10,9,none,review_metadata_added,needs_review,TÜRKOMP/tarif hesabı gerekir Lif/şeker/sodyum placeholder sıfır; gerçek değerler eklenmeli.
200,Fırın Makarna,Tahıl & Ekmek,Tahıl & Ekmek,420,16,52,16,none,review_metadata_added,needs_review,Kaynak bulunana kadar pending kalsın Lif/şeker/sodyum placeholder sıfır; gerçek değerler eklenmeli.
201,Balık Tava,Balık & Deniz,Balık & Deniz,320,24,18,18,none,review_metadata_added,needs_review,TÜRKOMP/tarif hesabı gerekir Lif/şeker/sodyum placeholder sıfır; gerçek değerler eklenmeli.
202,Midye Tava,Balık & Deniz,Balık & Deniz,280,14,22,16,none,review_metadata_added,needs_review,TÜRKOMP/tarif hesabı gerekir Lif/şeker/sodyum placeholder sıfır; gerçek değerler eklenmeli.
203,Kumpir,Genel,Yemek,450,12,58,18,category_fix,category: Genel -> Yemek,needs_review,Kategori düzelt + değer kontrol Kategori düzeltildi; besin değerleri değişmedi. Lif/şeker/sodyum placeholder sıfır; gerçek değerler eklenmeli.
204,Dürüm (Tavuk),Et & Tavuk,Et & Tavuk,480,28,48,18,none,review_metadata_added,needs_review,TÜRKOMP/tarif hesabı gerekir Lif/şeker/sodyum placeholder sıfır; gerçek değerler eklenmeli.
205,Yayla Çorbası,Çorba,Çorba,145,5,18,6,none,review_metadata_added,needs_review,TÜRKOMP/tarif hesabı gerekir Lif/şeker/sodyum placeholder sıfır; gerçek değerler eklenmeli.
206,Şehriye Çorbası,Çorba,Çorba,130,4,20,4,none,review_metadata_added,needs_review,TÜRKOMP/tarif hesabı gerekir Lif/şeker/sodyum placeholder sıfır; gerçek değerler eklenmeli.
207,Düğün Çorbası,Çorba,Çorba,160,8,14,8,none,review_metadata_added,needs_review,TÜRKOMP/tarif hesabı gerekir Lif/şeker/sodyum placeholder sıfır; gerçek değerler eklenmeli.
208,Brokoli Çorbası,Çorba,Çorba,110,5,12,5,none,review_metadata_added,needs_review,TÜRKOMP/tarif hesabı gerekir Lif/şeker/sodyum placeholder sıfır; gerçek değerler eklenmeli.
209,Yüksük Çorbası,Çorba,Çorba,155,6,22,5,none,review_metadata_added,needs_review,TÜRKOMP/tarif hesabı gerekir Lif/şeker/sodyum placeholder sıfır; gerçek değerler eklenmeli.
210,Tahin Pekmez,Genel,Kahvaltılık,196,4,28,8,category_fix,category: Genel -> Kahvaltılık,needs_review,Kategori düzelt + değer kontrol Kategori düzeltildi; besin değerleri değişmedi. Lif/şeker/sodyum placeholder sıfır; gerçek değerler eklenmeli.
211,Krep,Genel,Tahıl & Ekmek,180,6,24,7,category_fix,category: Genel -> Tahıl & Ekmek,needs_review,TÜRKOMP/tarif hesabı gerekir Kategori düzeltildi; besin değerleri değişmedi. Lif/şeker/sodyum placeholder sıfır; gerçek değerler eklenmeli.
212,Waffle,Genel,Tahıl & Ekmek,291,7,38,12,category_fix,category: Genel -> Tahıl & Ekmek,needs_review,TÜRKOMP/tarif hesabı gerekir Kategori düzeltildi; besin değerleri değişmedi. Lif/şeker/sodyum placeholder sıfır; gerçek değerler eklenmeli.
213,Poğaça (Zeytinli),Tahıl & Ekmek,Tahıl & Ekmek,280,6,32,14,none,review_metadata_added,needs_review,TÜRKOMP/tarif hesabı gerekir Lif/şeker/sodyum placeholder sıfır; gerçek değerler eklenmeli.
214,Ayçiçek Yağı,Genel,Yağ & Sos,90,0,0,10,category_fix,category: Genel -> Yağ & Sos,needs_review,Kategori düzelt + değer kontrol Kategori düzeltildi; besin değerleri değişmedi. Lif/şeker/sodyum placeholder sıfır; gerçek değerler eklenmeli.
215,Antep Fıstığı,Genel,Kuruyemiş,12,0.4,0.5,1,category_fix,category: Genel -> Kuruyemiş,needs_review,Kategori düzelt + değer kontrol Kategori düzeltildi; besin değerleri değişmedi. Lif/şeker/sodyum placeholder sıfır; gerçek değerler eklenmeli.
216,Kaju,Genel,Kuruyemiş,157,5,9,12,category_fix,category: Genel -> Kuruyemiş,needs_review,Kategori düzelt + değer kontrol Kategori düzeltildi; besin değerleri değişmedi. Lif/şeker/sodyum placeholder sıfır; gerçek değerler eklenmeli.
217,Leblebi,Genel,Kuruyemiş,120,6,18,2,category_fix,category: Genel -> Kuruyemiş,needs_review,Kategori düzelt + değer kontrol Kategori düzeltildi; besin değerleri değişmedi. Lif/şeker/sodyum placeholder sıfır; gerçek değerler eklenmeli.
218,Karışık Kuruyemiş,Genel,Kuruyemiş,175,5,6,15,category_fix,category: Genel -> Kuruyemiş,needs_review,Kategori düzelt + değer kontrol Kategori düzeltildi; besin değerleri değişmedi. Lif/şeker/sodyum placeholder sıfır; gerçek değerler eklenmeli.
219,Bisküvi (Petibör),Genel,Atıştırmalık,52,0.8,7.5,2,category_fix,category: Genel -> Atıştırmalık,pending_verification,Kategori düzelt + değer kontrol Kategori düzeltildi; besin değerleri değişmedi. Lif/şeker/sodyum placeholder sıfır; gerçek değerler eklenmeli.
220,Çikolata (Sütlü),Süt Ürünleri,Atıştırmalık,150,2,16,9,category_fix,category: Süt Ürünleri -> Atıştırmalık,needs_review,Kategori düzelt + değer kontrol Kategori düzeltildi; besin değerleri değişmedi. Lif/şeker/sodyum placeholder sıfır; gerçek değerler eklenmeli.
221,Gofret,Genel,Atıştırmalık,140,2,18,7,category_fix,category: Genel -> Atıştırmalık,needs_review,Kategori düzelt + değer kontrol Kategori düzeltildi; besin değerleri değişmedi. Lif/şeker/sodyum placeholder sıfır; gerçek değerler eklenmeli.
222,Cips (Patates),Sebze,Atıştırmalık,152,2,15,10,category_fix,category: Sebze -> Atıştırmalık,needs_review,Kategori düzelt + değer kontrol Kategori düzeltildi; besin değerleri değişmedi. Lif/şeker/sodyum placeholder sıfır; gerçek değerler eklenmeli.
223,Kraker,Genel,Atıştırmalık,120,3,18,4,category_fix,category: Genel -> Atıştırmalık,needs_review,Kategori düzelt + değer kontrol Kategori düzeltildi; besin değerleri değişmedi. Lif/şeker/sodyum placeholder sıfır; gerçek değerler eklenmeli.
224,Popcorn,Genel,Atıştırmalık,93,3,12,4,category_fix,category: Genel -> Atıştırmalık,needs_review,Kategori düzelt + değer kontrol Kategori düzeltildi; besin değerleri değişmedi. Lif/şeker/sodyum placeholder sıfır; gerçek değerler eklenmeli.
225,Granola Bar,Tahıl & Ekmek,Tahıl & Ekmek,190,4,28,7,none,review_metadata_added,needs_review,USDA adayını elle kontrol et; pişmiş/çiğ farkını netleştir Lif/şeker/sodyum placeholder sıfır; gerçek değerler eklenmeli.
226,İrmik Helvası,Tatlı,Tatlı,280,4,38,13,none,review_metadata_added,needs_review,TÜRKOMP/tarif hesabı gerekir Lif/şeker/sodyum placeholder sıfır; gerçek değerler eklenmeli.
227,Lokma,Genel,Tatlı,75,1,10,3.5,category_fix,category: Genel -> Tatlı,pending_verification,Kategori düzelt + değer kontrol Kategori düzeltildi; besin değerleri değişmedi. Lif/şeker/sodyum placeholder sıfır; gerçek değerler eklenmeli.
228,Turşu (Karışık),Genel,Sebze,20,0.5,4,0.1,category_fix,category: Genel -> Sebze,pending_verification,Kategori düzelt + değer kontrol Kategori düzeltildi; besin değerleri değişmedi. Lif/şeker/sodyum placeholder sıfır; gerçek değerler eklenmeli.
229,Peynirli Tost,Süt Ürünleri,Tahıl & Ekmek,340,14,36,16,category_fix,category: Süt Ürünleri -> Tahıl & Ekmek,needs_review,TÜRKOMP/tarif hesabı gerekir Kategori düzeltildi; besin değerleri değişmedi. Lif/şeker/sodyum placeholder sıfır; gerçek değerler eklenmeli.
230,Sucuklu Pide,Et & Tavuk,Tahıl & Ekmek,680,28,72,32,category_fix,category: Et & Tavuk -> Tahıl & Ekmek,needs_review,TÜRKOMP/tarif hesabı gerekir Kategori düzeltildi; besin değerleri değişmedi. Lif/şeker/sodyum placeholder sıfır; gerçek değerler eklenmeli.
231,Tavuklu Salata,Et & Tavuk,Et & Tavuk,220,24,10,10,none,review_metadata_added,needs_review,TÜRKOMP/tarif hesabı gerekir Lif/şeker/sodyum placeholder sıfır; gerçek değerler eklenmeli.
232,Ton Salata,Genel,Yemek,195,22,8,9,category_fix,category: Genel -> Yemek,needs_review,Kategori düzelt + değer kontrol Kategori düzeltildi; besin değerleri değişmedi. Lif/şeker/sodyum placeholder sıfır; gerçek değerler eklenmeli.
233,Mercimek Salatası,Baklagil,Baklagil,180,10,26,5,none,review_metadata_added,needs_review,TÜRKOMP/tarif hesabı gerekir Lif/şeker/sodyum placeholder sıfır; gerçek değerler eklenmeli.
234,Zeytinyağlı Enginar,Yağ & Sos,Yemek,160,4,14,10,category_fix,category: Yağ & Sos -> Yemek,pending_verification,Kategori düzelt + değer kontrol Kategori düzeltildi; besin değerleri değişmedi. Lif/şeker/sodyum placeholder sıfır; gerçek değerler eklenmeli.
235,Fasulye Pilaki,Baklagil,Baklagil,210,7,30,7,none,review_metadata_added,pending_verification,Kaynak bulunana kadar pending kalsın Lif/şeker/sodyum placeholder sıfır; gerçek değerler eklenmeli.
236,Karnıyarık (Kıymalı),Yemek,Yemek,340,16,18,24,none,review_metadata_added,needs_review,TÜRKOMP/tarif hesabı gerekir Lif/şeker/sodyum placeholder sıfır; gerçek değerler eklenmeli.
237,Tavuk Sote,Et & Tavuk,Et & Tavuk,260,32,8,11,none,review_metadata_added,needs_review,TÜRKOMP/tarif hesabı gerekir Lif/şeker/sodyum placeholder sıfır; gerçek değerler eklenmeli.
238,Balık (Izgara),Balık & Deniz,Balık & Deniz,206,34,0,7,none,review_metadata_added,needs_review,Kaynak bulunana kadar pending kalsın Lif/şeker/sodyum placeholder sıfır; gerçek değerler eklenmeli.
239,Muzlu Süt,Süt Ürünleri,İçecek,180,7,28,4,category_fix,category: Süt Ürünleri -> İçecek,needs_review,Kategori düzelt + değer kontrol Kategori düzeltildi; besin değerleri değişmedi. Lif/şeker/sodyum placeholder sıfır; gerçek değerler eklenmeli.
240,Çay (Sütlü),Süt Ürünleri,İçecek,45,1.5,6,1.5,category_fix,category: Süt Ürünleri -> İçecek,pending_verification,Kategori düzelt + değer kontrol Kategori düzeltildi; besin değerleri değişmedi. Lif/şeker/sodyum placeholder sıfır; gerçek değerler eklenmeli.
