candidate_id,name_tr,name_en,target_state,preferred_source,candidate_1_food_id,candidate_1_name_en,candidate_1_name_tr,candidate_1_category,candidate_1_calories_100g,candidate_1_protein_100g,candidate_1_carbs_100g,candidate_1_fat_100g,candidate_1_fiber_100g,candidate_1_sugar_100g,candidate_1_sodium_mg_100g,candidate_1_score,candidate_2_food_id,candidate_2_name_en,candidate_2_name_tr,candidate_2_category,candidate_2_calories_100g,candidate_2_protein_100g,candidate_2_carbs_100g,candidate_2_fat_100g,candidate_2_fiber_100g,candidate_2_sugar_100g,candidate_2_sodium_mg_100g,candidate_2_score,candidate_3_food_id,candidate_3_name_en,candidate_3_name_tr,candidate_3_category,candidate_3_calories_100g,candidate_3_protein_100g,candidate_3_carbs_100g,candidate_3_fat_100g,candidate_3_fiber_100g,candidate_3_sugar_100g,candidate_3_sodium_mg_100g,candidate_3_score,match_status,review_note
wl_001,Su,Water,plain,MANUAL_REVIEW,,,,,,,,,,,,,,,,,,,,,,,,,,,,,,,,,,,,,manual_review_needed,Low-coverage or baseline item — manual nutrition review; USDA optional.
wl_002,Maden Suyu (Sade),Plain mineral water,plain,OPEN_FOOD_FACTS,,,,,,,,,,,,,,,,,,,,,,,,,,,,,,,,,,,,,open_food_facts_needed,Packaged/branded product — use Open Food Facts barcode lookup; USDA skipped.
wl_003,Soda (Sade),Club soda,plain,OPEN_FOOD_FACTS,,,,,,,,,,,,,,,,,,,,,,,,,,,,,,,,,,,,,open_food_facts_needed,Packaged/branded product — use Open Food Facts barcode lookup; USDA skipped.
wl_004,Türk Çayı (Şekersiz),Black tea unsweetened,unsweetened,USDA,,,,,,,,,,,,,,,,,,,,,,,,,,,,,,,,,,,,,no_source_match,No USDA candidates passed strict scoring filters.
wl_005,Türk Çayı (Şekerli),Black tea with sugar,sweetened,TURKOMP_OR_RECIPE,,,,,,,,,,,,,,,,,,,,,,,,,,,,,,,,,,,,,recipe_or_turkomp_needed,Turkish dish or recipe-based item — TürKomp or ingredient recipe; USDA skipped.
wl_006,Yeşil Çay (Şekersiz),Green tea unsweetened,unsweetened,USDA,6587,Ready-to-drink Green Tea Unsweetened,İçime hazır i̇çime hazır yeşil çay şekersiz,İçecek,0,0,0,0,0,0,7,47.8571,,,,,,,,,,,,,,,,,,,,,,,,,likely_match_manual_check,Plausible USDA candidate — manual review required before catalog update.
wl_007,Bitki Çayı (Şekersiz),Herbal tea unsweetened,unsweetened,MANUAL_REVIEW,,,,,,,,,,,,,,,,,,,,,,,,,,,,,,,,,,,,,manual_review_needed,Low-coverage or baseline item — manual nutrition review; USDA optional.
wl_008,Ihlamur Çayı,Linden tea,unsweetened,MANUAL_REVIEW,,,,,,,,,,,,,,,,,,,,,,,,,,,,,,,,,,,,,manual_review_needed,Low-coverage or baseline item — manual nutrition review; USDA optional.
wl_009,Papatya Çayı,Chamomile tea,unsweetened,MANUAL_REVIEW,,,,,,,,,,,,,,,,,,,,,,,,,,,,,,,,,,,,,manual_review_needed,Low-coverage or baseline item — manual nutrition review; USDA optional.
wl_010,Türk Kahvesi (Sade),Turkish coffee unsweetened,unsweetened,USDA,1262,Brewed Coffee,Demlenmiş kahve,İçecek,2,0.3,0.17,0,0,0,1,19.2857,,,,,,,,,,,,,,,,,,,,,,,,,wrong_or_weak_match,Weak name/category alignment — do not auto-import.
wl_011,Filtre Kahve (Sade),Brewed coffee black,unsweetened,USDA,,,,,,,,,,,,,,,,,,,,,,,,,,,,,,,,,,,,,no_source_match,No USDA candidates passed strict scoring filters.
wl_012,Espresso,Espresso,plain,USDA,1884,Espresso,Espresso,İçecek,9,0.12,1.67,0.18,0,0,14,85,,,,,,,,,,,,,,,,,,,,,,,,,can_update_from_usda,"Strong USDA match — name, state, and category align; quick human confirm then import."
wl_013,Americano,Americano,plain,TURKOMP_OR_RECIPE,,,,,,,,,,,,,,,,,,,,,,,,,,,,,,,,,,,,,recipe_or_turkomp_needed,Turkish dish or recipe-based item — TürKomp or ingredient recipe; USDA skipped.
wl_014,Latte,Latte,prepared,TURKOMP_OR_RECIPE,,,,,,,,,,,,,,,,,,,,,,,,,,,,,,,,,,,,,recipe_or_turkomp_needed,Turkish dish or recipe-based item — TürKomp or ingredient recipe; USDA skipped.
wl_015,Cappuccino,Cappuccino,prepared,TURKOMP_OR_RECIPE,,,,,,,,,,,,,,,,,,,,,,,,,,,,,,,,,,,,,recipe_or_turkomp_needed,Turkish dish or recipe-based item — TürKomp or ingredient recipe; USDA skipped.
wl_016,Flat White,Flat white,prepared,TURKOMP_OR_RECIPE,,,,,,,,,,,,,,,,,,,,,,,,,,,,,,,,,,,,,recipe_or_turkomp_needed,Turkish dish or recipe-based item — TürKomp or ingredient recipe; USDA skipped.
wl_017,Mocha,Mocha coffee,prepared,TURKOMP_OR_RECIPE,,,,,,,,,,,,,,,,,,,,,,,,,,,,,,,,,,,,,recipe_or_turkomp_needed,Turkish dish or recipe-based item — TürKomp or ingredient recipe; USDA skipped.
wl_018,Sütlü Türk Kahvesi,Turkish coffee with milk,prepared,TURKOMP_OR_RECIPE,,,,,,,,,,,,,,,,,,,,,,,,,,,,,,,,,,,,,recipe_or_turkomp_needed,Turkish dish or recipe-based item — TürKomp or ingredient recipe; USDA skipped.
wl_019,Ayran,Ayran,prepared,TURKOMP_OR_RECIPE,,,,,,,,,,,,,,,,,,,,,,,,,,,,,,,,,,,,,recipe_or_turkomp_needed,Turkish dish or recipe-based item — TürKomp or ingredient recipe; USDA skipped.
wl_020,Kefir,Kefir plain,plain,USDA,,,,,,,,,,,,,,,,,,,,,,,,,,,,,,,,,,,,,no_source_match,No USDA candidates passed strict scoring filters.
wl_021,Tam Yağlı Süt,Whole milk,whole milk,USDA,5123,Whole Milk,Tam yağlı süt,Süt Ürünleri,64,3.28,4.65,3.66,0,0,49,85,,,,,,,,,,,,,,,,,,,,,,,,,can_update_from_usda,"Strong USDA match — name, state, and category align; quick human confirm then import."
wl_022,Yarım Yağlı Süt,Reduced-fat milk,reduced fat,USDA,5509,Reduced-Fat Milk,Yarım Yağlı Süt,Süt Ürünleri,50,3.35,4.91,1.9,0,0,39,77.8571,,,,,,,,,,,,,,,,,,,,,,,,,can_update_from_usda,"Strong USDA match — name, state, and category align; quick human confirm then import."
wl_023,Yağsız Süt,Skim milk,skim milk,USDA,5674,Skim Milk,Yağsız süt,Süt Ürünleri,37,3.57,5.02,0.25,0,5.02,53,75,5678,Nonfat Milk Powder,Yağsız süt tozu,Süt Ürünleri,362,36.16,51.98,0.77,0,51.98,535,45,,,,,,,,,,,,,can_update_from_usda,"Strong USDA match — name, state, and category align; quick human confirm then import."
wl_024,Laktozsuz Süt,Lactose-free milk,plain,OPEN_FOOD_FACTS,,,,,,,,,,,,,,,,,,,,,,,,,,,,,,,,,,,,,open_food_facts_needed,Packaged/branded product — use Open Food Facts barcode lookup; USDA skipped.
wl_025,Soya Sütü (Şekersiz),Unsweetened soy milk,unsweetened,OPEN_FOOD_FACTS,,,,,,,,,,,,,,,,,,,,,,,,,,,,,,,,,,,,,open_food_facts_needed,Packaged/branded product — use Open Food Facts barcode lookup; USDA skipped.
wl_026,Badem Sütü (Şekersiz),Unsweetened almond milk,unsweetened,OPEN_FOOD_FACTS,,,,,,,,,,,,,,,,,,,,,,,,,,,,,,,,,,,,,open_food_facts_needed,Packaged/branded product — use Open Food Facts barcode lookup; USDA skipped.
wl_027,Yulaf Sütü (Şekersiz),Unsweetened oat milk,unsweetened,OPEN_FOOD_FACTS,,,,,,,,,,,,,,,,,,,,,,,,,,,,,,,,,,,,,open_food_facts_needed,Packaged/branded product — use Open Food Facts barcode lookup; USDA skipped.
wl_028,Hindistan Cevizi Sütü,Coconut milk beverage,unsweetened,OPEN_FOOD_FACTS,,,,,,,,,,,,,,,,,,,,,,,,,,,,,,,,,,,,,open_food_facts_needed,Packaged/branded product — use Open Food Facts barcode lookup; USDA skipped.
wl_029,Kakaolu Süt,Chocolate milk,any,OPEN_FOOD_FACTS,,,,,,,,,,,,,,,,,,,,,,,,,,,,,,,,,,,,,open_food_facts_needed,Packaged/branded product — use Open Food Facts barcode lookup; USDA skipped.
wl_030,Muzlu Süt,Banana milk,any,OPEN_FOOD_FACTS,,,,,,,,,,,,,,,,,,,,,,,,,,,,,,,,,,,,,open_food_facts_needed,Packaged/branded product — use Open Food Facts barcode lookup; USDA skipped.
wl_031,Portakal Suyu,Orange juice,100% juice,USDA,4646,Orange Juice,Portakal suyu,İçecek,45,0.7,10.4,0.2,0.2,8.4,1,75,4648,Orange Juice Drink,Portakal suyu içeceği,İçecek,54,0.2,13.41,0,0.2,9.36,2,45,2250,Prepared Orange Juice Drink Powder,Hazırlanmış portakal suyu içeceği tozu,İçecek,49,0,12.65,0,0.1,11.8,5,10,can_update_from_usda,"Strong USDA match — name, state, and category align; quick human confirm then import."
wl_032,Elma Suyu,Apple juice,100% juice,USDA,3997,Cranberry Apple Juice Drink,Kızılcık-elma suyu içeceği,İçecek,19,0.1,4.7,0,0.1,4.6,5,45,2985,"Apple Juice, From Concentrate, Shelf-Stable",Konsantreden Raf Ömrü Uzun Elma Suyu,İçecek,48.3763,0.0859,11.364,0.2863,0,0,4.872,45,4014,Light Apple Juice Drink,Light elma suyu içeceği,İçecek,22,0,5.1,0.1,0,4.8,13,45,likely_match_manual_check,Plausible USDA candidate — manual review required before catalog update.
wl_033,Greyfurt Suyu,Grapefruit juice,100% juice,USDA,55,Pineapple Grapefruit Juice Drink,Ananas-greyfurt suyu içeceği,İçecek,47,0.2,11.6,0.1,0.1,11.52,14,83.5,537,White Grapefruit Juice,Beyaz Greyfurt Suyu,İçecek,39,0.5,9.2,0.1,0.1,9.1,1,83.5,4643,"Orange Grapefruit Juice, Unsweetened, Canned","Portakal greyfurt suyu, şekersiz, konserve",İçecek,43,0.6,10.28,0.1,0.1,10.18,3,48.5,can_update_from_usda,"Strong USDA match — name, state, and category align; quick human confirm then import."
wl_034,Üzüm Suyu,Grape juice,100% juice,USDA,4000,Cranberry Grape Juice Drink,Kızılcık-üzüm suyu içeceği,İçecek,56,0.2,14,0.1,0.1,0,3,83.5,2983,"White Grape Juice, From Concentrate, Shelf-Stable",Konsantreden Raf Ömrü Uzun Beyaz Üzüm Suyu,İçecek,66.135,0.0938,15.8438,0.265,0,0,7.188,83.5,,,,,,,,,,,,,can_update_from_usda,"Strong USDA match — name, state, and category align; quick human confirm then import."
wl_035,Nar Suyu,Pomegranate juice,any,OPEN_FOOD_FACTS,,,,,,,,,,,,,,,,,,,,,,,,,,,,,,,,,,,,,open_food_facts_needed,Packaged/branded product — use Open Food Facts barcode lookup; USDA skipped.
wl_036,Vişne Suyu,Sour cherry juice,any,OPEN_FOOD_FACTS,,,,,,,,,,,,,,,,,,,,,,,,,,,,,,,,,,,,,open_food_facts_needed,Packaged/branded product — use Open Food Facts barcode lookup; USDA skipped.
wl_037,Kayısı Nektarı,Apricot nectar,any,OPEN_FOOD_FACTS,,,,,,,,,,,,,,,,,,,,,,,,,,,,,,,,,,,,,open_food_facts_needed,Packaged/branded product — use Open Food Facts barcode lookup; USDA skipped.
wl_038,Şeftali Nektarı,Peach nectar,any,OPEN_FOOD_FACTS,,,,,,,,,,,,,,,,,,,,,,,,,,,,,,,,,,,,,open_food_facts_needed,Packaged/branded product — use Open Food Facts barcode lookup; USDA skipped.
wl_039,Domates Suyu,Tomato juice,any,USDA,2984,"Tomato Juice, From Concentrate, Shelf-Stable",Konsantreden Raf Ömrü Uzun Domates Suyu,İçecek,23.3075,0.8594,4.3206,0.2875,0,0,235.6,83.5,3336,Clam and Tomato Juice,Konserve deniz tarağı ve domates suyu,İçecek,48,0.6,10.95,0.2,0.4,3.31,362,83.5,1317,Canned Red Tomatoes in Tomato Juice,Domates Suyunda Konserve Kırmızı Domates,Sebze,16,0.79,3.47,0.25,1.9,2.55,115,71,can_update_from_usda,"Strong USDA match — name, state, and category align; quick human confirm then import."
wl_040,Havuç Suyu,Carrot juice,any,USDA,3073,Canned Carrot Juice,Konserve Havuç Suyu,Sebze,40,0.95,9.28,0.15,0.8,3.91,66,83.5,,,,,,,,,,,,,,,,,,,,,,,,,can_update_from_usda,"Strong USDA match — name, state, and category align; quick human confirm then import."
wl_041,Limonata (Ev Yapımı),Homemade lemonade,any,TURKOMP_OR_RECIPE,,,,,,,,,,,,,,,,,,,,,,,,,,,,,,,,,,,,,recipe_or_turkomp_needed,Turkish dish or recipe-based item — TürKomp or ingredient recipe; USDA skipped.
wl_042,Limonata (Şekersiz),Unsweetened lemonade,any,TURKOMP_OR_RECIPE,,,,,,,,,,,,,,,,,,,,,,,,,,,,,,,,,,,,,recipe_or_turkomp_needed,Turkish dish or recipe-based item — TürKomp or ingredient recipe; USDA skipped.
wl_043,Kola,Cola,any,OPEN_FOOD_FACTS,,,,,,,,,,,,,,,,,,,,,,,,,,,,,,,,,,,,,open_food_facts_needed,Packaged/branded product — use Open Food Facts barcode lookup; USDA skipped.
wl_044,Kola Zero,Diet cola,any,OPEN_FOOD_FACTS,,,,,,,,,,,,,,,,,,,,,,,,,,,,,,,,,,,,,open_food_facts_needed,Packaged/branded product — use Open Food Facts barcode lookup; USDA skipped.
wl_045,Gazoz,Lemon-lime soda,any,OPEN_FOOD_FACTS,,,,,,,,,,,,,,,,,,,,,,,,,,,,,,,,,,,,,open_food_facts_needed,Packaged/branded product — use Open Food Facts barcode lookup; USDA skipped.
wl_046,Ginger Ale,Ginger ale,any,OPEN_FOOD_FACTS,,,,,,,,,,,,,,,,,,,,,,,,,,,,,,,,,,,,,open_food_facts_needed,Packaged/branded product — use Open Food Facts barcode lookup; USDA skipped.
wl_047,Tonik Su,Tonic water,any,OPEN_FOOD_FACTS,,,,,,,,,,,,,,,,,,,,,,,,,,,,,,,,,,,,,open_food_facts_needed,Packaged/branded product — use Open Food Facts barcode lookup; USDA skipped.
wl_048,Soğuk Çay,Iced tea,any,OPEN_FOOD_FACTS,,,,,,,,,,,,,,,,,,,,,,,,,,,,,,,,,,,,,open_food_facts_needed,Packaged/branded product — use Open Food Facts barcode lookup; USDA skipped.
wl_049,Soğuk Kahve,Iced coffee,any,TURKOMP_OR_RECIPE,,,,,,,,,,,,,,,,,,,,,,,,,,,,,,,,,,,,,recipe_or_turkomp_needed,Turkish dish or recipe-based item — TürKomp or ingredient recipe; USDA skipped.
wl_050,Enerji İçeceği,Energy drink,any,OPEN_FOOD_FACTS,,,,,,,,,,,,,,,,,,,,,,,,,,,,,,,,,,,,,open_food_facts_needed,Packaged/branded product — use Open Food Facts barcode lookup; USDA skipped.
wl_051,Spor İçeceği,Sports drink,any,OPEN_FOOD_FACTS,,,,,,,,,,,,,,,,,,,,,,,,,,,,,,,,,,,,,open_food_facts_needed,Packaged/branded product — use Open Food Facts barcode lookup; USDA skipped.
wl_052,Elektrolit İçeceği,Electrolyte drink,any,OPEN_FOOD_FACTS,,,,,,,,,,,,,,,,,,,,,,,,,,,,,,,,,,,,,open_food_facts_needed,Packaged/branded product — use Open Food Facts barcode lookup; USDA skipped.
wl_053,Protein Shake (Sütlü),Protein shake with milk,any,MANUAL_REVIEW,,,,,,,,,,,,,,,,,,,,,,,,,,,,,,,,,,,,,manual_review_needed,Low-coverage or baseline item — manual nutrition review; USDA optional.
wl_054,Protein Shake (Su ile),Protein shake with water,any,MANUAL_REVIEW,,,,,,,,,,,,,,,,,,,,,,,,,,,,,,,,,,,,,manual_review_needed,Low-coverage or baseline item — manual nutrition review; USDA optional.
wl_055,Smoothie (Muzlu),Banana smoothie,any,TURKOMP_OR_RECIPE,,,,,,,,,,,,,,,,,,,,,,,,,,,,,,,,,,,,,recipe_or_turkomp_needed,Turkish dish or recipe-based item — TürKomp or ingredient recipe; USDA skipped.
wl_056,Smoothie (Yeşil),Green smoothie,any,TURKOMP_OR_RECIPE,,,,,,,,,,,,,,,,,,,,,,,,,,,,,,,,,,,,,recipe_or_turkomp_needed,Turkish dish or recipe-based item — TürKomp or ingredient recipe; USDA skipped.
wl_057,Smoothie (Çilekli),Strawberry smoothie,any,TURKOMP_OR_RECIPE,,,,,,,,,,,,,,,,,,,,,,,,,,,,,,,,,,,,,recipe_or_turkomp_needed,Turkish dish or recipe-based item — TürKomp or ingredient recipe; USDA skipped.
wl_058,Salep,Salep,any,TURKOMP_OR_RECIPE,,,,,,,,,,,,,,,,,,,,,,,,,,,,,,,,,,,,,recipe_or_turkomp_needed,Turkish dish or recipe-based item — TürKomp or ingredient recipe; USDA skipped.
wl_059,Boza,Boza,any,TURKOMP_OR_RECIPE,,,,,,,,,,,,,,,,,,,,,,,,,,,,,,,,,,,,,recipe_or_turkomp_needed,Turkish dish or recipe-based item — TürKomp or ingredient recipe; USDA skipped.
wl_060,Şalgam Suyu,Turnip juice,any,TURKOMP_OR_RECIPE,,,,,,,,,,,,,,,,,,,,,,,,,,,,,,,,,,,,,recipe_or_turkomp_needed,Turkish dish or recipe-based item — TürKomp or ingredient recipe; USDA skipped.
wl_061,Komposto,Fruit compote drink,any,TURKOMP_OR_RECIPE,,,,,,,,,,,,,,,,,,,,,,,,,,,,,,,,,,,,,recipe_or_turkomp_needed,Turkish dish or recipe-based item — TürKomp or ingredient recipe; USDA skipped.
wl_062,Hoşaf,Dried fruit compote drink,any,TURKOMP_OR_RECIPE,,,,,,,,,,,,,,,,,,,,,,,,,,,,,,,,,,,,,recipe_or_turkomp_needed,Turkish dish or recipe-based item — TürKomp or ingredient recipe; USDA skipped.
wl_063,Sıcak Çikolata,Hot chocolate,any,TURKOMP_OR_RECIPE,,,,,,,,,,,,,,,,,,,,,,,,,,,,,,,,,,,,,recipe_or_turkomp_needed,Turkish dish or recipe-based item — TürKomp or ingredient recipe; USDA skipped.
wl_064,Matcha Latte,Matcha latte,any,TURKOMP_OR_RECIPE,,,,,,,,,,,,,,,,,,,,,,,,,,,,,,,,,,,,,recipe_or_turkomp_needed,Turkish dish or recipe-based item — TürKomp or ingredient recipe; USDA skipped.
wl_065,Chai Latte,Chai latte,any,TURKOMP_OR_RECIPE,,,,,,,,,,,,,,,,,,,,,,,,,,,,,,,,,,,,,recipe_or_turkomp_needed,Turkish dish or recipe-based item — TürKomp or ingredient recipe; USDA skipped.
wl_066,Bubble Tea,Bubble tea,any,OPEN_FOOD_FACTS,,,,,,,,,,,,,,,,,,,,,,,,,,,,,,,,,,,,,open_food_facts_needed,Packaged/branded product — use Open Food Facts barcode lookup; USDA skipped.
wl_067,Kombucha,Kombucha,any,OPEN_FOOD_FACTS,,,,,,,,,,,,,,,,,,,,,,,,,,,,,,,,,,,,,open_food_facts_needed,Packaged/branded product — use Open Food Facts barcode lookup; USDA skipped.
wl_068,Kefir (Meyveli),Flavored kefir,any,OPEN_FOOD_FACTS,,,,,,,,,,,,,,,,,,,,,,,,,,,,,,,,,,,,,open_food_facts_needed,Packaged/branded product — use Open Food Facts barcode lookup; USDA skipped.
wl_069,Ayran (Light),Light ayran,any,OPEN_FOOD_FACTS,,,,,,,,,,,,,,,,,,,,,,,,,,,,,,,,,,,,,open_food_facts_needed,Packaged/branded product — use Open Food Facts barcode lookup; USDA skipped.
wl_070,Süt (UHT Tam Yağlı),UHT whole milk,whole milk,OPEN_FOOD_FACTS,,,,,,,,,,,,,,,,,,,,,,,,,,,,,,,,,,,,,open_food_facts_needed,Packaged/branded product — use Open Food Facts barcode lookup; USDA skipped.
wl_071,Krema (Kahve İçin),Coffee creamer,any,OPEN_FOOD_FACTS,,,,,,,,,,,,,,,,,,,,,,,,,,,,,,,,,,,,,open_food_facts_needed,Packaged/branded product — use Open Food Facts barcode lookup; USDA skipped.
wl_072,Buzlu Matcha,Iced matcha,any,TURKOMP_OR_RECIPE,,,,,,,,,,,,,,,,,,,,,,,,,,,,,,,,,,,,,recipe_or_turkomp_needed,Turkish dish or recipe-based item — TürKomp or ingredient recipe; USDA skipped.
wl_073,Frappé,Coffee frappe,any,TURKOMP_OR_RECIPE,,,,,,,,,,,,,,,,,,,,,,,,,,,,,,,,,,,,,recipe_or_turkomp_needed,Turkish dish or recipe-based item — TürKomp or ingredient recipe; USDA skipped.
wl_074,Meyve Suyu Karışımı,Mixed fruit juice,any,OPEN_FOOD_FACTS,,,,,,,,,,,,,,,,,,,,,,,,,,,,,,,,,,,,,open_food_facts_needed,Packaged/branded product — use Open Food Facts barcode lookup; USDA skipped.
wl_075,Ananas Suyu,Pineapple juice,any,USDA,1756,"Frozen Concentrate Pineapple Juice, Unsweetened","Donmuş Konsantre Ananas Suyu, Şekersiz",İçecek,179,1.3,44.3,0.1,0.7,43.6,3,83.5,,,,,,,,,,,,,,,,,,,,,,,,,can_update_from_usda,"Strong USDA match — name, state, and category align; quick human confirm then import."
wl_076,Mango Suyu,Mango juice,any,USDA,4087,"Mango Nectar, Canned","Mango nektarı, konserve",İçecek,51,0.11,13.12,0.06,0.3,12.45,5,21.6667,,,,,,,,,,,,,,,,,,,,,,,,,wrong_or_weak_match,Weak name/category alignment — do not auto-import.
wl_077,Karışık Meyve Nektarı,Mixed fruit nectar,any,OPEN_FOOD_FACTS,,,,,,,,,,,,,,,,,,,,,,,,,,,,,,,,,,,,,open_food_facts_needed,Packaged/branded product — use Open Food Facts barcode lookup; USDA skipped.
wl_078,Limon Suyu (Sıkma),Fresh lemon juice,raw,USDA,4035,"Lemon Juice, Raw","Limon suyu, çiğ",İçecek,22,0.35,6.9,0.24,0.3,2.52,1,69.2143,,,,,,,,,,,,,,,,,,,,,,,,,can_update_from_usda,"Strong USDA match — name, state, and category align; quick human confirm then import."
wl_079,Portakal Suyu (Taze Sıkma),Fresh squeezed orange juice,raw,USDA,,,,,,,,,,,,,,,,,,,,,,,,,,,,,,,,,,,,,no_source_match,No USDA candidates passed strict scoring filters.
wl_080,Nar Suyu (Taze),Fresh pomegranate juice,any,TURKOMP_OR_RECIPE,,,,,,,,,,,,,,,,,,,,,,,,,,,,,,,,,,,,,recipe_or_turkomp_needed,Turkish dish or recipe-based item — TürKomp or ingredient recipe; USDA skipped.
wl_081,Soda Limon,Lemon soda,any,OPEN_FOOD_FACTS,,,,,,,,,,,,,,,,,,,,,,,,,,,,,,,,,,,,,open_food_facts_needed,Packaged/branded product — use Open Food Facts barcode lookup; USDA skipped.
wl_082,Root Beer,Root beer,any,OPEN_FOOD_FACTS,,,,,,,,,,,,,,,,,,,,,,,,,,,,,,,,,,,,,open_food_facts_needed,Packaged/branded product — use Open Food Facts barcode lookup; USDA skipped.
wl_083,Cola (Şekersiz),Sugar-free cola,any,OPEN_FOOD_FACTS,,,,,,,,,,,,,,,,,,,,,,,,,,,,,,,,,,,,,open_food_facts_needed,Packaged/branded product — use Open Food Facts barcode lookup; USDA skipped.
wl_084,Meyveli Gazoz,Fruit soda,any,OPEN_FOOD_FACTS,,,,,,,,,,,,,,,,,,,,,,,,,,,,,,,,,,,,,open_food_facts_needed,Packaged/branded product — use Open Food Facts barcode lookup; USDA skipped.
wl_085,Vitamin Su,Vitamin water,any,OPEN_FOOD_FACTS,,,,,,,,,,,,,,,,,,,,,,,,,,,,,,,,,,,,,open_food_facts_needed,Packaged/branded product — use Open Food Facts barcode lookup; USDA skipped.
wl_086,Protein Süt,Protein milk drink,any,OPEN_FOOD_FACTS,,,,,,,,,,,,,,,,,,,,,,,,,,,,,,,,,,,,,open_food_facts_needed,Packaged/branded product — use Open Food Facts barcode lookup; USDA skipped.
wl_087,Yoğurt İçeceği,Yogurt drink,any,OPEN_FOOD_FACTS,,,,,,,,,,,,,,,,,,,,,,,,,,,,,,,,,,,,,open_food_facts_needed,Packaged/branded product — use Open Food Facts barcode lookup; USDA skipped.
wl_088,Tarçınlı Süt,Cinnamon milk,any,TURKOMP_OR_RECIPE,,,,,,,,,,,,,,,,,,,,,,,,,,,,,,,,,,,,,recipe_or_turkomp_needed,Turkish dish or recipe-based item — TürKomp or ingredient recipe; USDA skipped.
wl_089,Salep (Şekersiz),Salep unsweetened,any,TURKOMP_OR_RECIPE,,,,,,,,,,,,,,,,,,,,,,,,,,,,,,,,,,,,,recipe_or_turkomp_needed,Turkish dish or recipe-based item — TürKomp or ingredient recipe; USDA skipped.
wl_090,Demleme Çay (Büyük Fincan),Brewed tea large cup,unsweetened,USDA,,,,,,,,,,,,,,,,,,,,,,,,,,,,,,,,,,,,,no_source_match,No USDA candidates passed strict scoring filters.
wl_091,Cold Brew Kahve,Cold brew coffee,unsweetened,USDA,,,,,,,,,,,,,,,,,,,,,,,,,,,,,,,,,,,,,no_source_match,No USDA candidates passed strict scoring filters.
wl_092,Macchiato,Macchiato,any,TURKOMP_OR_RECIPE,,,,,,,,,,,,,,,,,,,,,,,,,,,,,,,,,,,,,recipe_or_turkomp_needed,Turkish dish or recipe-based item — TürKomp or ingredient recipe; USDA skipped.
wl_093,Cortado,Cortado,any,TURKOMP_OR_RECIPE,,,,,,,,,,,,,,,,,,,,,,,,,,,,,,,,,,,,,recipe_or_turkomp_needed,Turkish dish or recipe-based item — TürKomp or ingredient recipe; USDA skipped.
wl_094,Affogato,Affogato,any,TURKOMP_OR_RECIPE,,,,,,,,,,,,,,,,,,,,,,,,,,,,,,,,,,,,,recipe_or_turkomp_needed,Turkish dish or recipe-based item — TürKomp or ingredient recipe; USDA skipped.
wl_095,Sahlep Tozu İçecek,Instant salep drink mix,any,OPEN_FOOD_FACTS,,,,,,,,,,,,,,,,,,,,,,,,,,,,,,,,,,,,,open_food_facts_needed,Packaged/branded product — use Open Food Facts barcode lookup; USDA skipped.
wl_096,Toz İçecek (Portakal),Orange drink powder mix,any,OPEN_FOOD_FACTS,,,,,,,,,,,,,,,,,,,,,,,,,,,,,,,,,,,,,open_food_facts_needed,Packaged/branded product — use Open Food Facts barcode lookup; USDA skipped.
wl_097,Buzlu Çay (Şekersiz),Unsweetened iced tea,unsweetened,MANUAL_REVIEW,,,,,,,,,,,,,,,,,,,,,,,,,,,,,,,,,,,,,manual_review_needed,Low-coverage or baseline item — manual nutrition review; USDA optional.
wl_098,Bitter Limonata,Bitter lemon drink,any,OPEN_FOOD_FACTS,,,,,,,,,,,,,,,,,,,,,,,,,,,,,,,,,,,,,open_food_facts_needed,Packaged/branded product — use Open Food Facts barcode lookup; USDA skipped.
wl_099,Enerji İçeceği (Şekersiz),Sugar-free energy drink,any,OPEN_FOOD_FACTS,,,,,,,,,,,,,,,,,,,,,,,,,,,,,,,,,,,,,open_food_facts_needed,Packaged/branded product — use Open Food Facts barcode lookup; USDA skipped.
wl_100,Maden Suyu (Meyveli),Flavored sparkling water,any,OPEN_FOOD_FACTS,,,,,,,,,,,,,,,,,,,,,,,,,,,,,,,,,,,,,open_food_facts_needed,Packaged/branded product — use Open Food Facts barcode lookup; USDA skipped.
wl_101,Sıcak Süt,Hot milk,whole milk,USDA,,,,,,,,,,,,,,,,,,,,,,,,,,,,,,,,,,,,,no_source_match,No USDA candidates passed strict scoring filters.
wl_102,Zencefil Çayı,Ginger tea,unsweetened,MANUAL_REVIEW,,,,,,,,,,,,,,,,,,,,,,,,,,,,,,,,,,,,,manual_review_needed,Low-coverage or baseline item — manual nutrition review; USDA optional.
wl_111,Yaban Mersini,Blueberries,raw,USDA,6425,"Blueberries, Raw",Çiğ Yaban Mersini,Meyve,63.8563,0.7031,14.5718,0.3063,0,0,0,88.5,,,,,,,,,,,,,,,,,,,,,,,,,can_update_from_usda,"Strong USDA match — name, state, and category align; quick human confirm then import."
wl_112,Ahududu,Raspberries,raw,USDA,5990,"Raspberries, Raw",Çiğ Ahududu,Meyve,57.3375,1.0081,12.9044,0.1875,0,0,0,88.5,,,,,,,,,,,,,,,,,,,,,,,,,can_update_from_usda,"Strong USDA match — name, state, and category align; quick human confirm then import."
wl_113,Böğürtlen,Blackberries,raw,USDA,776,Blackberry Juice,Böğürtlen suyu,İçecek,38,0.3,7.8,0.6,0.1,7.7,1,35,6464,Raw Blackberry,Çiğ böğürtlen,Meyve,43,1.39,9.61,0.49,5.3,4.88,1,35,,,,,,,,,,,,,wrong_or_weak_match,Weak name/category alignment — do not auto-import.
wl_114,Misket Limonu,Lime,raw,USDA,4027,"Lime Juice, Raw","Lime suyu, çiğ",İçecek,25,0.42,8.42,0.07,0.4,1.69,2,55.1667,4028,"Limes, Raw","Lime, çiğ",Meyve,30,0.7,10.54,0.2,2.8,1.69,2,55.1667,4187,"Fruit Ice Pop, Lime","Meyveli Buzlu Çubuk, Lime Aromalı",Tatlı,128,0.4,32.6,0,0,32.6,22,55.1667,can_update_from_usda,"Strong USDA match — name, state, and category align; quick human confirm then import."
wl_115,Trabzon Hurması,Persimmon,raw,USDA,6168,Raw Japanese Persimmon,Çiğ Japon Trabzon Hurması,Meyve,70,0.58,18.59,0.19,3.6,12.53,1,88.5,,,,,,,,,,,,,,,,,,,,,,,,,can_update_from_usda,"Strong USDA match — name, state, and category align; quick human confirm then import."
wl_116,Çarkıfelek,Passion fruit,raw,USDA,6258,Raw Purple Passion Fruit,Çiğ Mor Çarkıfelek Meyvesi,Meyve,97,2.2,23.38,0.7,10.4,11.2,28,88.5,4210,Purple Passion Fruit Juice,Mor Çarkıfelek Meyvesi Suyu,İçecek,51,0.39,13.6,0.05,0.2,13.4,6,88.5,,,,,,,,,,,,,can_update_from_usda,"Strong USDA match — name, state, and category align; quick human confirm then import."
wl_117,Kuru İncir,Dried figs,dried,USDA,2262,Stewed Dried Figs,Haşlanmış Kuru İncir,Meyve,107,1.42,27.57,0.4,4.2,23.35,4,88.5,,,,,,,,,,,,,,,,,,,,,,,,,can_update_from_usda,"Strong USDA match — name, state, and category align; quick human confirm then import."
wl_118,Kuru Erik,Prunes,dried,USDA,3420,Dried Prunes,Kuru Erik,Meyve,240,2.18,63.88,0.38,7.1,38.13,2,90,3419,Dried Prunes,Kuru Erik,Meyve,339,3.7,89.07,0.73,0,0,5,90,,,,,,,,,,,,,can_update_from_usda,"Strong USDA match — name, state, and category align; quick human confirm then import."
wl_119,Kızılcık,Cranberries,raw,USDA,6405,Raw Cranberries,Çiğ Turna Yemişi,Meyve,46,0.46,11.97,0.13,3.6,4.27,2,63.5,3611,Dried Sweetened Cranberries,Kurutulmuş Şekerli Turna Yemişi,Meyve,308,0.17,82.8,1.09,5.3,72.56,5,28.5,,,,,,,,,,,,,can_update_from_usda,"Strong USDA match — name, state, and category align; quick human confirm then import."
wl_120,Kestane (Haşlanmış),Chestnuts boiled,boiled,USDA,,,,,,,,,,,,,,,,,,,,,,,,,,,,,,,,,,,,,no_source_match,No USDA candidates passed strict scoring filters.
wl_121,Ananas,Pineapple,raw,USDA,55,Pineapple Grapefruit Juice Drink,Ananas-greyfurt suyu içeceği,İçecek,47,0.2,11.6,0.1,0.1,11.52,14,88.5,5998,Raw Pineapple,Çiğ Ananas,Meyve,50,0.54,13.12,0.12,1.4,9.85,1,88.5,4186,"Fruit Ice Pop, Pineapple Coconut","Meyveli Buzlu Çubuk, Ananas Hindistan Cevizi",Tatlı,113,0,23.9,2.6,0.7,0,35,88.5,can_update_from_usda,"Strong USDA match — name, state, and category align; quick human confirm then import."
wl_122,Mango,Mango,raw,USDA,6353,"Ataulfo Mango, Raw, Peeled",Çiğ Soyulmuş Ataulfo Mango,Meyve,78.4665,0.6875,17.3962,0.6813,1.289,0,0,88.5,4087,"Mango Nectar, Canned","Mango nektarı, konserve",İçecek,51,0.11,13.12,0.06,0.3,12.45,5,88.5,,,,,,,,,,,,,can_update_from_usda,"Strong USDA match — name, state, and category align; quick human confirm then import."
wl_123,Avokado,Avocado,raw,USDA,6009,"Avocado, Raw",Çiğ Avokado,Meyve,160,2,8.53,14.66,6.7,0.66,7,88.5,87,Avocado Oil,Avokado yağı,Yağlar,884,0,0,100,0,0,0,78.5,,,,,,,,,,,,,can_update_from_usda,"Strong USDA match — name, state, and category align; quick human confirm then import."
wl_124,Greyfurt,Grapefruit,raw,USDA,55,Pineapple Grapefruit Juice Drink,Ananas-greyfurt suyu içeceği,İçecek,47,0.2,11.6,0.1,0.1,11.52,14,88.5,534,White Grapefruit,Beyaz Greyfurt,Meyve,32,0.63,8.19,0.1,0,0,0,88.5,537,White Grapefruit Juice,Beyaz Greyfurt Suyu,İçecek,39,0.5,9.2,0.1,0.1,9.1,1,88.5,can_update_from_usda,"Strong USDA match — name, state, and category align; quick human confirm then import."
wl_125,Mandalina,Mandarin,raw,USDA,6357,"Mandarin, Raw, Peeled, Seedless",Çiğ Soyulmuş Çekirdeksiz Mandalina,Meyve,61.9623,1.0394,13.4218,0.4575,1.328,0,0,88.5,6213,Raw Clementines,Çiğ Klementin Mandalina,Meyve,47,0.85,12.02,0.15,1.7,9.18,1,35,,,,,,,,,,,,,can_update_from_usda,"Strong USDA match — name, state, and category align; quick human confirm then import."
wl_126,Ayva,Quince,raw,USDA,109,"Quince, Raw","Ayva, Çiğ",Meyve,57,0.4,15.3,0.1,1.9,0,4,88.5,,,,,,,,,,,,,,,,,,,,,,,,,can_update_from_usda,"Strong USDA match — name, state, and category align; quick human confirm then import."
wl_127,Dut,Mulberry,raw,USDA,1799,"Mulberries, Raw","Dut, çiğ",Meyve,43,1.44,9.8,0.39,1.7,8.1,10,35,,,,,,,,,,,,,,,,,,,,,,,,,wrong_or_weak_match,Weak name/category alignment — do not auto-import.
wl_128,Kuru Üzüm,Raisins,dried,USDA,5889,Seeded Raisins,Çekirdekli Kuru Üzüm,Meyve,296,2.52,78.47,0.54,6.8,0,28,88.5,5059,Milk Chocolate-Covered Raisins,Sütlü Çikolata Kaplı Kuru Üzüm,Tatlı,390,4.1,68.4,14.8,3.1,62.22,36,78.5,1920,Homemade with Raisins Oatmeal Cookie,Ev Yapımı Kuru Üzümlü Yulaflı Kurabiye,Tatlı,447,6.8,66.4,17.9,0,0,598,61.8333,can_update_from_usda,"Strong USDA match — name, state, and category align; quick human confirm then import."
wl_129,Kuru Kayısı,Dried apricots,dried,USDA,,,,,,,,,,,,,,,,,,,,,,,,,,,,,,,,,,,,,no_source_match,No USDA candidates passed strict scoring filters.
wl_130,Hurma,Dates,dried,USDA,1260,Deglet Noor Dates,Deglet Noor Hurması,Meyve,282,2.45,75.03,0.39,8,63.35,2,63.5,,,,,,,,,,,,,,,,,,,,,,,,,can_update_from_usda,"Strong USDA match — name, state, and category align; quick human confirm then import."
wl_131,Kavun,Melon,raw,USDA,637,Horned Melon (Kiwano),Boynuzlu Kavun (Kiwano),Meyve,44,1.78,7.56,1.26,0,0,2,88.5,6201,"Cantaloupe Melon, Raw",Çiğ Kavun,Meyve,34,0.82,8.16,0.18,0.8,0,30,88.5,802,"Casaba Melon, Raw","Casaba kavunu, çiğ",Meyve,28,1.11,6.58,0.1,0.9,5.69,9,63.5,can_update_from_usda,"Strong USDA match — name, state, and category align; quick human confirm then import."
wl_132,Kiraz,Cherries,raw,USDA,6370,"Sweet Cherries, Raw",Çiğ Tatlı Kiraz,Meyve,70.5425,1.0394,16.1631,0.1925,0,0,0,88.5,5164,"Sweet Cherries, Raw","Tatlı Kiraz, Çiğ",Meyve,63,1.06,16.01,0.2,2.1,12.82,0,88.5,4096,"Maraschino Cherries, Canned","Maraschino kirazı, konserve",Meyve,165,0.22,41.97,0.21,3.2,38.77,4,63.5,can_update_from_usda,"Strong USDA match — name, state, and category align; quick human confirm then import."
wl_133,Vişne,Sour cherries,raw,USDA,5460,"Sour Cherries, Raw","Vişne, Çiğ",Meyve,50,1,12.18,0.3,1.6,8.49,3,88.5,,,,,,,,,,,,,,,,,,,,,,,,,can_update_from_usda,"Strong USDA match — name, state, and category align; quick human confirm then import."
wl_134,Böğürtlen (Dondurulmuş),Blackberries frozen,frozen,USDA,1753,Frozen Unsweetened Blackberry,Dondurulmuş şekersiz böğürtlen,Meyve,64,1.18,15.67,0.43,5,10.67,1,47.5,,,,,,,,,,,,,,,,,,,,,,,,,likely_match_manual_check,Plausible USDA candidate — manual review required before catalog update.
wl_135,Muz (Olgun),Banana ripe,raw,USDA,6262,"Banana, Raw",Çiğ Muz,Meyve,89,1.09,22.84,0.33,2.6,12.23,1,68.5,,,,,,,,,,,,,,,,,,,,,,,,,can_update_from_usda,"Strong USDA match — name, state, and category align; quick human confirm then import."
wl_136,Elma (Yeşil),Green apple,raw,USDA,6172,"Apple, Raw, With Skin",Çiğ Kabuklu Elma,Meyve,52,0.26,13.81,0.17,2.4,10.39,1,74.2143,,,,,,,,,,,,,,,,,,,,,,,,,can_update_from_usda,"Strong USDA match — name, state, and category align; quick human confirm then import."
wl_137,Armut (Williams),Williams pear,raw,USDA,,,,,,,,,,,,,,,,,,,,,,,,,,,,,,,,,,,,,no_source_match,No USDA candidates passed strict scoring filters.
wl_138,Şeftali,Peach,raw,USDA,6504,"Peach, Raw",Çiğ Şeftali,Meyve,42,0.91,10.1,0.27,1.5,0,13,88.5,3360,Canned Peach Nectar,Konserve Şeftali Nektarı,İçecek,49,0.1,11.61,0.57,0.1,12.08,11,88.5,3348,Canned or Bottled Peach Juice,Konserve veya Şişelenmiş Şeftali Suyu,İçecek,44,0.63,11.57,0.03,1.3,10.27,4,88.5,can_update_from_usda,"Strong USDA match — name, state, and category align; quick human confirm then import."
wl_139,Nektarin,Nectarine,raw,USDA,6266,"Nectarine, Raw",Çiğ Nektarin,İçecek,39,1.06,9.18,0.28,1.5,0,13,88.5,,,,,,,,,,,,,,,,,,,,,,,,,can_update_from_usda,"Strong USDA match — name, state, and category align; quick human confirm then import."
wl_140,Erik,Plum,raw,USDA,6132,Raw Plum,Çiğ Erik,Meyve,46,0.7,11.42,0.28,1.4,9.92,0,88.5,3347,Canned or Bottled Plum Juice,Konserve veya Şişelenmiş Erik Suyu,İçecek,58,0.51,15.15,0.02,0.9,14.22,1,88.5,2515,"Java Plum, Raw","Java Eriği, Çiğ",Meyve,60,0.72,15.56,0.23,0,0,14,63.5,can_update_from_usda,"Strong USDA match — name, state, and category align; quick human confirm then import."
wl_141,Kayısı,Apricot,raw,USDA,6182,"Apricot, Raw, With Skin",Çiğ Kabuklu Kayısı,Meyve,48.445,0.9613,10.2387,0.405,1.51,0,0,88.5,3107,"Apricot Nectar, Canned",Konserve Kayısı Nektarı,İçecek,56,0.17,13.63,0.45,0.1,12.79,8,88.5,2673,Apricot Kernel Oil,Kayısı çekirdeği yağı,Yağlar,884,0,0,100,0,0,0,78.5,can_update_from_usda,"Strong USDA match — name, state, and category align; quick human confirm then import."
wl_142,İncir (Taze),Fresh fig,raw,USDA,6501,Raw Figs,Çiğ İncir,Meyve,74,0.75,19.18,0.3,2.9,16.26,1,22.5,,,,,,,,,,,,,,,,,,,,,,,,,wrong_or_weak_match,Weak name/category alignment — do not auto-import.
wl_143,Nar,Pomegranate,raw,USDA,6265,Raw Pomegranate,Çiğ Nar,Meyve,83,1.67,18.7,1.17,4,13.67,3,88.5,6671,Bottled Pomegranate Juice,Şişelenmiş Nar Suyu,İçecek,54,0.15,13.13,0.29,0.1,12.65,9,88.5,,,,,,,,,,,,,can_update_from_usda,"Strong USDA match — name, state, and category align; quick human confirm then import."
wl_144,Böğürtlen Reçeli Meyvesi,Mixed berries,raw,USDA,,,,,,,,,,,,,,,,,,,,,,,,,,,,,,,,,,,,,no_source_match,No USDA candidates passed strict scoring filters.
wl_145,Kuru Dut,Dried mulberry,dried,MANUAL_REVIEW,,,,,,,,,,,,,,,,,,,,,,,,,,,,,,,,,,,,,manual_review_needed,Low-coverage or baseline item — manual nutrition review; USDA optional.
wl_146,Turp,Radish,raw,USDA,576,"White Icicle Radish, Raw","Beyaz Uzun Turp, Çiğ",Sebze,14,1.1,2.63,0.1,1.4,0,16,88.5,5287,"Radish Sprouts, Raw","Turp Filizi, Çiğ",Sebze,43,3.81,3.6,2.53,0,0,6,88.5,6235,"Red Radishes, Raw",Çiğ Kırmızı Turp,Sebze,19.6004,0.6563,4.0568,0.0831,1.314,0,51.16,63.5,can_update_from_usda,"Strong USDA match — name, state, and category align; quick human confirm then import."
wl_147,Brüksel Lahanası (Haşlanmış),Brussels sprouts boiled,boiled,USDA,2340,Boiled without Salt Brussels Sprouts,Haşlanmış tuzsuz brüksel lahanası,Sebze,36,2.55,7.1,0.5,2.6,1.74,21,60,,,,,,,,,,,,,,,,,,,,,,,,,can_update_from_usda,"Strong USDA match — name, state, and category align; quick human confirm then import."
wl_148,Kuşkonmaz (Haşlanmış),Asparagus boiled,boiled,USDA,,,,,,,,,,,,,,,,,,,,,,,,,,,,,,,,,,,,,no_source_match,No USDA candidates passed strict scoring filters.
wl_149,Bakla (Taze),Fava beans fresh,raw,USDA,,,,,,,,,,,,,,,,,,,,,,,,,,,,,,,,,,,,,no_source_match,No USDA candidates passed strict scoring filters.
wl_150,Maydanoz (Taze),Parsley fresh,raw,USDA,5213,Fresh Parsley,Taze Maydanoz,Baharat,36,2.97,6.33,0.79,3.3,0.85,56,60,,,,,,,,,,,,,,,,,,,,,,,,,can_update_from_usda,"Strong USDA match — name, state, and category align; quick human confirm then import."
wl_151,Dereotu (Taze),Dill fresh,raw,USDA,5209,Fresh Dill,Taze Dereotu,Baharat,43,3.46,7.02,1.12,2.1,0,61,50,,,,,,,,,,,,,,,,,,,,,,,,,likely_match_manual_check,Plausible USDA candidate — manual review required before catalog update.
wl_152,Kırmızı Lahana (Çiğ),Red cabbage raw,raw,USDA,6257,"Red Cabbage, Raw",Çiğ Mor Lahana,Sebze,34.0538,1.2425,6.7899,0.2138,0,0,11.72,81.6667,,,,,,,,,,,,,,,,,,,,,,,,,can_update_from_usda,"Strong USDA match — name, state, and category align; quick human confirm then import."
wl_153,Patates (Çiğ),Potato raw,raw,USDA,558,"White Potato, Raw, Flesh and Skin","Beyaz Patates, Çiğ, Etli Kısmı ve Kabuklu",Sebze,69,1.68,15.71,0.1,2.4,1.15,16,88.5,6372,Raw Sweet Potato,Çiğ Tatlı Patates,Sebze,86,1.57,20.12,0.05,3,4.18,55,60,,,,,,,,,,,,,can_update_from_usda,"Strong USDA match — name, state, and category align; quick human confirm then import."
wl_154,Nane (Taze),Mint fresh,raw,USDA,5214,Fresh Peppermint,Taze Nane,Baharat,70,3.75,14.89,0.94,8,0,31,37.5,,,,,,,,,,,,,,,,,,,,,,,,,wrong_or_weak_match,Weak name/category alignment — do not auto-import.
wl_155,Soğan (Kuru),Onion dry,raw,USDA,,,,,,,,,,,,,,,,,,,,,,,,,,,,,,,,,,,,,no_source_match,No USDA candidates passed strict scoring filters.
wl_156,Roka,Arugula,raw,USDA,6315,"Arugula, Raw",Çiğ Roka,Sebze,30.993,1.6487,5.3682,0.325,2.28,0,86.93,88.5,,,,,,,,,,,,,,,,,,,,,,,,,can_update_from_usda,"Strong USDA match — name, state, and category align; quick human confirm then import."
wl_157,Marul (Iceberg),Iceberg lettuce,raw,USDA,6163,"Iceberg Lettuce, Raw",Çiğ Iceberg Marul,Sebze,17.1088,0.7425,3.3687,0.0737,0,0,16.11,88.5,2489,"Iceberg Lettuce, Raw","Iceberg marul, çiğ",Sebze,14,0.9,2.97,0.14,1.2,1.97,10,88.5,,,,,,,,,,,,,can_update_from_usda,"Strong USDA match — name, state, and category align; quick human confirm then import."
wl_158,Ispanak (Çiğ),Spinach raw,raw,USDA,2181,"Mustard Spinach, Raw","Hardal ıspanağı, çiğ",Sebze,22,2.2,3.9,0.3,2.8,0,21,76,4076,"Vine Spinach, Raw","Malabar Ispanağı, Çiğ",Sebze,19,1.8,3.4,0.3,0,0,24,76,4987,"Water Spinach, Raw","Su Ispanağı, Çiğ",Sebze,19,2.6,3.13,0.2,2.1,0,113,76,can_update_from_usda,"Strong USDA match — name, state, and category align; quick human confirm then import."
wl_159,Ispanak (Haşlanmış),Spinach boiled,boiled,USDA,5367,Boiled Spinach without Salt,Tuzsuz Haşlanmış Ispanak,Sebze,23,2.97,3.75,0.26,2.4,0.43,70,60,,,,,,,,,,,,,,,,,,,,,,,,,can_update_from_usda,"Strong USDA match — name, state, and category align; quick human confirm then import."
wl_160,Brokoli (Haşlanmış),Broccoli boiled,boiled,USDA,2339,Boiled without Salt Broccoli,Haşlanmış tuzsuz brokoli,Sebze,35,2.38,7.18,0.41,3.3,1.39,41,60,,,,,,,,,,,,,,,,,,,,,,,,,can_update_from_usda,"Strong USDA match — name, state, and category align; quick human confirm then import."
wl_161,Karnabahar (Haşlanmış),Cauliflower boiled,boiled,USDA,2638,"Cauliflower, Boiled without Salt","Karnabahar, Tuzsuz Haşlanmış",Sebze,23,1.84,4.11,0.45,2.3,2.08,15,88.5,,,,,,,,,,,,,,,,,,,,,,,,,can_update_from_usda,"Strong USDA match — name, state, and category align; quick human confirm then import."
wl_162,Bezelye (Haşlanmış),Green peas boiled,boiled,USDA,,,,,,,,,,,,,,,,,,,,,,,,,,,,,,,,,,,,,no_source_match,No USDA candidates passed strict scoring filters.
wl_163,Mısır (Haşlanmış),Sweet corn boiled,boiled,USDA,,,,,,,,,,,,,,,,,,,,,,,,,,,,,,,,,,,,,no_source_match,No USDA candidates passed strict scoring filters.
wl_164,Patlıcan (Izgara),Eggplant grilled,grilled,USDA,,,,,,,,,,,,,,,,,,,,,,,,,,,,,,,,,,,,,no_source_match,No USDA candidates passed strict scoring filters.
wl_165,Kabak (Izgara),Zucchini grilled,grilled,USDA,,,,,,,,,,,,,,,,,,,,,,,,,,,,,,,,,,,,,no_source_match,No USDA candidates passed strict scoring filters.
wl_166,Biber (Kırmızı Çiğ),Red bell pepper raw,raw,USDA,6231,"Red Bell Pepper, Raw",Çiğ Kırmızı Dolmalık Biber,Sebze,31.3256,0.8956,6.6532,0.1256,1.158,0,0,90,,,,,,,,,,,,,,,,,,,,,,,,,can_update_from_usda,"Strong USDA match — name, state, and category align; quick human confirm then import."
wl_167,Biber (Yeşil Çiğ),Green bell pepper raw,raw,USDA,6448,"Green Bell Pepper, Raw",Çiğ Yeşil Dolmalık Biber,Sebze,22.9291,0.715,4.7781,0.1063,0.9419,0,0,90,,,,,,,,,,,,,,,,,,,,,,,,,can_update_from_usda,"Strong USDA match — name, state, and category align; quick human confirm then import."
wl_168,Salatalık (Çiğ),Cucumber raw,raw,USDA,6324,"Cucumber, Raw",Çiğ Salatalık,Sebze,15.9075,0.625,2.9525,0.1775,0,0,1.515,90,,,,,,,,,,,,,,,,,,,,,,,,,can_update_from_usda,"Strong USDA match — name, state, and category align; quick human confirm then import."
wl_169,Domates (Çiğ),Tomato raw,raw,USDA,3925,"Red Tomatoes, Raw","Kırmızı Domates, Çiğ",Sebze,18,0.88,3.89,0.2,1.2,2.63,5,47.5,,,,,,,,,,,,,,,,,,,,,,,,,likely_match_manual_check,Plausible USDA candidate — manual review required before catalog update.
wl_170,Havuç (Çiğ),Carrot raw,raw,USDA,2194,"Carrots, Raw","Havuç, Çiğ",Sebze,41,0.93,9.58,0.24,2.8,4.74,69,77.5,,,,,,,,,,,,,,,,,,,,,,,,,can_update_from_usda,"Strong USDA match — name, state, and category align; quick human confirm then import."
wl_171,Havuç (Haşlanmış),Carrot boiled,boiled,USDA,2193,"Carrots, Boiled without Salt","Havuç, Tuzsuz Haşlanmış",Sebze,35,0.76,8.22,0.18,3,3.45,58,47.5,,,,,,,,,,,,,,,,,,,,,,,,,likely_match_manual_check,Plausible USDA candidate — manual review required before catalog update.
wl_172,Kereviz (Çiğ),Celery raw,raw,USDA,6210,"Celery, Raw",Çiğ Kereviz Sapı,Sebze,16.6973,0.4922,3.3165,0.1625,0,0,97.21,90,,,,,,,,,,,,,,,,,,,,,,,,,can_update_from_usda,"Strong USDA match — name, state, and category align; quick human confirm then import."
wl_173,Pırasa (Haşlanmış),Leek boiled,boiled,USDA,,,,,,,,,,,,,,,,,,,,,,,,,,,,,,,,,,,,,no_source_match,No USDA candidates passed strict scoring filters.
wl_174,Mantar (Beyaz Çiğ),White mushrooms raw,raw,USDA,,,,,,,,,,,,,,,,,,,,,,,,,,,,,,,,,,,,,no_source_match,No USDA candidates passed strict scoring filters.
wl_175,Mantar (Izgara),Mushrooms grilled,grilled,USDA,,,,,,,,,,,,,,,,,,,,,,,,,,,,,,,,,,,,,no_source_match,No USDA candidates passed strict scoring filters.
wl_176,Patates (Fırın),Potato baked,baked,USDA,557,"White Potato, Baked, Flesh and Skin","Beyaz Patates, Fırınlanmış, Etli Kısmı ve Kabuklu",Sebze,92,2.1,21.08,0.15,2.1,1.53,7,76,5358,Baked Sweet Potato Flesh without Salt,Tuzsuz Fırınlanmış Tatlı Patates İçi,Sebze,90,2.01,20.71,0.15,3.3,6.48,36,47.5,,,,,,,,,,,,,can_update_from_usda,"Strong USDA match — name, state, and category align; quick human confirm then import."
wl_177,Tatlı Patates (Fırın),Sweet potato baked,baked,USDA,5358,Baked Sweet Potato Flesh without Salt,Tuzsuz Fırınlanmış Tatlı Patates İçi,Sebze,90,2.01,20.71,0.15,3.3,6.48,36,51.6667,,,,,,,,,,,,,,,,,,,,,,,,,likely_match_manual_check,Plausible USDA candidate — manual review required before catalog update.
wl_178,Enginar (Haşlanmış),Artichoke boiled,boiled,USDA,2315,"Artichoke, Boiled, No Salt, Drained",Haşlanmış Tuzsuz Süzülmüş Enginar,Sebze,53,2.89,11.95,0.34,5.7,0.99,60,88.5,,,,,,,,,,,,,,,,,,,,,,,,,can_update_from_usda,"Strong USDA match — name, state, and category align; quick human confirm then import."
wl_179,Semizotu,Purslane,raw,USDA,4824,"Purslane, Raw","Semizotu, Çiğ",Sebze,20,2.03,3.39,0.36,0,0,45,88.5,,,,,,,,,,,,,,,,,,,,,,,,,can_update_from_usda,"Strong USDA match — name, state, and category align; quick human confirm then import."
wl_180,Pancar (Haşlanmış),Beet boiled,boiled,USDA,2324,Boiled Beets,Haşlanmış pancar,Sebze,44,1.68,9.96,0.18,2,7.96,77,47.5,,,,,,,,,,,,,,,,,,,,,,,,,likely_match_manual_check,Plausible USDA candidate — manual review required before catalog update.
wl_181,Lahana (Çiğ),Cabbage raw,raw,USDA,6026,"Green Cabbage, Raw",Çiğ Beyaz Lahana,Sebze,31.4275,0.9613,6.3838,0.2275,0,0,16.1,88.5,6257,"Red Cabbage, Raw",Çiğ Mor Lahana,Sebze,34.0538,1.2425,6.7899,0.2138,0,0,11.72,88.5,6472,Raw Cabbage,Çiğ lahana,Sebze,24,1.21,5.37,0.18,2.3,0,18,60,can_update_from_usda,"Strong USDA match — name, state, and category align; quick human confirm then import."
wl_182,Sarımsak (Çiğ),Garlic raw,raw,USDA,6335,"Garlic, Raw",Çiğ Sarımsak,Sebze,143,6.62,28.2,0.38,2.7,0,0,90,,,,,,,,,,,,,,,,,,,,,,,,,can_update_from_usda,"Strong USDA match — name, state, and category align; quick human confirm then import."
wl_183,Zencefil (Taze),Ginger root fresh,raw,USDA,,,,,,,,,,,,,,,,,,,,,,,,,,,,,,,,,,,,,no_source_match,No USDA candidates passed strict scoring filters.
wl_184,Fesleğen (Taze),Basil fresh,raw,USDA,5210,Fresh Basil,Taze Fesleğen,Baharat,23,3.15,2.65,0.64,1.6,0.3,4,50,,,,,,,,,,,,,,,,,,,,,,,,,likely_match_manual_check,Plausible USDA candidate — manual review required before catalog update.
wl_185,Kekik (Taze),Thyme fresh,raw,USDA,5211,Fresh Thyme,Taze Kekik,Baharat,101,5.56,24.45,1.68,14,0,9,50,,,,,,,,,,,,,,,,,,,,,,,,,likely_match_manual_check,Plausible USDA candidate — manual review required before catalog update.
wl_186,Taze Fasulye (Haşlanmış),Green beans boiled,boiled,USDA,,,,,,,,,,,,,,,,,,,,,,,,,,,,,,,,,,,,,no_source_match,No USDA candidates passed strict scoring filters.
wl_187,Bamya (Haşlanmış),Okra boiled,boiled,USDA,,,,,,,,,,,,,,,,,,,,,,,,,,,,,,,,,,,,,no_source_match,No USDA candidates passed strict scoring filters.
wl_188,Pırasa (Çiğ),Leek raw,raw,USDA,4693,"Leeks, Raw","Pırasa, çiğ",Sebze,61,1.5,14.15,0.3,1.8,3.9,20,77.5,,,,,,,,,,,,,,,,,,,,,,,,,can_update_from_usda,"Strong USDA match — name, state, and category align; quick human confirm then import."
wl_189,Turp Yaprağı,Radish greens,raw,USDA,,,,,,,,,,,,,,,,,,,,,,,,,,,,,,,,,,,,,no_source_match,No USDA candidates passed strict scoring filters.
wl_190,Kabak (Çiğ),Zucchini raw,raw,USDA,6181,"Zucchini, Raw, With Skin",Çiğ Kabuklu Kabak,Sebze,19,0.9844,3.27,0.205,0.7525,0,0,88.5,,,,,,,,,,,,,,,,,,,,,,,,,can_update_from_usda,"Strong USDA match — name, state, and category align; quick human confirm then import."
wl_191,Uskumru (Izgara),Mackerel grilled,grilled,USDA,,,,,,,,,,,,,,,,,,,,,,,,,,,,,,,,,,,,,no_source_match,No USDA candidates passed strict scoring filters.
wl_192,Sardalya (Izgara),Sardine grilled,grilled,USDA,,,,,,,,,,,,,,,,,,,,,,,,,,,,,,,,,,,,,no_source_match,No USDA candidates passed strict scoring filters.
wl_193,Kalamar (Izgara),Calamari grilled,grilled,USDA,,,,,,,,,,,,,,,,,,,,,,,,,,,,,,,,,,,,,no_source_match,No USDA candidates passed strict scoring filters.
wl_194,Dana Antrikot (Izgara),Beef ribeye grilled,grilled,USDA,,,,,,,,,,,,,,,,,,,,,,,,,,,,,,,,,,,,,no_source_match,No USDA candidates passed strict scoring filters.
wl_195,Hindi Budu (Fırın),Turkey leg roasted,baked,USDA,,,,,,,,,,,,,,,,,,,,,,,,,,,,,,,,,,,,,no_source_match,No USDA candidates passed strict scoring filters.
wl_196,Ahtapot (Haşlanmış),Octopus boiled,boiled,USDA,,,,,,,,,,,,,,,,,,,,,,,,,,,,,,,,,,,,,no_source_match,No USDA candidates passed strict scoring filters.
wl_197,Levrek (Izgara),Sea bass grilled,grilled,USDA,,,,,,,,,,,,,,,,,,,,,,,,,,,,,,,,,,,,,no_source_match,No USDA candidates passed strict scoring filters.
wl_198,Çipura (Izgara),Sea bream grilled,grilled,USDA,,,,,,,,,,,,,,,,,,,,,,,,,,,,,,,,,,,,,no_source_match,No USDA candidates passed strict scoring filters.
wl_199,Somon (Fırın),Salmon baked,baked,USDA,,,,,,,,,,,,,,,,,,,,,,,,,,,,,,,,,,,,,no_source_match,No USDA candidates passed strict scoring filters.
wl_200,Ton Balığı (Izgara),Tuna steak grilled,grilled,USDA,,,,,,,,,,,,,,,,,,,,,,,,,,,,,,,,,,,,,no_source_match,No USDA candidates passed strict scoring filters.
wl_201,Karides (Haşlanmış),Shrimp boiled,boiled,USDA,,,,,,,,,,,,,,,,,,,,,,,,,,,,,,,,,,,,,no_source_match,No USDA candidates passed strict scoring filters.
wl_202,Midye (Haşlanmış),Mussels boiled,boiled,USDA,,,,,,,,,,,,,,,,,,,,,,,,,,,,,,,,,,,,,no_source_match,No USDA candidates passed strict scoring filters.
wl_203,Tavuk Göğsü (Izgara),Chicken breast grilled,grilled,USDA,1276,"Chicken Breast, Skinless, Boneless, Grilled","Derisiz Kemiksiz Tavuk Göğsü, Izgara",Et ve Tavuk,151,30.54,0,3.17,0,0,52,55,,,,,,,,,,,,,,,,,,,,,,,,,can_update_from_usda,"Strong USDA match — name, state, and category align; quick human confirm then import."
wl_204,Tavuk But (Fırın),Chicken thigh roasted,baked,USDA,2031,Roasted with Skin Chicken Thigh,Fırınlanmış Derili Tavuk Kalça,Et ve Tavuk,232,23.26,0,14.71,0,0,102,38.3333,,,,,,,,,,,,,,,,,,,,,,,,,wrong_or_weak_match,Weak name/category alignment — do not auto-import.
wl_205,Dana Biftek (Izgara),Beef steak grilled,grilled,USDA,,,,,,,,,,,,,,,,,,,,,,,,,,,,,,,,,,,,,no_source_match,No USDA candidates passed strict scoring filters.
wl_206,Dana Kıyma (Pişmiş),Ground beef cooked,cooked,USDA,4516,"Ground Beef, Cooked",Pişmiş Dana Kıyma,Et ve Tavuk,240,25.07,0.62,14.53,0,0,85,85,,,,,,,,,,,,,,,,,,,,,,,,,can_update_from_usda,"Strong USDA match — name, state, and category align; quick human confirm then import."
wl_207,Kuzu Pirzola (Izgara),Lamb chop grilled,grilled,USDA,,,,,,,,,,,,,,,,,,,,,,,,,,,,,,,,,,,,,no_source_match,No USDA candidates passed strict scoring filters.
wl_208,Hindi Göğsü (Fırın),Turkey breast roasted,baked,USDA,,,,,,,,,,,,,,,,,,,,,,,,,,,,,,,,,,,,,no_source_match,No USDA candidates passed strict scoring filters.
wl_209,Yumurta (Haşlanmış),Egg boiled,boiled,USDA,2256,Hard-Boiled Whole Egg,Haşlanmış Bütün Yumurta,Süt Ürünleri,155,12.58,1.12,10.61,0,1.12,124,55,,,,,,,,,,,,,,,,,,,,,,,,,can_update_from_usda,"Strong USDA match — name, state, and category align; quick human confirm then import."
wl_210,Yumurta (Sahanda),Egg fried,fried,USDA,3961,Fried Whole Egg,Kızarmış Bütün Yumurta,Süt Ürünleri,196,13.61,0.83,14.84,0,0.4,207,42.5,,,,,,,,,,,,,,,,,,,,,,,,,likely_match_manual_check,Plausible USDA candidate — manual review required before catalog update.
wl_211,Yumurta Akı,Egg white,raw,USDA,5799,Egg White,Yumurta Akı,Süt Ürünleri,55,10.7,2.36,0,0,0,0,85,,,,,,,,,,,,,,,,,,,,,,,,,can_update_from_usda,"Strong USDA match — name, state, and category align; quick human confirm then import."
wl_212,Yumurta Sarısı,Egg yolk,raw,USDA,5803,Egg Yolk,Yumurta Sarısı,Süt Ürünleri,334,16.2,1.02,28.8,0,0,0,85,,,,,,,,,,,,,,,,,,,,,,,,,can_update_from_usda,"Strong USDA match — name, state, and category align; quick human confirm then import."
wl_213,Pastırma,Pastirma cured beef,any,TURKOMP_OR_RECIPE,,,,,,,,,,,,,,,,,,,,,,,,,,,,,,,,,,,,,recipe_or_turkomp_needed,Turkish dish or recipe-based item — TürKomp or ingredient recipe; USDA skipped.
wl_214,Sucuk (Çiğ),Sucuk raw,any,TURKOMP_OR_RECIPE,,,,,,,,,,,,,,,,,,,,,,,,,,,,,,,,,,,,,recipe_or_turkomp_needed,Turkish dish or recipe-based item — TürKomp or ingredient recipe; USDA skipped.
wl_215,Sosis (Pişmiş),Sausage cooked,cooked,OPEN_FOOD_FACTS,,,,,,,,,,,,,,,,,,,,,,,,,,,,,,,,,,,,,open_food_facts_needed,Packaged/branded product — use Open Food Facts barcode lookup; USDA skipped.
wl_216,Hindi Füme,Smoked turkey,any,OPEN_FOOD_FACTS,,,,,,,,,,,,,,,,,,,,,,,,,,,,,,,,,,,,,open_food_facts_needed,Packaged/branded product — use Open Food Facts barcode lookup; USDA skipped.
wl_217,Balık Köfte (Ev),Homemade fish patty,any,TURKOMP_OR_RECIPE,,,,,,,,,,,,,,,,,,,,,,,,,,,,,,,,,,,,,recipe_or_turkomp_needed,Turkish dish or recipe-based item — TürKomp or ingredient recipe; USDA skipped.
wl_218,Mezgit (Izgara),Whiting grilled,grilled,USDA,,,,,,,,,,,,,,,,,,,,,,,,,,,,,,,,,,,,,no_source_match,No USDA candidates passed strict scoring filters.
wl_219,Hamsi (Izgara),Anchovy grilled,grilled,USDA,,,,,,,,,,,,,,,,,,,,,,,,,,,,,,,,,,,,,no_source_match,No USDA candidates passed strict scoring filters.
wl_220,Palamut (Izgara),Bonito grilled,grilled,USDA,,,,,,,,,,,,,,,,,,,,,,,,,,,,,,,,,,,,,no_source_match,No USDA candidates passed strict scoring filters.
wl_221,Dana Bonfile (Izgara),Beef tenderloin grilled,grilled,USDA,,,,,,,,,,,,,,,,,,,,,,,,,,,,,,,,,,,,,no_source_match,No USDA candidates passed strict scoring filters.
wl_222,Tavuk Kanat (Fırın),Chicken wings baked,baked,USDA,,,,,,,,,,,,,,,,,,,,,,,,,,,,,,,,,,,,,no_source_match,No USDA candidates passed strict scoring filters.
wl_223,Hindi Sosis,Turkey sausage,any,OPEN_FOOD_FACTS,,,,,,,,,,,,,,,,,,,,,,,,,,,,,,,,,,,,,open_food_facts_needed,Packaged/branded product — use Open Food Facts barcode lookup; USDA skipped.
wl_224,Köfte (Izgara),Grilled meatballs,grilled,TURKOMP_OR_RECIPE,,,,,,,,,,,,,,,,,,,,,,,,,,,,,,,,,,,,,recipe_or_turkomp_needed,Turkish dish or recipe-based item — TürKomp or ingredient recipe; USDA skipped.
wl_225,Ciğer (Izgara),Liver grilled,grilled,USDA,,,,,,,,,,,,,,,,,,,,,,,,,,,,,,,,,,,,,no_source_match,No USDA candidates passed strict scoring filters.
wl_226,Ricotta Peyniri,Ricotta cheese,any,USDA,5113,"Ricotta Cheese, Whole Milk",Tam Yağlı Ricotta Peyniri,Süt Ürünleri,157,7.81,6.86,11,0,0,105,83.5,,,,,,,,,,,,,,,,,,,,,,,,,can_update_from_usda,"Strong USDA match — name, state, and category align; quick human confirm then import."
wl_227,Parmesan Peyniri,Parmesan cheese,any,USDA,4333,Parmesan Cheese,Parmesan Peyniri,Süt Ürünleri,421,29.6,12.4,28,0,0,1750,85,,,,,,,,,,,,,,,,,,,,,,,,,can_update_from_usda,"Strong USDA match — name, state, and category align; quick human confirm then import."
wl_228,Peynir (Tulum),Tulum cheese,any,TURKOMP_OR_RECIPE,,,,,,,,,,,,,,,,,,,,,,,,,,,,,,,,,,,,,recipe_or_turkomp_needed,Turkish dish or recipe-based item — TürKomp or ingredient recipe; USDA skipped.
wl_229,Kaşar Peyniri,Kashar cheese,any,USDA,,,,,,,,,,,,,,,,,,,,,,,,,,,,,,,,,,,,,no_source_match,No USDA candidates passed strict scoring filters.
wl_230,Beyaz Peynir,White brined cheese,any,TURKOMP_OR_RECIPE,,,,,,,,,,,,,,,,,,,,,,,,,,,,,,,,,,,,,recipe_or_turkomp_needed,Turkish dish or recipe-based item — TürKomp or ingredient recipe; USDA skipped.
wl_231,Lor Peyniri,Curd cheese,any,TURKOMP_OR_RECIPE,,,,,,,,,,,,,,,,,,,,,,,,,,,,,,,,,,,,,recipe_or_turkomp_needed,Turkish dish or recipe-based item — TürKomp or ingredient recipe; USDA skipped.
wl_232,Labne,Labneh,any,TURKOMP_OR_RECIPE,,,,,,,,,,,,,,,,,,,,,,,,,,,,,,,,,,,,,recipe_or_turkomp_needed,Turkish dish or recipe-based item — TürKomp or ingredient recipe; USDA skipped.
wl_233,Krem Peynir,Cream cheese,any,USDA,3387,Cream Cheese,Krem Peynir,Süt Ürünleri,350,6.15,5.52,34.44,0,3.76,314,85,3388,"Cream Cheese Flavor Frosting, Ready-to-Eat","Krem Peynir Aromalı Krema Kaplama, Hazır",Tatlı,415,0.1,67.32,17.3,0,63.54,191,83.5,3389,Cream Cheese Spread,Krem Peynirli Sürülebilir Peynir,Süt Ürünleri,295,7.1,3.5,28.6,0,3.5,436,83.5,can_update_from_usda,"Strong USDA match — name, state, and category align; quick human confirm then import."
wl_234,Mozzarella,Mozzarella cheese,any,USDA,4217,Mozzarella Cheese Substitute,Mozzarella Peynir Muadili,Süt Ürünleri,248,11.47,23.67,12.22,0,23.67,685,83.5,1814,Low-Moisture Whole Milk Mozzarella,Düşük Nemli Tam Yağlı Mozzarella,Süt Ürünleri,318,21.6,2.47,24.64,0,1.01,710,30,,,,,,,,,,,,,can_update_from_usda,"Strong USDA match — name, state, and category align; quick human confirm then import."
wl_235,Cheddar Peyniri,Cheddar cheese,any,USDA,811,Cheddar Cheese,Cheddar Peyniri,Süt Ürünleri,408,23.3,2.44,34,0,0,654,85,5079,Imitation American Cheddar Cheese,Taklit Amerikan Cheddar Peyniri,Süt Ürünleri,239,16.7,11.6,14,0,7.74,1345,83.5,,,,,,,,,,,,,can_update_from_usda,"Strong USDA match — name, state, and category align; quick human confirm then import."
wl_236,Yoğurt (Tam Yağlı),Yogurt whole milk plain,whole milk,USDA,5114,Whole Milk Plain Yogurt,Tam Yağlı Sade Yoğurt,Süt Ürünleri,77.9524,3.8242,5.5749,4.484,0,0,41.78,55,5115,Whole Milk Plain Greek Yogurt,Tam Yağlı Sade Yunan Yoğurdu,Süt Ürünleri,93.6776,8.7789,4.754,4.394,0,0,33.76,55,,,,,,,,,,,,,can_update_from_usda,"Strong USDA match — name, state, and category align; quick human confirm then import."
wl_237,Yoğurt (Yağsız),Yogurt nonfat plain,skim milk,USDA,5648,Nonfat Plain Yogurt,Yağsız Sade Yoğurt,Süt Ürünleri,50.0015,4.2268,8.0768,0.0875,0,0,51.48,55,5650,Nonfat Plain Greek Yogurt,Yağsız Sade Yunan Yoğurdu,Süt Ürünleri,61,10.3,3.64,0.37,0,0,36,55,,,,,,,,,,,,,can_update_from_usda,"Strong USDA match — name, state, and category align; quick human confirm then import."
wl_238,Greek Yoğurt,Greek yogurt plain,any,USDA,177,Lowfat Plain Greek Yogurt,Az Yağlı Sade Süzme Yoğurt,Süt Ürünleri,73,9.95,3.94,1.92,0,3.56,34,55,,,,,,,,,,,,,,,,,,,,,,,,,can_update_from_usda,"Strong USDA match — name, state, and category align; quick human confirm then import."
wl_239,Kaymak,Clotted cream,any,TURKOMP_OR_RECIPE,,,,,,,,,,,,,,,,,,,,,,,,,,,,,,,,,,,,,recipe_or_turkomp_needed,Turkish dish or recipe-based item — TürKomp or ingredient recipe; USDA skipped.
wl_240,Tereyağı,Butter,any,USDA,235,"Almond Butter, Salted","Badem ezmesi, tuzlu",Kuruyemiş ve Tohum,614,20.96,18.82,55.5,10.3,6.27,227,66.8333,2570,"Cashew Butter, Salted","Kaju ezmesi, tuzlu",Kuruyemiş ve Tohum,609,12.12,30.3,53.03,3,9.09,295,66.8333,4334,"Chunky Peanut Butter, Salted","Parçacıklı Fıstık Ezmesi, Tuzlu",Baklagiller,589,24.06,21.57,49.94,8,8.41,486,66.8333,can_update_from_usda,"Strong USDA match — name, state, and category align; quick human confirm then import."
wl_241,Krema (Sıvı),Heavy cream,any,USDA,,,,,,,,,,,,,,,,,,,,,,,,,,,,,,,,,,,,,no_source_match,No USDA candidates passed strict scoring filters.
wl_242,Süzme Peynir,Cottage cheese,any,USDA,145,"Low-Fat Cottage Cheese, 1%","Az Yağlı Cottage Peyniri, %1",Süt Ürünleri,72,12.39,2.72,1.02,0,2.72,406,58.5,,,,,,,,,,,,,,,,,,,,,,,,,can_update_from_usda,"Strong USDA match — name, state, and category align; quick human confirm then import."
wl_243,Hellim Peyniri (Izgara),Halloumi grilled,grilled,TURKOMP_OR_RECIPE,,,,,,,,,,,,,,,,,,,,,,,,,,,,,,,,,,,,,recipe_or_turkomp_needed,Turkish dish or recipe-based item — TürKomp or ingredient recipe; USDA skipped.
wl_244,Dil Peyniri,String cheese,any,OPEN_FOOD_FACTS,,,,,,,,,,,,,,,,,,,,,,,,,,,,,,,,,,,,,open_food_facts_needed,Packaged/branded product — use Open Food Facts barcode lookup; USDA skipped.
wl_245,Ayran Yoğurt Bazlı,Plain yogurt drink base,any,TURKOMP_OR_RECIPE,,,,,,,,,,,,,,,,,,,,,,,,,,,,,,,,,,,,,recipe_or_turkomp_needed,Turkish dish or recipe-based item — TürKomp or ingredient recipe; USDA skipped.
wl_246,Kefir (Sade),Kefir plain,any,USDA,,,,,,,,,,,,,,,,,,,,,,,,,,,,,,,,,,,,,no_source_match,No USDA candidates passed strict scoring filters.
wl_247,Süt Tozu,Powdered milk,any,OPEN_FOOD_FACTS,,,,,,,,,,,,,,,,,,,,,,,,,,,,,,,,,,,,,open_food_facts_needed,Packaged/branded product — use Open Food Facts barcode lookup; USDA skipped.
wl_248,Peynir Altı Suyu,Whey,any,USDA,71,"Acid Whey, Dried",Asit Peynir Altı Suyu Tozu,Süt Ürünleri,339,11.73,73.45,0.54,0,73.45,968,45,,,,,,,,,,,,,,,,,,,,,,,,,likely_match_manual_check,Plausible USDA candidate — manual review required before catalog update.
wl_249,Kakao Süt Tozu Karışım,Chocolate milk powder,any,OPEN_FOOD_FACTS,,,,,,,,,,,,,,,,,,,,,,,,,,,,,,,,,,,,,open_food_facts_needed,Packaged/branded product — use Open Food Facts barcode lookup; USDA skipped.
wl_250,Vegan Peynir,Vegan cheese,any,OPEN_FOOD_FACTS,,,,,,,,,,,,,,,,,,,,,,,,,,,,,,,,,,,,,open_food_facts_needed,Packaged/branded product — use Open Food Facts barcode lookup; USDA skipped.
wl_251,Pirinç (Çiğ Beyaz),White rice raw,raw,USDA,6027,"White Rice, Raw",Çiğ Beyaz Pirinç,Tahıl ve Ekmek,358.705,7.0389,80.3131,1.033,0.1488,0,0.4625,85,,,,,,,,,,,,,,,,,,,,,,,,,can_update_from_usda,"Strong USDA match — name, state, and category align; quick human confirm then import."
wl_252,Pirinç (Haşlanmış),White rice cooked,cooked,USDA,,,,,,,,,,,,,,,,,,,,,,,,,,,,,,,,,,,,,no_source_match,No USDA candidates passed strict scoring filters.
wl_253,Bulgur (Kuru),Bulgur dry,raw,USDA,3550,"Bulgur, Dry, Raw",Kuru Çiğ Bulgur,Tahıl ve Ekmek,372.341,11.7562,75.8817,2.421,11.72,0,2.18,83.5,,,,,,,,,,,,,,,,,,,,,,,,,can_update_from_usda,"Strong USDA match — name, state, and category align; quick human confirm then import."
wl_254,Bulgur (Haşlanmış),Bulgur cooked,cooked,USDA,4621,Cooked Bulgur,Pişmiş bulgur,Tahıl ve Ekmek,83,3.08,18.58,0.24,4.5,0.1,5,38.3333,,,,,,,,,,,,,,,,,,,,,,,,,wrong_or_weak_match,Weak name/category alignment — do not auto-import.
wl_255,Makarna (Çiğ),Pasta dry,raw,USDA,3511,Dry Pasta,Kuru Makarna,Tahıl ve Ekmek,371,13.04,74.67,1.51,3.2,2.67,6,7.5,3521,Dry Whole Wheat Pasta,Kuru Tam Buğday Makarna,Tahıl ve Ekmek,362,13.51,73.1,2.68,10.1,2.6,11,7.5,,,,,,,,,,,,,wrong_or_weak_match,Candidate cooking/preparation state likely wrong — reject or pick alternate.
wl_256,Makarna (Haşlanmış),Pasta cooked,cooked,USDA,5815,"Homemade Egg Pasta, Cooked",Yumurtalı Ev Yapımı Pişmiş Makarna,Tahıl ve Ekmek,130,5.28,23.54,1.74,0,0,83,71,4565,Cooked Whole Wheat Pasta,Pişmiş Tam Buğday Makarna,Tahıl ve Ekmek,156,5.67,30.87,1.48,4.5,0.65,4,42.5,,,,,,,,,,,,,can_update_from_usda,"Strong USDA match — name, state, and category align; quick human confirm then import."
wl_257,Tam Buğday Ekmeği,Whole wheat bread,any,USDA,5083,Whole Wheat Bread,Tam Buğday Ekmeği,Tahıl ve Ekmek,254,12.3,43.1,3.55,6,0,450,85,5118,Whole Wheat French Bread,Tam buğday fransız ekmeği,Tahıl ve Ekmek,239,8.33,49.1,1.04,4.2,0,375,55,,,,,,,,,,,,,can_update_from_usda,"Strong USDA match — name, state, and category align; quick human confirm then import."
wl_258,Beyaz Ekmek,White bread,any,USDA,532,White Bread,Beyaz Ekmek,Tahıl ve Ekmek,270,9.43,49.2,3.59,2.3,0,477,85,577,White Wheat Bread,Beyaz buğday ekmeği,Tahıl ve Ekmek,238,10.66,43.91,2.15,9.2,5,478,55,,,,,,,,,,,,,can_update_from_usda,"Strong USDA match — name, state, and category align; quick human confirm then import."
wl_259,Simit,Simit bread ring,any,TURKOMP_OR_RECIPE,,,,,,,,,,,,,,,,,,,,,,,,,,,,,,,,,,,,,recipe_or_turkomp_needed,Turkish dish or recipe-based item — TürKomp or ingredient recipe; USDA skipped.
wl_260,Lavaş,Lavash flatbread,any,TURKOMP_OR_RECIPE,,,,,,,,,,,,,,,,,,,,,,,,,,,,,,,,,,,,,recipe_or_turkomp_needed,Turkish dish or recipe-based item — TürKomp or ingredient recipe; USDA skipped.
wl_261,Pide (Beyaz),Turkish pide bread,any,TURKOMP_OR_RECIPE,,,,,,,,,,,,,,,,,,,,,,,,,,,,,,,,,,,,,recipe_or_turkomp_needed,Turkish dish or recipe-based item — TürKomp or ingredient recipe; USDA skipped.
wl_262,Yulaf Ezmesi (Kuru),Rolled oats dry,raw,USDA,,,,,,,,,,,,,,,,,,,,,,,,,,,,,,,,,,,,,no_source_match,No USDA candidates passed strict scoring filters.
wl_263,Yulaf Lapası (Pişmiş),Oatmeal cooked,cooked,USDA,,,,,,,,,,,,,,,,,,,,,,,,,,,,,,,,,,,,,no_source_match,No USDA candidates passed strict scoring filters.
wl_264,Mısır Gevreği (Sade),Corn flakes plain,any,OPEN_FOOD_FACTS,,,,,,,,,,,,,,,,,,,,,,,,,,,,,,,,,,,,,open_food_facts_needed,Packaged/branded product — use Open Food Facts barcode lookup; USDA skipped.
wl_265,Granola,Granola,any,OPEN_FOOD_FACTS,,,,,,,,,,,,,,,,,,,,,,,,,,,,,,,,,,,,,open_food_facts_needed,Packaged/branded product — use Open Food Facts barcode lookup; USDA skipped.
wl_266,Kinoa (Haşlanmış),Quinoa cooked,cooked,USDA,2970,"Quinoa, Cooked","Kinoa, Pişmiş",Tahıl ve Ekmek,120,4.4,21.3,1.92,2.8,0.87,7,72.5,,,,,,,,,,,,,,,,,,,,,,,,,can_update_from_usda,"Strong USDA match — name, state, and category align; quick human confirm then import."
wl_267,Kuskus (Haşlanmış),Couscous cooked,cooked,USDA,,,,,,,,,,,,,,,,,,,,,,,,,,,,,,,,,,,,,no_source_match,No USDA candidates passed strict scoring filters.
wl_268,İrmik (Kuru),Semolina dry,raw,USDA,,,,,,,,,,,,,,,,,,,,,,,,,,,,,,,,,,,,,no_source_match,No USDA candidates passed strict scoring filters.
wl_269,Yulaf Unu,Oat flour,raw,USDA,5790,Oat Flour,Yulaf unu,Tahıl ve Ekmek,404,14.66,65.7,9.12,6.5,0.8,19,85,,,,,,,,,,,,,,,,,,,,,,,,,can_update_from_usda,"Strong USDA match — name, state, and category align; quick human confirm then import."
wl_270,Mısır Unu,Corn flour,raw,USDA,4254,Corn Flour,Mısır Unu,Tahıl ve Ekmek,364,6.2,80.8,1.74,4.3,0,0,85,5857,Unenriched Masa Corn Flour,Zenginleştirilmemiş Masa Mısır Unu,Tahıl ve Ekmek,363,8.46,76.59,3.69,6.4,1.61,5,83.5,,,,,,,,,,,,,can_update_from_usda,"Strong USDA match — name, state, and category align; quick human confirm then import."
wl_271,Buğday Unu (Beyaz),Wheat flour white,raw,USDA,,,,,,,,,,,,,,,,,,,,,,,,,,,,,,,,,,,,,no_source_match,No USDA candidates passed strict scoring filters.
wl_272,Tam Buğday Unu,Whole wheat flour,raw,USDA,5092,Whole Wheat Flour,Tam Buğday Unu,Tahıl ve Ekmek,370,15.1,71.2,2.73,10.6,0,3,85,,,,,,,,,,,,,,,,,,,,,,,,,can_update_from_usda,"Strong USDA match — name, state, and category align; quick human confirm then import."
wl_273,Galeta Unu,Breadcrumbs,any,USDA,2085,Bread Crumbs,Galeta unu,Tahıl ve Ekmek,266,8.85,49.42,3.33,2.7,5.67,490,68.3333,,,,,,,,,,,,,,,,,,,,,,,,,can_update_from_usda,"Strong USDA match — name, state, and category align; quick human confirm then import."
wl_274,Mısır Ekmeği,Cornbread,any,TURKOMP_OR_RECIPE,,,,,,,,,,,,,,,,,,,,,,,,,,,,,,,,,,,,,recipe_or_turkomp_needed,Turkish dish or recipe-based item — TürKomp or ingredient recipe; USDA skipped.
wl_275,Ekşi Mayalı Ekmek,Sourdough bread,any,USDA,,,,,,,,,,,,,,,,,,,,,,,,,,,,,,,,,,,,,no_source_match,No USDA candidates passed strict scoring filters.
wl_276,Basmati Pirinç (Haşlanmış),Basmati rice cooked,cooked,USDA,,,,,,,,,,,,,,,,,,,,,,,,,,,,,,,,,,,,,no_source_match,No USDA candidates passed strict scoring filters.
wl_277,Esmer Pirinç (Haşlanmış),Brown rice cooked,cooked,USDA,,,,,,,,,,,,,,,,,,,,,,,,,,,,,,,,,,,,,no_source_match,No USDA candidates passed strict scoring filters.
wl_278,Noodle (Haşlanmış),Noodles cooked,cooked,USDA,4859,"Soba Noodles, Cooked","Soba noodle, pişmiş",Tahıl ve Ekmek,99,5.06,21.44,0.1,0,0,60,71,4866,"Somen Noodles, Cooked","Somen noodle, pişmiş",Tahıl ve Ekmek,131,4,27.54,0.18,0,0,161,71,2494,"Spinach Egg Noodles, Cooked","Ispanaklı yumurtalı erişte, pişmiş",Tahıl ve Ekmek,132,5.04,24.25,1.57,2.3,0.71,12,58.5,can_update_from_usda,"Strong USDA match — name, state, and category align; quick human confirm then import."
wl_279,Tam Tahıl Galeta,Whole grain cracker,any,OPEN_FOOD_FACTS,,,,,,,,,,,,,,,,,,,,,,,,,,,,,,,,,,,,,open_food_facts_needed,Packaged/branded product — use Open Food Facts barcode lookup; USDA skipped.
wl_280,Tortilla (Buğday),Wheat tortilla,any,USDA,,,,,,,,,,,,,,,,,,,,,,,,,,,,,,,,,,,,,no_source_match,No USDA candidates passed strict scoring filters.
wl_281,Mercimek (Yeşil Kuru),Green lentil dry,raw,USDA,,,,,,,,,,,,,,,,,,,,,,,,,,,,,,,,,,,,,no_source_match,No USDA candidates passed strict scoring filters.
wl_282,Mercimek (Kırmızı Kuru),Red lentil dry,raw,USDA,,,,,,,,,,,,,,,,,,,,,,,,,,,,,,,,,,,,,no_source_match,No USDA candidates passed strict scoring filters.
wl_283,Mercimek (Yeşil Haşlanmış),Green lentil boiled,boiled,USDA,,,,,,,,,,,,,,,,,,,,,,,,,,,,,,,,,,,,,no_source_match,No USDA candidates passed strict scoring filters.
wl_284,Mercimek (Kırmızı Haşlanmış),Red lentil boiled,boiled,USDA,,,,,,,,,,,,,,,,,,,,,,,,,,,,,,,,,,,,,no_source_match,No USDA candidates passed strict scoring filters.
wl_285,Barbunya (Kuru),Kidney bean dry,raw,USDA,,,,,,,,,,,,,,,,,,,,,,,,,,,,,,,,,,,,,no_source_match,No USDA candidates passed strict scoring filters.
wl_286,Barbunya (Haşlanmış),Kidney bean boiled,boiled,USDA,,,,,,,,,,,,,,,,,,,,,,,,,,,,,,,,,,,,,no_source_match,No USDA candidates passed strict scoring filters.
wl_287,Nohut (Kuru),Chickpea dry,raw,USDA,3517,"Chickpeas, Dry",Kuru Nohut,Baklagiller,382.998,21.275,60.358,6.274,0,0,8.779,12.5,,,,,,,,,,,,,,,,,,,,,,,,,wrong_or_weak_match,Candidate cooking/preparation state likely wrong — reject or pick alternate.
wl_288,Nohut (Haşlanmış),Chickpea boiled,boiled,USDA,6267,Raw Chickpeas,Çiğ Nohut,Baklagiller,378,20.47,62.95,6.04,12.2,10.7,24,0,,,,,,,,,,,,,,,,,,,,,,,,,wrong_or_weak_match,Candidate cooking/preparation state likely wrong — reject or pick alternate.
wl_289,Kuru Fasulye (Kuru),White bean dry,raw,USDA,6220,"Navy Beans, Raw",Çiğ Kuru Fasulye,Baklagiller,337,22.33,60.75,1.5,15.3,3.88,5,30,,,,,,,,,,,,,,,,,,,,,,,,,wrong_or_weak_match,Weak name/category alignment — do not auto-import.
wl_290,Kuru Fasulye (Haşlanmış),White bean boiled,boiled,USDA,,,,,,,,,,,,,,,,,,,,,,,,,,,,,,,,,,,,,no_source_match,No USDA candidates passed strict scoring filters.
wl_291,Soya Fasulyesi (Haşlanmış),Soybeans boiled,boiled,USDA,5371,Boiled Mature Soybeans without Salt,Tuzsuz Haşlanmış Soya Fasulyesi,Baklagiller,172,18.21,8.36,8.97,6,3,1,60,5376,Boiled Green Soybeans without Salt,Tuzsuz Haşlanmış Yeşil Soya Fasulyesi,Sebze,141,12.35,11.05,6.4,4.2,0,14,60,,,,,,,,,,,,,can_update_from_usda,"Strong USDA match — name, state, and category align; quick human confirm then import."
wl_292,Edamame (Haşlanmış),Edamame boiled,boiled,USDA,,,,,,,,,,,,,,,,,,,,,,,,,,,,,,,,,,,,,no_source_match,No USDA candidates passed strict scoring filters.
wl_293,Börülce (Haşlanmış),Black-eyed peas boiled,boiled,USDA,,,,,,,,,,,,,,,,,,,,,,,,,,,,,,,,,,,,,no_source_match,No USDA candidates passed strict scoring filters.
wl_294,Fava (Kuru),Fava bean dry,raw,USDA,,,,,,,,,,,,,,,,,,,,,,,,,,,,,,,,,,,,,no_source_match,No USDA candidates passed strict scoring filters.
wl_295,Humus,Hummus,any,TURKOMP_OR_RECIPE,,,,,,,,,,,,,,,,,,,,,,,,,,,,,,,,,,,,,recipe_or_turkomp_needed,Turkish dish or recipe-based item — TürKomp or ingredient recipe; USDA skipped.
wl_296,Kabak Çekirdeği,Pumpkin seeds,any,USDA,6169,"Pumpkin Seeds, Raw",Çiğ Kabak Çekirdeği,Kuruyemiş ve Tohum,554.602,29.9079,18.6751,40.03,5.079,0,0,83.5,,,,,,,,,,,,,,,,,,,,,,,,,can_update_from_usda,"Strong USDA match — name, state, and category align; quick human confirm then import."
wl_297,Susam (Kuru),Sesame seeds,any,USDA,5031,"Sesame Kernels, Roasted, Without Salt","Susam İçi, Kavrulmuş, Tuzsuz",Kuruyemiş ve Tohum,567,16.96,26.04,48,16.9,0.48,39,30,,,,,,,,,,,,,,,,,,,,,,,,,wrong_or_weak_match,Weak name/category alignment — do not auto-import.
wl_298,Pekan Cevizi,Pecans,any,USDA,4450,Pecans,Pikan cevizi,Kuruyemiş ve Tohum,691,9.17,13.86,71.97,9.6,3.97,0,68.3333,,,,,,,,,,,,,,,,,,,,,,,,,can_update_from_usda,"Strong USDA match — name, state, and category align; quick human confirm then import."
wl_299,Yer Fıstığı (Kavrulmuş Tuzsuz),Peanuts roasted unsalted,roasted,USDA,,,,,,,,,,,,,,,,,,,,,,,,,,,,,,,,,,,,,no_source_match,No USDA candidates passed strict scoring filters.
wl_300,Badem (Çiğ),Almonds raw,raw,USDA,6011,"Almonds, Raw",Çiğ Badem,Kuruyemiş ve Tohum,625.75,21.4504,20.0346,51.09,10.78,0,0,85,,,,,,,,,,,,,,,,,,,,,,,,,can_update_from_usda,"Strong USDA match — name, state, and category align; quick human confirm then import."
wl_301,Ceviz,Walnuts,raw,USDA,804,Walnuts,Ceviz,Kuruyemiş ve Tohum,500,8.28,47.59,35.71,3.6,32.14,446,50,,,,,,,,,,,,,,,,,,,,,,,,,wrong_or_weak_match,Candidate cooking/preparation state likely wrong — reject or pick alternate.
wl_302,Fındık,Hazelnuts,raw,USDA,2010,Hazelnuts,Fındık,Kuruyemiş ve Tohum,628,14.95,16.7,60.75,9.7,4.34,0,50,,,,,,,,,,,,,,,,,,,,,,,,,wrong_or_weak_match,Candidate cooking/preparation state likely wrong — reject or pick alternate.
wl_303,Kaju,Cashews,raw,USDA,6193,"Cashews, Raw",Çiğ Kaju,Kuruyemiş ve Tohum,564.664,17.4423,36.2887,38.86,4.104,0,4.759,83.5,,,,,,,,,,,,,,,,,,,,,,,,,can_update_from_usda,"Strong USDA match — name, state, and category align; quick human confirm then import."
wl_304,Antep Fıstığı,Pistachios,raw,USDA,5999,"Pistachios, Raw",Çiğ Antep Fıstığı,Kuruyemiş ve Tohum,597.98,20.5057,27.6943,45.02,6.969,0,0,83.5,,,,,,,,,,,,,,,,,,,,,,,,,can_update_from_usda,"Strong USDA match — name, state, and category align; quick human confirm then import."
wl_305,Ay Çekirdeği,Sunflower seeds,raw,USDA,6010,"Sunflower Seeds, Raw",Çiğ Ay Çekirdeği İçi,Kuruyemiş ve Tohum,609.456,18.8733,24.5007,48.44,7.215,0,0,83.5,,,,,,,,,,,,,,,,,,,,,,,,,can_update_from_usda,"Strong USDA match — name, state, and category align; quick human confirm then import."
wl_306,Keten Tohumu,Flax seeds,raw,USDA,2953,Flaxseed Oil,Keten tohumu yağı,Yağlar,884,0.11,0,99.98,0,0,0,30,2952,Flaxseed,Keten Tohumu,Kuruyemiş ve Tohum,534,18.29,28.88,42.16,27.3,1.55,30,25,,,,,,,,,,,,,wrong_or_weak_match,Weak name/category alignment — do not auto-import.
wl_307,Chia Tohumu,Chia seeds,raw,USDA,3551,"Chia Seeds, Dry, Raw",Kuru Çiğ Chia Tohumu,Tahıl ve Ekmek,517.154,17.013,38.273,32.89,0,0,0,83.5,,,,,,,,,,,,,,,,,,,,,,,,,can_update_from_usda,"Strong USDA match — name, state, and category align; quick human confirm then import."
wl_308,Hindistan Cevizi (Rendelenmiş),Coconut shredded,dried,USDA,,,,,,,,,,,,,,,,,,,,,,,,,,,,,,,,,,,,,no_source_match,No USDA candidates passed strict scoring filters.
wl_309,Kuru Üzüm (Kavrulmuş),Roasted chickpeas snack,any,TURKOMP_OR_RECIPE,,,,,,,,,,,,,,,,,,,,,,,,,,,,,,,,,,,,,recipe_or_turkomp_needed,Turkish dish or recipe-based item — TürKomp or ingredient recipe; USDA skipped.
wl_310,Leblebi,Roasted chickpeas,any,TURKOMP_OR_RECIPE,,,,,,,,,,,,,,,,,,,,,,,,,,,,,,,,,,,,,recipe_or_turkomp_needed,Turkish dish or recipe-based item — TürKomp or ingredient recipe; USDA skipped.
wl_311,Hindistan Cevizi Yağı,Coconut oil,any,USDA,2456,Coconut Oil,Hindistan Cevizi Yağı,Yağlar,833,0,0.84,99.1,0,0,0,85,,,,,,,,,,,,,,,,,,,,,,,,,can_update_from_usda,"Strong USDA match — name, state, and category align; quick human confirm then import."
wl_312,Susam Yağı,Sesame oil,any,USDA,5029,"Sesame Oil, Cooking and Salad","Susam yağı, yemeklik ve salatalık",Yağlar,884,0,0,100,0,0,0,83.5,,,,,,,,,,,,,,,,,,,,,,,,,can_update_from_usda,"Strong USDA match — name, state, and category align; quick human confirm then import."
wl_313,Zeytinyağı,Olive oil,any,USDA,4257,"Corn, Peanut and Olive Oil","Mısır, yer fıstığı ve zeytinyağı",Yağlar,884,0,0,100,0,0,0,83.5,5877,"Olive Oil, Cooking and Salad","Zeytinyağı, yemeklik ve salatalık",Yağlar,884,0,0,100,0,0,2,83.5,4136,"Mayonnaise, Reduced Fat, With Olive Oil","Mayonez, azaltılmış yağlı, zeytinyağlı",Yağlar,361,0.37,0,40,0,0,800,66.8333,can_update_from_usda,"Strong USDA match — name, state, and category align; quick human confirm then import."
wl_314,Ayçiçek Yağı,Sunflower oil,any,USDA,110,Sunflower Oil,Ayçiçek yağı,Yağlar,884,0,0,100,0,0,0,85,,,,,,,,,,,,,,,,,,,,,,,,,can_update_from_usda,"Strong USDA match — name, state, and category align; quick human confirm then import."
wl_315,Kanola Yağı,Canola oil,any,USDA,2606,Canola Oil,Kanola yağı,Yağlar,884,0,0,100,0,0,0,85,,,,,,,,,,,,,,,,,,,,,,,,,can_update_from_usda,"Strong USDA match — name, state, and category align; quick human confirm then import."
wl_316,Margarin,Margarine,any,OPEN_FOOD_FACTS,,,,,,,,,,,,,,,,,,,,,,,,,,,,,,,,,,,,,open_food_facts_needed,Packaged/branded product — use Open Food Facts barcode lookup; USDA skipped.
wl_317,Avokado Yağı,Avocado oil,any,USDA,87,Avocado Oil,Avokado yağı,Yağlar,884,0,0,100,0,0,0,85,,,,,,,,,,,,,,,,,,,,,,,,,can_update_from_usda,"Strong USDA match — name, state, and category align; quick human confirm then import."
wl_318,Tereyağı (Tuzsuz),Butter unsalted,any,USDA,4335,"Chunky Peanut Butter, Unsalted","Parçacıklı Fıstık Ezmesi, Tuzsuz",Baklagiller,589,24.06,21.57,49.94,8,8.41,17,71,5396,Unsalted Butter,Tuzsuz tereyağı,Yağlar,717,0.85,0.06,81.11,0,0.06,11,55,,,,,,,,,,,,,can_update_from_usda,"Strong USDA match — name, state, and category align; quick human confirm then import."
wl_319,Paça Çorbası,Trotter soup,any,TURKOMP_OR_RECIPE,,,,,,,,,,,,,,,,,,,,,,,,,,,,,,,,,,,,,recipe_or_turkomp_needed,Turkish dish or recipe-based item — TürKomp or ingredient recipe; USDA skipped.
wl_320,Lahana Çorbası,Cabbage soup,any,TURKOMP_OR_RECIPE,,,,,,,,,,,,,,,,,,,,,,,,,,,,,,,,,,,,,recipe_or_turkomp_needed,Turkish dish or recipe-based item — TürKomp or ingredient recipe; USDA skipped.
wl_321,Sebze Çorbası,Mixed vegetable soup,any,TURKOMP_OR_RECIPE,,,,,,,,,,,,,,,,,,,,,,,,,,,,,,,,,,,,,recipe_or_turkomp_needed,Turkish dish or recipe-based item — TürKomp or ingredient recipe; USDA skipped.
wl_322,Balık Çorbası,Fish soup,any,TURKOMP_OR_RECIPE,,,,,,,,,,,,,,,,,,,,,,,,,,,,,,,,,,,,,recipe_or_turkomp_needed,Turkish dish or recipe-based item — TürKomp or ingredient recipe; USDA skipped.
wl_323,Mercimek Çorbası,Lentil soup,any,TURKOMP_OR_RECIPE,,,,,,,,,,,,,,,,,,,,,,,,,,,,,,,,,,,,,recipe_or_turkomp_needed,Turkish dish or recipe-based item — TürKomp or ingredient recipe; USDA skipped.
wl_324,Ezogelin Çorbası,Ezogelin soup,any,TURKOMP_OR_RECIPE,,,,,,,,,,,,,,,,,,,,,,,,,,,,,,,,,,,,,recipe_or_turkomp_needed,Turkish dish or recipe-based item — TürKomp or ingredient recipe; USDA skipped.
wl_325,Tarhana Çorbası,Tarhana soup,any,TURKOMP_OR_RECIPE,,,,,,,,,,,,,,,,,,,,,,,,,,,,,,,,,,,,,recipe_or_turkomp_needed,Turkish dish or recipe-based item — TürKomp or ingredient recipe; USDA skipped.
wl_326,Yayla Çorbası,Yayla soup,any,TURKOMP_OR_RECIPE,,,,,,,,,,,,,,,,,,,,,,,,,,,,,,,,,,,,,recipe_or_turkomp_needed,Turkish dish or recipe-based item — TürKomp or ingredient recipe; USDA skipped.
wl_327,Domates Çorbası,Tomato soup,any,TURKOMP_OR_RECIPE,,,,,,,,,,,,,,,,,,,,,,,,,,,,,,,,,,,,,recipe_or_turkomp_needed,Turkish dish or recipe-based item — TürKomp or ingredient recipe; USDA skipped.
wl_328,Tavuk Suyu Çorbası,Chicken broth soup,any,USDA,,,,,,,,,,,,,,,,,,,,,,,,,,,,,,,,,,,,,no_source_match,No USDA candidates passed strict scoring filters.
wl_329,Analı Kızlı Çorbası,Anali kizli soup,any,TURKOMP_OR_RECIPE,,,,,,,,,,,,,,,,,,,,,,,,,,,,,,,,,,,,,recipe_or_turkomp_needed,Turkish dish or recipe-based item — TürKomp or ingredient recipe; USDA skipped.
wl_330,İşkembe Çorbası,Tripe soup,any,TURKOMP_OR_RECIPE,,,,,,,,,,,,,,,,,,,,,,,,,,,,,,,,,,,,,recipe_or_turkomp_needed,Turkish dish or recipe-based item — TürKomp or ingredient recipe; USDA skipped.
wl_331,Menemen,Menemen,any,TURKOMP_OR_RECIPE,,,,,,,,,,,,,,,,,,,,,,,,,,,,,,,,,,,,,recipe_or_turkomp_needed,Turkish dish or recipe-based item — TürKomp or ingredient recipe; USDA skipped.
wl_332,Çılbır,Cilbir,any,TURKOMP_OR_RECIPE,,,,,,,,,,,,,,,,,,,,,,,,,,,,,,,,,,,,,recipe_or_turkomp_needed,Turkish dish or recipe-based item — TürKomp or ingredient recipe; USDA skipped.
wl_333,Türlü,Mixed vegetable stew,any,TURKOMP_OR_RECIPE,,,,,,,,,,,,,,,,,,,,,,,,,,,,,,,,,,,,,recipe_or_turkomp_needed,Turkish dish or recipe-based item — TürKomp or ingredient recipe; USDA skipped.
wl_334,Sulu Köfte,Sulu kofte stew,any,TURKOMP_OR_RECIPE,,,,,,,,,,,,,,,,,,,,,,,,,,,,,,,,,,,,,recipe_or_turkomp_needed,Turkish dish or recipe-based item — TürKomp or ingredient recipe; USDA skipped.
wl_335,Ali Nazik,Ali nazik,any,TURKOMP_OR_RECIPE,,,,,,,,,,,,,,,,,,,,,,,,,,,,,,,,,,,,,recipe_or_turkomp_needed,Turkish dish or recipe-based item — TürKomp or ingredient recipe; USDA skipped.
wl_336,Patlıcan Salatası (Közlenmiş),Roasted eggplant salad,grilled,TURKOMP_OR_RECIPE,,,,,,,,,,,,,,,,,,,,,,,,,,,,,,,,,,,,,recipe_or_turkomp_needed,Turkish dish or recipe-based item — TürKomp or ingredient recipe; USDA skipped.
wl_337,Sigara Böreği,Sigara boregi,any,TURKOMP_OR_RECIPE,,,,,,,,,,,,,,,,,,,,,,,,,,,,,,,,,,,,,recipe_or_turkomp_needed,Turkish dish or recipe-based item — TürKomp or ingredient recipe; USDA skipped.
wl_338,Su Böreği,Su boregi,any,TURKOMP_OR_RECIPE,,,,,,,,,,,,,,,,,,,,,,,,,,,,,,,,,,,,,recipe_or_turkomp_needed,Turkish dish or recipe-based item — TürKomp or ingredient recipe; USDA skipped.
wl_339,Kaygana,Kaygana,any,TURKOMP_OR_RECIPE,,,,,,,,,,,,,,,,,,,,,,,,,,,,,,,,,,,,,recipe_or_turkomp_needed,Turkish dish or recipe-based item — TürKomp or ingredient recipe; USDA skipped.
wl_340,Pişi,Pisi fried dough,any,TURKOMP_OR_RECIPE,,,,,,,,,,,,,,,,,,,,,,,,,,,,,,,,,,,,,recipe_or_turkomp_needed,Turkish dish or recipe-based item — TürKomp or ingredient recipe; USDA skipped.
wl_341,Haydari,Haydari,any,TURKOMP_OR_RECIPE,,,,,,,,,,,,,,,,,,,,,,,,,,,,,,,,,,,,,recipe_or_turkomp_needed,Turkish dish or recipe-based item — TürKomp or ingredient recipe; USDA skipped.
wl_342,Acılı Ezme,Spicy tomato dip,any,TURKOMP_OR_RECIPE,,,,,,,,,,,,,,,,,,,,,,,,,,,,,,,,,,,,,recipe_or_turkomp_needed,Turkish dish or recipe-based item — TürKomp or ingredient recipe; USDA skipped.
wl_343,Orman Kebabı,Orman kebabi,any,TURKOMP_OR_RECIPE,,,,,,,,,,,,,,,,,,,,,,,,,,,,,,,,,,,,,recipe_or_turkomp_needed,Turkish dish or recipe-based item — TürKomp or ingredient recipe; USDA skipped.
wl_344,Karnıyarık,Karniyarik,any,TURKOMP_OR_RECIPE,,,,,,,,,,,,,,,,,,,,,,,,,,,,,,,,,,,,,recipe_or_turkomp_needed,Turkish dish or recipe-based item — TürKomp or ingredient recipe; USDA skipped.
wl_345,Imam Bayıldı,Imam bayildi,any,TURKOMP_OR_RECIPE,,,,,,,,,,,,,,,,,,,,,,,,,,,,,,,,,,,,,recipe_or_turkomp_needed,Turkish dish or recipe-based item — TürKomp or ingredient recipe; USDA skipped.
wl_346,Mücver,Mucver zucchini fritters,any,TURKOMP_OR_RECIPE,,,,,,,,,,,,,,,,,,,,,,,,,,,,,,,,,,,,,recipe_or_turkomp_needed,Turkish dish or recipe-based item — TürKomp or ingredient recipe; USDA skipped.
wl_347,Kısır,Kisir bulgur salad,any,TURKOMP_OR_RECIPE,,,,,,,,,,,,,,,,,,,,,,,,,,,,,,,,,,,,,recipe_or_turkomp_needed,Turkish dish or recipe-based item — TürKomp or ingredient recipe; USDA skipped.
wl_348,Çoban Salata,Coban salad,any,TURKOMP_OR_RECIPE,,,,,,,,,,,,,,,,,,,,,,,,,,,,,,,,,,,,,recipe_or_turkomp_needed,Turkish dish or recipe-based item — TürKomp or ingredient recipe; USDA skipped.
wl_349,Piyaz,Piyaz bean salad,any,TURKOMP_OR_RECIPE,,,,,,,,,,,,,,,,,,,,,,,,,,,,,,,,,,,,,recipe_or_turkomp_needed,Turkish dish or recipe-based item — TürKomp or ingredient recipe; USDA skipped.
wl_350,Lahmacun,Lahmacun,any,TURKOMP_OR_RECIPE,,,,,,,,,,,,,,,,,,,,,,,,,,,,,,,,,,,,,recipe_or_turkomp_needed,Turkish dish or recipe-based item — TürKomp or ingredient recipe; USDA skipped.
wl_351,Pide (Kaşarlı),Cheese pide,any,TURKOMP_OR_RECIPE,,,,,,,,,,,,,,,,,,,,,,,,,,,,,,,,,,,,,recipe_or_turkomp_needed,Turkish dish or recipe-based item — TürKomp or ingredient recipe; USDA skipped.
wl_352,Döner (Tavuk),Chicken doner,any,TURKOMP_OR_RECIPE,,,,,,,,,,,,,,,,,,,,,,,,,,,,,,,,,,,,,recipe_or_turkomp_needed,Turkish dish or recipe-based item — TürKomp or ingredient recipe; USDA skipped.
wl_353,Döner (Et),Beef doner,any,TURKOMP_OR_RECIPE,,,,,,,,,,,,,,,,,,,,,,,,,,,,,,,,,,,,,recipe_or_turkomp_needed,Turkish dish or recipe-based item — TürKomp or ingredient recipe; USDA skipped.
wl_354,İskender Kebap,Iskender kebab,any,TURKOMP_OR_RECIPE,,,,,,,,,,,,,,,,,,,,,,,,,,,,,,,,,,,,,recipe_or_turkomp_needed,Turkish dish or recipe-based item — TürKomp or ingredient recipe; USDA skipped.
wl_355,Adana Kebap,Adana kebab,any,TURKOMP_OR_RECIPE,,,,,,,,,,,,,,,,,,,,,,,,,,,,,,,,,,,,,recipe_or_turkomp_needed,Turkish dish or recipe-based item — TürKomp or ingredient recipe; USDA skipped.
wl_356,Urfa Kebap,Urfa kebab,any,TURKOMP_OR_RECIPE,,,,,,,,,,,,,,,,,,,,,,,,,,,,,,,,,,,,,recipe_or_turkomp_needed,Turkish dish or recipe-based item — TürKomp or ingredient recipe; USDA skipped.
wl_357,Tavuk Şiş,Chicken shish kebab,grilled,TURKOMP_OR_RECIPE,,,,,,,,,,,,,,,,,,,,,,,,,,,,,,,,,,,,,recipe_or_turkomp_needed,Turkish dish or recipe-based item — TürKomp or ingredient recipe; USDA skipped.
wl_358,Kuzu Şiş,Lamb shish kebab,grilled,TURKOMP_OR_RECIPE,,,,,,,,,,,,,,,,,,,,,,,,,,,,,,,,,,,,,recipe_or_turkomp_needed,Turkish dish or recipe-based item — TürKomp or ingredient recipe; USDA skipped.
wl_359,Mantı,Manti dumplings,any,TURKOMP_OR_RECIPE,,,,,,,,,,,,,,,,,,,,,,,,,,,,,,,,,,,,,recipe_or_turkomp_needed,Turkish dish or recipe-based item — TürKomp or ingredient recipe; USDA skipped.
wl_360,Börek (Peynirli),Cheese borek,any,TURKOMP_OR_RECIPE,,,,,,,,,,,,,,,,,,,,,,,,,,,,,,,,,,,,,recipe_or_turkomp_needed,Turkish dish or recipe-based item — TürKomp or ingredient recipe; USDA skipped.
wl_361,Gözleme (Ispanaklı),Spinach gozleme,any,TURKOMP_OR_RECIPE,,,,,,,,,,,,,,,,,,,,,,,,,,,,,,,,,,,,,recipe_or_turkomp_needed,Turkish dish or recipe-based item — TürKomp or ingredient recipe; USDA skipped.
wl_362,Gözleme (Peynirli),Cheese gozleme,any,TURKOMP_OR_RECIPE,,,,,,,,,,,,,,,,,,,,,,,,,,,,,,,,,,,,,recipe_or_turkomp_needed,Turkish dish or recipe-based item — TürKomp or ingredient recipe; USDA skipped.
wl_363,Kumpir,Kumpir stuffed potato,any,TURKOMP_OR_RECIPE,,,,,,,,,,,,,,,,,,,,,,,,,,,,,,,,,,,,,recipe_or_turkomp_needed,Turkish dish or recipe-based item — TürKomp or ingredient recipe; USDA skipped.
wl_364,Köfte (Ev Usulü),Homemade meatballs,any,TURKOMP_OR_RECIPE,,,,,,,,,,,,,,,,,,,,,,,,,,,,,,,,,,,,,recipe_or_turkomp_needed,Turkish dish or recipe-based item — TürKomp or ingredient recipe; USDA skipped.
wl_365,Fasulye Pilaki,Bean pilaki,any,TURKOMP_OR_RECIPE,,,,,,,,,,,,,,,,,,,,,,,,,,,,,,,,,,,,,recipe_or_turkomp_needed,Turkish dish or recipe-based item — TürKomp or ingredient recipe; USDA skipped.
wl_366,Zeytinyağlı Fasulye,Green beans in olive oil,any,TURKOMP_OR_RECIPE,,,,,,,,,,,,,,,,,,,,,,,,,,,,,,,,,,,,,recipe_or_turkomp_needed,Turkish dish or recipe-based item — TürKomp or ingredient recipe; USDA skipped.
wl_367,Zeytinyağlı Enginar,Artichoke in olive oil,any,TURKOMP_OR_RECIPE,,,,,,,,,,,,,,,,,,,,,,,,,,,,,,,,,,,,,recipe_or_turkomp_needed,Turkish dish or recipe-based item — TürKomp or ingredient recipe; USDA skipped.
wl_368,Zeytinyağlı Barbunya,Kidney beans in olive oil,any,TURKOMP_OR_RECIPE,,,,,,,,,,,,,,,,,,,,,,,,,,,,,,,,,,,,,recipe_or_turkomp_needed,Turkish dish or recipe-based item — TürKomp or ingredient recipe; USDA skipped.
wl_369,Hünkar Beğendi,Hunkar begendi,any,TURKOMP_OR_RECIPE,,,,,,,,,,,,,,,,,,,,,,,,,,,,,,,,,,,,,recipe_or_turkomp_needed,Turkish dish or recipe-based item — TürKomp or ingredient recipe; USDA skipped.
wl_370,Etli Nohut,Chickpeas with meat,any,TURKOMP_OR_RECIPE,,,,,,,,,,,,,,,,,,,,,,,,,,,,,,,,,,,,,recipe_or_turkomp_needed,Turkish dish or recipe-based item — TürKomp or ingredient recipe; USDA skipped.
wl_371,Sarma (Yaprak),Stuffed grape leaves,any,TURKOMP_OR_RECIPE,,,,,,,,,,,,,,,,,,,,,,,,,,,,,,,,,,,,,recipe_or_turkomp_needed,Turkish dish or recipe-based item — TürKomp or ingredient recipe; USDA skipped.
wl_372,Cacık,Cacik yogurt dip,any,TURKOMP_OR_RECIPE,,,,,,,,,,,,,,,,,,,,,,,,,,,,,,,,,,,,,recipe_or_turkomp_needed,Turkish dish or recipe-based item — TürKomp or ingredient recipe; USDA skipped.
wl_373,Tarator,Tarator walnut sauce,any,TURKOMP_OR_RECIPE,,,,,,,,,,,,,,,,,,,,,,,,,,,,,,,,,,,,,recipe_or_turkomp_needed,Turkish dish or recipe-based item — TürKomp or ingredient recipe; USDA skipped.
wl_374,Tantuni,Tantuni wrap,any,TURKOMP_OR_RECIPE,,,,,,,,,,,,,,,,,,,,,,,,,,,,,,,,,,,,,recipe_or_turkomp_needed,Turkish dish or recipe-based item — TürKomp or ingredient recipe; USDA skipped.
wl_375,Kokoreç,Kokorec,any,TURKOMP_OR_RECIPE,,,,,,,,,,,,,,,,,,,,,,,,,,,,,,,,,,,,,recipe_or_turkomp_needed,Turkish dish or recipe-based item — TürKomp or ingredient recipe; USDA skipped.
wl_376,Midye Dolma,Stuffed mussels,any,TURKOMP_OR_RECIPE,,,,,,,,,,,,,,,,,,,,,,,,,,,,,,,,,,,,,recipe_or_turkomp_needed,Turkish dish or recipe-based item — TürKomp or ingredient recipe; USDA skipped.
wl_377,Reçel (Çilek),Strawberry jam,any,TURKOMP_OR_RECIPE,,,,,,,,,,,,,,,,,,,,,,,,,,,,,,,,,,,,,recipe_or_turkomp_needed,Turkish dish or recipe-based item — TürKomp or ingredient recipe; USDA skipped.
wl_378,Fransız Tostu,French toast,any,TURKOMP_OR_RECIPE,,,,,,,,,,,,,,,,,,,,,,,,,,,,,,,,,,,,,recipe_or_turkomp_needed,Turkish dish or recipe-based item — TürKomp or ingredient recipe; USDA skipped.
wl_379,Sahanda Sucuk,Sucuk pan-fried,fried,TURKOMP_OR_RECIPE,,,,,,,,,,,,,,,,,,,,,,,,,,,,,,,,,,,,,recipe_or_turkomp_needed,Turkish dish or recipe-based item — TürKomp or ingredient recipe; USDA skipped.
wl_380,Sahanda Yumurta,Pan fried eggs,fried,TURKOMP_OR_RECIPE,,,,,,,,,,,,,,,,,,,,,,,,,,,,,,,,,,,,,recipe_or_turkomp_needed,Turkish dish or recipe-based item — TürKomp or ingredient recipe; USDA skipped.
wl_381,Omlet (Peynirli),Cheese omelette,any,TURKOMP_OR_RECIPE,,,,,,,,,,,,,,,,,,,,,,,,,,,,,,,,,,,,,recipe_or_turkomp_needed,Turkish dish or recipe-based item — TürKomp or ingredient recipe; USDA skipped.
wl_382,Omlet (Sebzeli),Vegetable omelette,any,TURKOMP_OR_RECIPE,,,,,,,,,,,,,,,,,,,,,,,,,,,,,,,,,,,,,recipe_or_turkomp_needed,Turkish dish or recipe-based item — TürKomp or ingredient recipe; USDA skipped.
wl_383,Granola Kase,Granola bowl,any,TURKOMP_OR_RECIPE,,,,,,,,,,,,,,,,,,,,,,,,,,,,,,,,,,,,,recipe_or_turkomp_needed,Turkish dish or recipe-based item — TürKomp or ingredient recipe; USDA skipped.
wl_384,Peynir-Zeytin Tabağı,Cheese olive plate,any,TURKOMP_OR_RECIPE,,,,,,,,,,,,,,,,,,,,,,,,,,,,,,,,,,,,,recipe_or_turkomp_needed,Turkish dish or recipe-based item — TürKomp or ingredient recipe; USDA skipped.
wl_385,Bal,Honey,any,USDA,255,Honey,Bal,Tatlı,304,0.3,82.4,0,0.2,82.12,4,85,240,"Almonds, Blanched, Honey Roasted","Badem, beyazlatılmış, ballı kavrulmuş",Kuruyemiş ve Tohum,594,18.17,27.9,49.9,13.7,0,130,58.5,262,Honey Smoked Ham,Ballı Füme Jambon,Et ve Tavuk,122,17.93,7.27,2.37,0,0,900,58.5,can_update_from_usda,"Strong USDA match — name, state, and category align; quick human confirm then import."
wl_386,Tahin-Pekmez,Tahini molasses,any,TURKOMP_OR_RECIPE,,,,,,,,,,,,,,,,,,,,,,,,,,,,,,,,,,,,,recipe_or_turkomp_needed,Turkish dish or recipe-based item — TürKomp or ingredient recipe; USDA skipped.
wl_387,Pancake,Pancake,any,TURKOMP_OR_RECIPE,,,,,,,,,,,,,,,,,,,,,,,,,,,,,,,,,,,,,recipe_or_turkomp_needed,Turkish dish or recipe-based item — TürKomp or ingredient recipe; USDA skipped.
wl_388,Waffle,Waffle,any,TURKOMP_OR_RECIPE,,,,,,,,,,,,,,,,,,,,,,,,,,,,,,,,,,,,,recipe_or_turkomp_needed,Turkish dish or recipe-based item — TürKomp or ingredient recipe; USDA skipped.
wl_389,Galeta,Cracker plain,any,USDA,2085,Bread Crumbs,Galeta unu,Tahıl ve Ekmek,266,8.85,49.42,3.33,2.7,5.67,490,21.6667,,,,,,,,,,,,,,,,,,,,,,,,,wrong_or_weak_match,Weak name/category alignment — do not auto-import.
wl_390,Kurabiye (Ev Yapımı),Homemade cookie,any,TURKOMP_OR_RECIPE,,,,,,,,,,,,,,,,,,,,,,,,,,,,,,,,,,,,,recipe_or_turkomp_needed,Turkish dish or recipe-based item — TürKomp or ingredient recipe; USDA skipped.
wl_391,Cips (Patates),Potato chips,any,OPEN_FOOD_FACTS,,,,,,,,,,,,,,,,,,,,,,,,,,,,,,,,,,,,,open_food_facts_needed,Packaged/branded product — use Open Food Facts barcode lookup; USDA skipped.
wl_392,Mısır Cipsi,Corn chips,any,OPEN_FOOD_FACTS,,,,,,,,,,,,,,,,,,,,,,,,,,,,,,,,,,,,,open_food_facts_needed,Packaged/branded product — use Open Food Facts barcode lookup; USDA skipped.
wl_393,Protein Bar,Protein bar,any,OPEN_FOOD_FACTS,,,,,,,,,,,,,,,,,,,,,,,,,,,,,,,,,,,,,open_food_facts_needed,Packaged/branded product — use Open Food Facts barcode lookup; USDA skipped.
wl_394,Granola Bar,Granola bar,any,OPEN_FOOD_FACTS,,,,,,,,,,,,,,,,,,,,,,,,,,,,,,,,,,,,,open_food_facts_needed,Packaged/branded product — use Open Food Facts barcode lookup; USDA skipped.
wl_395,Popcorn (Tuzsuz),Popcorn unsalted,plain,USDA,,,,,,,,,,,,,,,,,,,,,,,,,,,,,,,,,,,,,no_source_match,No USDA candidates passed strict scoring filters.
wl_396,Bisküvi (Petibör),Tea biscuit,any,OPEN_FOOD_FACTS,,,,,,,,,,,,,,,,,,,,,,,,,,,,,,,,,,,,,open_food_facts_needed,Packaged/branded product — use Open Food Facts barcode lookup; USDA skipped.
wl_397,Çikolata (Sütlü),Milk chocolate,any,OPEN_FOOD_FACTS,,,,,,,,,,,,,,,,,,,,,,,,,,,,,,,,,,,,,open_food_facts_needed,Packaged/branded product — use Open Food Facts barcode lookup; USDA skipped.
wl_398,Dondurma (Sade Vanilya),Vanilla ice cream,any,OPEN_FOOD_FACTS,,,,,,,,,,,,,,,,,,,,,,,,,,,,,,,,,,,,,open_food_facts_needed,Packaged/branded product — use Open Food Facts barcode lookup; USDA skipped.
wl_399,Baklava,Baklava,any,TURKOMP_OR_RECIPE,,,,,,,,,,,,,,,,,,,,,,,,,,,,,,,,,,,,,recipe_or_turkomp_needed,Turkish dish or recipe-based item — TürKomp or ingredient recipe; USDA skipped.
wl_400,Künefe,Kunefe,any,TURKOMP_OR_RECIPE,,,,,,,,,,,,,,,,,,,,,,,,,,,,,,,,,,,,,recipe_or_turkomp_needed,Turkish dish or recipe-based item — TürKomp or ingredient recipe; USDA skipped.
wl_401,Sütlaç,Sutlac rice pudding,any,TURKOMP_OR_RECIPE,,,,,,,,,,,,,,,,,,,,,,,,,,,,,,,,,,,,,recipe_or_turkomp_needed,Turkish dish or recipe-based item — TürKomp or ingredient recipe; USDA skipped.
wl_402,Kazandibi,Kazandibi,any,TURKOMP_OR_RECIPE,,,,,,,,,,,,,,,,,,,,,,,,,,,,,,,,,,,,,recipe_or_turkomp_needed,Turkish dish or recipe-based item — TürKomp or ingredient recipe; USDA skipped.
wl_403,Revani,Revani semolina cake,any,TURKOMP_OR_RECIPE,,,,,,,,,,,,,,,,,,,,,,,,,,,,,,,,,,,,,recipe_or_turkomp_needed,Turkish dish or recipe-based item — TürKomp or ingredient recipe; USDA skipped.
wl_404,Lokma,Lokma,any,TURKOMP_OR_RECIPE,,,,,,,,,,,,,,,,,,,,,,,,,,,,,,,,,,,,,recipe_or_turkomp_needed,Turkish dish or recipe-based item — TürKomp or ingredient recipe; USDA skipped.
wl_405,Helva,Halva,any,TURKOMP_OR_RECIPE,,,,,,,,,,,,,,,,,,,,,,,,,,,,,,,,,,,,,recipe_or_turkomp_needed,Turkish dish or recipe-based item — TürKomp or ingredient recipe; USDA skipped.
wl_406,Tiramisu,Tiramisu,any,TURKOMP_OR_RECIPE,,,,,,,,,,,,,,,,,,,,,,,,,,,,,,,,,,,,,recipe_or_turkomp_needed,Turkish dish or recipe-based item — TürKomp or ingredient recipe; USDA skipped.
wl_407,Cheesecake,Cheesecake,any,TURKOMP_OR_RECIPE,,,,,,,,,,,,,,,,,,,,,,,,,,,,,,,,,,,,,recipe_or_turkomp_needed,Turkish dish or recipe-based item — TürKomp or ingredient recipe; USDA skipped.
wl_408,Brownie,Brownie,any,TURKOMP_OR_RECIPE,,,,,,,,,,,,,,,,,,,,,,,,,,,,,,,,,,,,,recipe_or_turkomp_needed,Turkish dish or recipe-based item — TürKomp or ingredient recipe; USDA skipped.
