candidate_id,name_tr,name_en,category_tr,category_en,target_state,default_portion_label_tr,default_portion_grams,search_keywords_en,search_keywords_tr,preferred_source,source_priority,notes
wl_001,Su,Water,İçecek,Beverage,plain,1 Su Bardağı,200,Water,Su,MANUAL_REVIEW,1,Zero-calorie baseline; manual confirm
wl_002,Maden Suyu (Sade),Plain mineral water,İçecek,Beverage,plain,1 Şişe,200,Plain mineral water,Maden Suyu (Sade),OPEN_FOOD_FACTS,1,Packaged; mineral content varies
wl_003,Soda (Sade),Club soda,İçecek,Beverage,plain,1 Şişe,200,Club soda,Soda (Sade),OPEN_FOOD_FACTS,1,Carbonated water
wl_004,Türk Çayı (Şekersiz),Black tea unsweetened,İçecek,Beverage,unsweetened,1 Çay Bardağı,100,tea brewed unsweetened,çay demlenmiş şekersiz,USDA,1,
wl_005,Türk Çayı (Şekerli),Black tea with sugar,İçecek,Beverage,sweetened,1 Porsiyon,100,Black tea with sugar,Türk Çayı (Şekerli),TURKOMP_OR_RECIPE,1,Recipe: tea + sugar amount
wl_006,Yeşil Çay (Şekersiz),Green tea unsweetened,İçecek,Beverage,unsweetened,1 Fincan,200,green tea brewed,Yeşil Çay (Şekersiz),USDA,1,
wl_007,Bitki Çayı (Şekersiz),Herbal tea unsweetened,İçecek,Beverage,unsweetened,1 Porsiyon,100,Herbal tea unsweetened,Bitki Çayı (Şekersiz),MANUAL_REVIEW,1,Near-zero if unsweetened
wl_008,Ihlamur Çayı,Linden tea,İçecek,Beverage,unsweetened,1 Porsiyon,100,Linden tea,Ihlamur Çayı,MANUAL_REVIEW,1,
wl_009,Papatya Çayı,Chamomile tea,İçecek,Beverage,unsweetened,1 Porsiyon,100,Chamomile tea,Papatya Çayı,MANUAL_REVIEW,1,
wl_010,Türk Kahvesi (Sade),Turkish coffee unsweetened,İçecek,Beverage,unsweetened,1 Fincan,60,coffee brewed,Türk Kahvesi (Sade),USDA,1,
wl_011,Filtre Kahve (Sade),Brewed coffee black,İçecek,Beverage,unsweetened,1 Kupa,240,coffee brewed black,Filtre Kahve (Sade),USDA,1,
wl_012,Espresso,Espresso,İçecek,Beverage,plain,1 Shot,30,Espresso,Espresso,USDA,1,
wl_013,Americano,Americano,İçecek,Beverage,plain,1 Kupa,240,Americano,Americano,TURKOMP_OR_RECIPE,1,Espresso + water
wl_014,Latte,Latte,İçecek,Beverage,prepared,1 Porsiyon,100,Latte,Latte,TURKOMP_OR_RECIPE,1,Milk ratio varies
wl_015,Cappuccino,Cappuccino,İçecek,Beverage,prepared,1 Porsiyon,100,Cappuccino,Cappuccino,TURKOMP_OR_RECIPE,1,
wl_016,Flat White,Flat white,İçecek,Beverage,prepared,1 Porsiyon,100,Flat white,Flat White,TURKOMP_OR_RECIPE,1,
wl_017,Mocha,Mocha coffee,İçecek,Beverage,prepared,1 Porsiyon,100,Mocha coffee,Mocha,TURKOMP_OR_RECIPE,1,
wl_018,Sütlü Türk Kahvesi,Turkish coffee with milk,İçecek,Beverage,prepared,1 Porsiyon,100,Turkish coffee with milk,Sütlü Türk Kahvesi,TURKOMP_OR_RECIPE,1,
wl_019,Ayran,Ayran,İçecek,Beverage,prepared,1 Porsiyon,100,Ayran,Ayran,TURKOMP_OR_RECIPE,1,Yogurt-water-salt drink
wl_020,Kefir,Kefir plain,İçecek,Beverage,plain,1 Porsiyon,100,kefir plain,Kefir,USDA,1,
wl_021,Tam Yağlı Süt,Whole milk,İçecek,Beverage,whole milk,1 Su Bardağı,200,milk whole,Tam Yağlı Süt,USDA,1,
wl_022,Yarım Yağlı Süt,Reduced-fat milk,İçecek,Beverage,reduced fat,1 Su Bardağı,200,milk reduced fat 2%,Yarım Yağlı Süt,USDA,1,
wl_023,Yağsız Süt,Skim milk,İçecek,Beverage,skim milk,1 Su Bardağı,200,milk nonfat skim,Yağsız Süt,USDA,1,
wl_024,Laktozsuz Süt,Lactose-free milk,İçecek,Beverage,plain,1 Porsiyon,100,Lactose-free milk,Laktozsuz Süt,OPEN_FOOD_FACTS,1,Packaged product
wl_025,Soya Sütü (Şekersiz),Unsweetened soy milk,İçecek,Beverage,unsweetened,1 Porsiyon,100,Unsweetened soy milk,Soya Sütü (Şekersiz),OPEN_FOOD_FACTS,1,
wl_026,Badem Sütü (Şekersiz),Unsweetened almond milk,İçecek,Beverage,unsweetened,1 Porsiyon,100,Unsweetened almond milk,Badem Sütü (Şekersiz),OPEN_FOOD_FACTS,1,
wl_027,Yulaf Sütü (Şekersiz),Unsweetened oat milk,İçecek,Beverage,unsweetened,1 Porsiyon,100,Unsweetened oat milk,Yulaf Sütü (Şekersiz),OPEN_FOOD_FACTS,1,
wl_028,Hindistan Cevizi Sütü,Coconut milk beverage,İçecek,Beverage,unsweetened,1 Porsiyon,100,Coconut milk beverage,Hindistan Cevizi Sütü,OPEN_FOOD_FACTS,1,Drink carton not canned cooking milk
wl_029,Kakaolu Süt,Chocolate milk,İçecek,Beverage,any,1 Porsiyon,100,Chocolate milk,Kakaolu Süt,OPEN_FOOD_FACTS,1,
wl_030,Muzlu Süt,Banana milk,İçecek,Beverage,any,1 Porsiyon,100,Banana milk,Muzlu Süt,OPEN_FOOD_FACTS,1,
wl_031,Portakal Suyu,Orange juice,İçecek,Beverage,100% juice,1 Porsiyon,100,orange juice 100%,Portakal Suyu,USDA,1,
wl_032,Elma Suyu,Apple juice,İçecek,Beverage,100% juice,1 Porsiyon,100,apple juice 100%,Elma Suyu,USDA,1,
wl_033,Greyfurt Suyu,Grapefruit juice,İçecek,Beverage,100% juice,1 Porsiyon,100,Grapefruit juice,Greyfurt Suyu,USDA,1,
wl_034,Üzüm Suyu,Grape juice,İçecek,Beverage,100% juice,1 Porsiyon,100,Grape juice,Üzüm Suyu,USDA,1,
wl_035,Nar Suyu,Pomegranate juice,İçecek,Beverage,any,1 Porsiyon,100,Pomegranate juice,Nar Suyu,OPEN_FOOD_FACTS,1,
wl_036,Vişne Suyu,Sour cherry juice,İçecek,Beverage,any,1 Porsiyon,100,Sour cherry juice,Vişne Suyu,OPEN_FOOD_FACTS,1,
wl_037,Kayısı Nektarı,Apricot nectar,İçecek,Beverage,any,1 Porsiyon,100,Apricot nectar,Kayısı Nektarı,OPEN_FOOD_FACTS,1,
wl_038,Şeftali Nektarı,Peach nectar,İçecek,Beverage,any,1 Porsiyon,100,Peach nectar,Şeftali Nektarı,OPEN_FOOD_FACTS,1,
wl_039,Domates Suyu,Tomato juice,İçecek,Beverage,any,1 Porsiyon,100,tomato juice,Domates Suyu,USDA,1,
wl_040,Havuç Suyu,Carrot juice,İçecek,Beverage,any,1 Porsiyon,100,carrot juice,Havuç Suyu,USDA,1,
wl_041,Limonata (Ev Yapımı),Homemade lemonade,İçecek,Beverage,any,1 Porsiyon,100,Homemade lemonade,Limonata (Ev Yapımı),TURKOMP_OR_RECIPE,1,Recipe with sugar
wl_042,Limonata (Şekersiz),Unsweetened lemonade,İçecek,Beverage,any,1 Porsiyon,100,Unsweetened lemonade,Limonata (Şekersiz),TURKOMP_OR_RECIPE,1,
wl_043,Kola,Cola,İçecek,Beverage,any,1 Porsiyon,100,Cola,Kola,OPEN_FOOD_FACTS,1,
wl_044,Kola Zero,Diet cola,İçecek,Beverage,any,1 Porsiyon,100,Diet cola,Kola Zero,OPEN_FOOD_FACTS,1,
wl_045,Gazoz,Lemon-lime soda,İçecek,Beverage,any,1 Porsiyon,100,Lemon-lime soda,Gazoz,OPEN_FOOD_FACTS,1,
wl_046,Ginger Ale,Ginger ale,İçecek,Beverage,any,1 Porsiyon,100,Ginger ale,Ginger Ale,OPEN_FOOD_FACTS,1,
wl_047,Tonik Su,Tonic water,İçecek,Beverage,any,1 Porsiyon,100,Tonic water,Tonik Su,OPEN_FOOD_FACTS,1,
wl_048,Soğuk Çay,Iced tea,İçecek,Beverage,any,1 Porsiyon,100,Iced tea,Soğuk Çay,OPEN_FOOD_FACTS,1,
wl_049,Soğuk Kahve,Iced coffee,İçecek,Beverage,any,1 Porsiyon,100,Iced coffee,Soğuk Kahve,TURKOMP_OR_RECIPE,1,
wl_050,Enerji İçeceği,Energy drink,İçecek,Beverage,any,1 Porsiyon,100,Energy drink,Enerji İçeceği,OPEN_FOOD_FACTS,1,
wl_051,Spor İçeceği,Sports drink,İçecek,Beverage,any,1 Porsiyon,100,Sports drink,Spor İçeceği,OPEN_FOOD_FACTS,1,
wl_052,Elektrolit İçeceği,Electrolyte drink,İçecek,Beverage,any,1 Porsiyon,100,Electrolyte drink,Elektrolit İçeceği,OPEN_FOOD_FACTS,1,
wl_053,Protein Shake (Sütlü),Protein shake with milk,İçecek,Beverage,any,1 Porsiyon,100,Protein shake with milk,Protein Shake (Sütlü),MANUAL_REVIEW,1,Depends on powder + milk
wl_054,Protein Shake (Su ile),Protein shake with water,İçecek,Beverage,any,1 Porsiyon,100,Protein shake with water,Protein Shake (Su ile),MANUAL_REVIEW,1,
wl_055,Smoothie (Muzlu),Banana smoothie,İçecek,Beverage,any,1 Porsiyon,100,Banana smoothie,Smoothie (Muzlu),TURKOMP_OR_RECIPE,1,
wl_056,Smoothie (Yeşil),Green smoothie,İçecek,Beverage,any,1 Porsiyon,100,Green smoothie,Smoothie (Yeşil),TURKOMP_OR_RECIPE,1,
wl_057,Smoothie (Çilekli),Strawberry smoothie,İçecek,Beverage,any,1 Porsiyon,100,Strawberry smoothie,Smoothie (Çilekli),TURKOMP_OR_RECIPE,1,
wl_058,Salep,Salep,İçecek,Beverage,any,1 Porsiyon,100,Salep,Salep,TURKOMP_OR_RECIPE,1,
wl_059,Boza,Boza,İçecek,Beverage,any,1 Porsiyon,100,Boza,Boza,TURKOMP_OR_RECIPE,1,
wl_060,Şalgam Suyu,Turnip juice,İçecek,Beverage,any,1 Porsiyon,100,Turnip juice,Şalgam Suyu,TURKOMP_OR_RECIPE,1,
wl_061,Komposto,Fruit compote drink,İçecek,Beverage,any,1 Porsiyon,100,Fruit compote drink,Komposto,TURKOMP_OR_RECIPE,1,
wl_062,Hoşaf,Dried fruit compote drink,İçecek,Beverage,any,1 Porsiyon,100,Dried fruit compote drink,Hoşaf,TURKOMP_OR_RECIPE,1,
wl_063,Sıcak Çikolata,Hot chocolate,İçecek,Beverage,any,1 Porsiyon,100,Hot chocolate,Sıcak Çikolata,TURKOMP_OR_RECIPE,1,
wl_064,Matcha Latte,Matcha latte,İçecek,Beverage,any,1 Porsiyon,100,Matcha latte,Matcha Latte,TURKOMP_OR_RECIPE,1,
wl_065,Chai Latte,Chai latte,İçecek,Beverage,any,1 Porsiyon,100,Chai latte,Chai Latte,TURKOMP_OR_RECIPE,1,
wl_066,Bubble Tea,Bubble tea,İçecek,Beverage,any,1 Porsiyon,100,Bubble tea,Bubble Tea,OPEN_FOOD_FACTS,1,
wl_067,Kombucha,Kombucha,İçecek,Beverage,any,1 Porsiyon,100,Kombucha,Kombucha,OPEN_FOOD_FACTS,1,
wl_068,Kefir (Meyveli),Flavored kefir,İçecek,Beverage,any,1 Porsiyon,100,Flavored kefir,Kefir (Meyveli),OPEN_FOOD_FACTS,1,
wl_069,Ayran (Light),Light ayran,İçecek,Beverage,any,1 Porsiyon,100,Light ayran,Ayran (Light),OPEN_FOOD_FACTS,1,
wl_070,Süt (UHT Tam Yağlı),UHT whole milk,İçecek,Beverage,whole milk,1 Porsiyon,100,UHT whole milk,Süt (UHT Tam Yağlı),OPEN_FOOD_FACTS,1,
wl_071,Krema (Kahve İçin),Coffee creamer,İçecek,Beverage,any,1 Porsiyon,100,Coffee creamer,Krema (Kahve İçin),OPEN_FOOD_FACTS,1,
wl_072,Buzlu Matcha,Iced matcha,İçecek,Beverage,any,1 Porsiyon,100,Iced matcha,Buzlu Matcha,TURKOMP_OR_RECIPE,1,
wl_073,Frappé,Coffee frappe,İçecek,Beverage,any,1 Porsiyon,100,Coffee frappe,Frappé,TURKOMP_OR_RECIPE,1,
wl_074,Meyve Suyu Karışımı,Mixed fruit juice,İçecek,Beverage,any,1 Porsiyon,100,Mixed fruit juice,Meyve Suyu Karışımı,OPEN_FOOD_FACTS,1,
wl_075,Ananas Suyu,Pineapple juice,İçecek,Beverage,any,1 Porsiyon,100,pineapple juice,Ananas Suyu,USDA,1,
wl_076,Mango Suyu,Mango juice,İçecek,Beverage,any,1 Porsiyon,100,mango juice,Mango Suyu,USDA,1,
wl_077,Karışık Meyve Nektarı,Mixed fruit nectar,İçecek,Beverage,any,1 Porsiyon,100,Mixed fruit nectar,Karışık Meyve Nektarı,OPEN_FOOD_FACTS,1,
wl_078,Limon Suyu (Sıkma),Fresh lemon juice,İçecek,Beverage,raw,1 Porsiyon,100,lemon juice raw,Limon Suyu (Sıkma),USDA,1,
wl_079,Portakal Suyu (Taze Sıkma),Fresh squeezed orange juice,İçecek,Beverage,raw,1 Porsiyon,100,orange juice fresh,Portakal Suyu (Taze Sıkma),USDA,1,
wl_080,Nar Suyu (Taze),Fresh pomegranate juice,İçecek,Beverage,any,1 Porsiyon,100,Fresh pomegranate juice,Nar Suyu (Taze),TURKOMP_OR_RECIPE,1,
wl_081,Soda Limon,Lemon soda,İçecek,Beverage,any,1 Porsiyon,100,Lemon soda,Soda Limon,OPEN_FOOD_FACTS,1,
wl_082,Root Beer,Root beer,İçecek,Beverage,any,1 Porsiyon,100,Root beer,Root Beer,OPEN_FOOD_FACTS,1,
wl_083,Cola (Şekersiz),Sugar-free cola,İçecek,Beverage,any,1 Porsiyon,100,Sugar-free cola,Cola (Şekersiz),OPEN_FOOD_FACTS,1,
wl_084,Meyveli Gazoz,Fruit soda,İçecek,Beverage,any,1 Porsiyon,100,Fruit soda,Meyveli Gazoz,OPEN_FOOD_FACTS,1,
wl_085,Vitamin Su,Vitamin water,İçecek,Beverage,any,1 Porsiyon,100,Vitamin water,Vitamin Su,OPEN_FOOD_FACTS,1,
wl_086,Protein Süt,Protein milk drink,İçecek,Beverage,any,1 Porsiyon,100,Protein milk drink,Protein Süt,OPEN_FOOD_FACTS,1,
wl_087,Yoğurt İçeceği,Yogurt drink,İçecek,Beverage,any,1 Porsiyon,100,Yogurt drink,Yoğurt İçeceği,OPEN_FOOD_FACTS,1,
wl_088,Tarçınlı Süt,Cinnamon milk,İçecek,Beverage,any,1 Porsiyon,100,Cinnamon milk,Tarçınlı Süt,TURKOMP_OR_RECIPE,1,
wl_089,Salep (Şekersiz),Salep unsweetened,İçecek,Beverage,any,1 Porsiyon,100,Salep unsweetened,Salep (Şekersiz),TURKOMP_OR_RECIPE,1,
wl_090,Demleme Çay (Büyük Fincan),Brewed tea large cup,İçecek,Beverage,unsweetened,1 Fincan,300,Brewed tea large cup,Demleme Çay (Büyük Fincan),USDA,1,
wl_091,Cold Brew Kahve,Cold brew coffee,İçecek,Beverage,unsweetened,1 Porsiyon,100,coffee cold brew,Cold Brew Kahve,USDA,1,
wl_092,Macchiato,Macchiato,İçecek,Beverage,any,1 Porsiyon,100,Macchiato,Macchiato,TURKOMP_OR_RECIPE,1,
wl_093,Cortado,Cortado,İçecek,Beverage,any,1 Porsiyon,100,Cortado,Cortado,TURKOMP_OR_RECIPE,1,
wl_094,Affogato,Affogato,İçecek,Beverage,any,1 Porsiyon,100,Affogato,Affogato,TURKOMP_OR_RECIPE,1,
wl_095,Sahlep Tozu İçecek,Instant salep drink mix,İçecek,Beverage,any,1 Porsiyon,100,Instant salep drink mix,Sahlep Tozu İçecek,OPEN_FOOD_FACTS,1,
wl_096,Toz İçecek (Portakal),Orange drink powder mix,İçecek,Beverage,any,1 Porsiyon,100,Orange drink powder mix,Toz İçecek (Portakal),OPEN_FOOD_FACTS,1,
wl_097,Buzlu Çay (Şekersiz),Unsweetened iced tea,İçecek,Beverage,unsweetened,1 Porsiyon,100,Unsweetened iced tea,Buzlu Çay (Şekersiz),MANUAL_REVIEW,1,
wl_098,Bitter Limonata,Bitter lemon drink,İçecek,Beverage,any,1 Porsiyon,100,Bitter lemon drink,Bitter Limonata,OPEN_FOOD_FACTS,1,
wl_099,Enerji İçeceği (Şekersiz),Sugar-free energy drink,İçecek,Beverage,any,1 Porsiyon,100,Sugar-free energy drink,Enerji İçeceği (Şekersiz),OPEN_FOOD_FACTS,1,
wl_100,Maden Suyu (Meyveli),Flavored sparkling water,İçecek,Beverage,any,1 Porsiyon,100,Flavored sparkling water,Maden Suyu (Meyveli),OPEN_FOOD_FACTS,1,
wl_101,Sıcak Süt,Hot milk,İçecek,Beverage,whole milk,1 Porsiyon,100,milk whole heated,Sıcak Süt,USDA,1,
wl_102,Zencefil Çayı,Ginger tea,İçecek,Beverage,unsweetened,1 Porsiyon,100,Ginger tea,Zencefil Çayı,MANUAL_REVIEW,1,
wl_111,Yaban Mersini,Blueberries,Meyve,Fruit,raw,1 Kase,75,Blueberries,Yaban Mersini,USDA,1,
wl_112,Ahududu,Raspberries,Meyve,Fruit,raw,1 Kase,75,Raspberries,Ahududu,USDA,1,
wl_113,Böğürtlen,Blackberries,Meyve,Fruit,raw,1 Kase,75,Blackberries,Böğürtlen,USDA,1,
wl_114,Misket Limonu,Lime,Meyve,Fruit,raw,1 Adet,60,Lime,Misket Limonu,USDA,1,
wl_115,Trabzon Hurması,Persimmon,Meyve,Fruit,raw,1 Adet,150,Persimmon,Trabzon Hurması,USDA,1,
wl_116,Çarkıfelek,Passion fruit,Meyve,Fruit,raw,1 Adet,80,Passion fruit,Çarkıfelek,USDA,1,
wl_117,Kuru İncir,Dried figs,Meyve,Fruit,dried,1 Adet,20,Dried figs,Kuru İncir,USDA,1,
wl_118,Kuru Erik,Prunes,Meyve,Fruit,dried,1 Adet,10,Prunes,Kuru Erik,USDA,1,
wl_119,Kızılcık,Cranberries,Meyve,Fruit,raw,1 Kase,50,Cranberries,Kızılcık,USDA,1,
wl_120,Kestane (Haşlanmış),Chestnuts boiled,Meyve,Fruit,boiled,1 Kase,80,Chestnuts boiled,Kestane (Haşlanmış),USDA,1,
wl_121,Ananas,Pineapple,Meyve,Fruit,raw,1 Dilim,80,Pineapple,Ananas,USDA,1,
wl_122,Mango,Mango,Meyve,Fruit,raw,1 Adet,150,Mango,Mango,USDA,1,
wl_123,Avokado,Avocado,Meyve,Fruit,raw,1 Adet,150,Avocado,Avokado,USDA,1,
wl_124,Greyfurt,Grapefruit,Meyve,Fruit,raw,1 Adet,200,Grapefruit,Greyfurt,USDA,1,
wl_125,Mandalina,Mandarin,Meyve,Fruit,raw,1 Adet,80,Mandarin,Mandalina,USDA,1,
wl_126,Ayva,Quince,Meyve,Fruit,raw,1 Adet,150,Quince,Ayva,USDA,1,
wl_127,Dut,Mulberry,Meyve,Fruit,raw,1 Kase,80,Mulberry,Dut,USDA,1,
wl_128,Kuru Üzüm,Raisins,Meyve,Fruit,dried,1 Yemek Kaşığı,15,Raisins,Kuru Üzüm,USDA,1,
wl_129,Kuru Kayısı,Dried apricots,Meyve,Fruit,dried,1 Adet,8,Dried apricots,Kuru Kayısı,USDA,1,
wl_130,Hurma,Dates,Meyve,Fruit,dried,1 Adet,8,Dates,Hurma,USDA,1,
wl_131,Kavun,Melon,Meyve,Fruit,raw,1 Dilim,120,Melon,Kavun,USDA,1,
wl_132,Kiraz,Cherries,Meyve,Fruit,raw,1 Kase,80,Cherries,Kiraz,USDA,1,
wl_133,Vişne,Sour cherries,Meyve,Fruit,raw,1 Kase,80,Sour cherries,Vişne,USDA,1,
wl_134,Böğürtlen (Dondurulmuş),Blackberries frozen,Meyve,Fruit,frozen,1 Kase,100,Blackberries frozen,Böğürtlen (Dondurulmuş),USDA,1,
wl_135,Muz (Olgun),Banana ripe,Meyve,Fruit,raw,1 Adet,120,banana raw,Muz (Olgun),USDA,1,
wl_136,Elma (Yeşil),Green apple,Meyve,Fruit,raw,1 Adet,150,apple raw with skin,Elma (Yeşil),USDA,1,
wl_137,Armut (Williams),Williams pear,Meyve,Fruit,raw,1 Adet,150,Williams pear,Armut (Williams),USDA,1,
wl_138,Şeftali,Peach,Meyve,Fruit,raw,1 Adet,150,Peach,Şeftali,USDA,1,
wl_139,Nektarin,Nectarine,Meyve,Fruit,raw,1 Adet,140,Nectarine,Nektarin,USDA,1,
wl_140,Erik,Plum,Meyve,Fruit,raw,1 Adet,60,Plum,Erik,USDA,1,
wl_141,Kayısı,Apricot,Meyve,Fruit,raw,1 Adet,35,Apricot,Kayısı,USDA,1,
wl_142,İncir (Taze),Fresh fig,Meyve,Fruit,raw,1 Adet,50,Fresh fig,İncir (Taze),USDA,1,
wl_143,Nar,Pomegranate,Meyve,Fruit,raw,1 Kase,100,Pomegranate,Nar,USDA,1,
wl_144,Böğürtlen Reçeli Meyvesi,Mixed berries,Meyve,Fruit,raw,1 Kase,80,Mixed berries,Böğürtlen Reçeli Meyvesi,USDA,1,Generic mixed berry bowl
wl_145,Kuru Dut,Dried mulberry,Meyve,Fruit,dried,1 Porsiyon,100,Dried mulberry,Kuru Dut,MANUAL_REVIEW,1,
wl_146,Turp,Radish,Sebze,Vegetable,raw,1 Adet,50,Radish,Turp,USDA,1,
wl_147,Brüksel Lahanası (Haşlanmış),Brussels sprouts boiled,Sebze,Vegetable,boiled,1 Kase,80,Brussels sprouts boiled,Brüksel Lahanası (Haşlanmış),USDA,1,
wl_148,Kuşkonmaz (Haşlanmış),Asparagus boiled,Sebze,Vegetable,boiled,1 Kase,60,Asparagus boiled,Kuşkonmaz (Haşlanmış),USDA,1,
wl_149,Bakla (Taze),Fava beans fresh,Sebze,Vegetable,raw,1 Kase,80,Fava beans fresh,Bakla (Taze),USDA,1,
wl_150,Maydanoz (Taze),Parsley fresh,Sebze,Vegetable,raw,1 Yemek Kaşığı,5,Parsley fresh,Maydanoz (Taze),USDA,1,
wl_151,Dereotu (Taze),Dill fresh,Sebze,Vegetable,raw,1 Yemek Kaşığı,3,Dill fresh,Dereotu (Taze),USDA,1,
wl_152,Kırmızı Lahana (Çiğ),Red cabbage raw,Sebze,Vegetable,raw,1 Kase,80,Red cabbage raw,Kırmızı Lahana (Çiğ),USDA,1,
wl_153,Patates (Çiğ),Potato raw,Sebze,Vegetable,raw,1 Adet,150,Potato raw,Patates (Çiğ),USDA,1,
wl_154,Nane (Taze),Mint fresh,Sebze,Vegetable,raw,1 Yemek Kaşığı,2,Mint fresh,Nane (Taze),USDA,1,
wl_155,Soğan (Kuru),Onion dry,Sebze,Vegetable,raw,1 Adet,80,Onion dry,Soğan (Kuru),USDA,1,
wl_156,Roka,Arugula,Sebze,Vegetable,raw,1 Kase,40,Arugula,Roka,USDA,1,
wl_157,Marul (Iceberg),Iceberg lettuce,Sebze,Vegetable,raw,1 Kase,60,Iceberg lettuce,Marul (Iceberg),USDA,1,
wl_158,Ispanak (Çiğ),Spinach raw,Sebze,Vegetable,raw,1 Kase,60,Spinach raw,Ispanak (Çiğ),USDA,1,
wl_159,Ispanak (Haşlanmış),Spinach boiled,Sebze,Vegetable,boiled,1 Kase,90,Spinach boiled,Ispanak (Haşlanmış),USDA,1,
wl_160,Brokoli (Haşlanmış),Broccoli boiled,Sebze,Vegetable,boiled,1 Kase,80,Broccoli boiled,Brokoli (Haşlanmış),USDA,1,
wl_161,Karnabahar (Haşlanmış),Cauliflower boiled,Sebze,Vegetable,boiled,1 Kase,80,Cauliflower boiled,Karnabahar (Haşlanmış),USDA,1,
wl_162,Bezelye (Haşlanmış),Green peas boiled,Sebze,Vegetable,boiled,1 Kase,80,Green peas boiled,Bezelye (Haşlanmış),USDA,1,
wl_163,Mısır (Haşlanmış),Sweet corn boiled,Sebze,Vegetable,boiled,1 Adet,90,Sweet corn boiled,Mısır (Haşlanmış),USDA,1,
wl_164,Patlıcan (Izgara),Eggplant grilled,Sebze,Vegetable,grilled,1 Porsiyon,120,Eggplant grilled,Patlıcan (Izgara),USDA,1,
wl_165,Kabak (Izgara),Zucchini grilled,Sebze,Vegetable,grilled,1 Porsiyon,100,Zucchini grilled,Kabak (Izgara),USDA,1,
wl_166,Biber (Kırmızı Çiğ),Red bell pepper raw,Sebze,Vegetable,raw,1 Adet,120,Red bell pepper raw,Biber (Kırmızı Çiğ),USDA,1,
wl_167,Biber (Yeşil Çiğ),Green bell pepper raw,Sebze,Vegetable,raw,1 Adet,120,Green bell pepper raw,Biber (Yeşil Çiğ),USDA,1,
wl_168,Salatalık (Çiğ),Cucumber raw,Sebze,Vegetable,raw,1 Adet,150,Cucumber raw,Salatalık (Çiğ),USDA,1,
wl_169,Domates (Çiğ),Tomato raw,Sebze,Vegetable,raw,1 Adet,120,Tomato raw,Domates (Çiğ),USDA,1,
wl_170,Havuç (Çiğ),Carrot raw,Sebze,Vegetable,raw,1 Adet,60,Carrot raw,Havuç (Çiğ),USDA,1,
wl_171,Havuç (Haşlanmış),Carrot boiled,Sebze,Vegetable,boiled,1 Adet,60,Carrot boiled,Havuç (Haşlanmış),USDA,1,
wl_172,Kereviz (Çiğ),Celery raw,Sebze,Vegetable,raw,1 Sap,40,Celery raw,Kereviz (Çiğ),USDA,1,
wl_173,Pırasa (Haşlanmış),Leek boiled,Sebze,Vegetable,boiled,1 Porsiyon,90,Leek boiled,Pırasa (Haşlanmış),USDA,1,
wl_174,Mantar (Beyaz Çiğ),White mushrooms raw,Sebze,Vegetable,raw,1 Kase,70,White mushrooms raw,Mantar (Beyaz Çiğ),USDA,1,
wl_175,Mantar (Izgara),Mushrooms grilled,Sebze,Vegetable,grilled,1 Kase,80,Mushrooms grilled,Mantar (Izgara),USDA,1,
wl_176,Patates (Fırın),Potato baked,Sebze,Vegetable,baked,1 Adet,150,Potato baked,Patates (Fırın),USDA,1,
wl_177,Tatlı Patates (Fırın),Sweet potato baked,Sebze,Vegetable,baked,1 Adet,130,Sweet potato baked,Tatlı Patates (Fırın),USDA,1,
wl_178,Enginar (Haşlanmış),Artichoke boiled,Sebze,Vegetable,boiled,1 Adet,120,Artichoke boiled,Enginar (Haşlanmış),USDA,1,
wl_179,Semizotu,Purslane,Sebze,Vegetable,raw,1 Kase,50,Purslane,Semizotu,USDA,1,
wl_180,Pancar (Haşlanmış),Beet boiled,Sebze,Vegetable,boiled,1 Adet,80,Beet boiled,Pancar (Haşlanmış),USDA,1,
wl_181,Lahana (Çiğ),Cabbage raw,Sebze,Vegetable,raw,1 Kase,80,Cabbage raw,Lahana (Çiğ),USDA,1,
wl_182,Sarımsak (Çiğ),Garlic raw,Sebze,Vegetable,raw,1 Diş,3,Garlic raw,Sarımsak (Çiğ),USDA,1,
wl_183,Zencefil (Taze),Ginger root fresh,Sebze,Vegetable,raw,1 Yemek Kaşığı,5,Ginger root fresh,Zencefil (Taze),USDA,1,
wl_184,Fesleğen (Taze),Basil fresh,Sebze,Vegetable,raw,1 Yemek Kaşığı,3,Basil fresh,Fesleğen (Taze),USDA,1,
wl_185,Kekik (Taze),Thyme fresh,Sebze,Vegetable,raw,1 Yemek Kaşığı,2,Thyme fresh,Kekik (Taze),USDA,1,
wl_186,Taze Fasulye (Haşlanmış),Green beans boiled,Sebze,Vegetable,boiled,1 Kase,80,Green beans boiled,Taze Fasulye (Haşlanmış),USDA,1,
wl_187,Bamya (Haşlanmış),Okra boiled,Sebze,Vegetable,boiled,1 Kase,80,Okra boiled,Bamya (Haşlanmış),USDA,1,
wl_188,Pırasa (Çiğ),Leek raw,Sebze,Vegetable,raw,1 Sap,50,Leek raw,Pırasa (Çiğ),USDA,1,
wl_189,Turp Yaprağı,Radish greens,Sebze,Vegetable,raw,1 Kase,40,Radish greens,Turp Yaprağı,USDA,1,
wl_190,Kabak (Çiğ),Zucchini raw,Sebze,Vegetable,raw,1 Adet,120,Zucchini raw,Kabak (Çiğ),USDA,1,
wl_191,Uskumru (Izgara),Mackerel grilled,Et / Tavuk / Balık,Meat Poultry Fish,grilled,1 Porsiyon,120,Mackerel grilled,Uskumru (Izgara),USDA,1,
wl_192,Sardalya (Izgara),Sardine grilled,Et / Tavuk / Balık,Meat Poultry Fish,grilled,1 Porsiyon,100,Sardine grilled,Sardalya (Izgara),USDA,1,
wl_193,Kalamar (Izgara),Calamari grilled,Et / Tavuk / Balık,Meat Poultry Fish,grilled,1 Porsiyon,120,Calamari grilled,Kalamar (Izgara),USDA,1,
wl_194,Dana Antrikot (Izgara),Beef ribeye grilled,Et / Tavuk / Balık,Meat Poultry Fish,grilled,1 Porsiyon,150,Beef ribeye grilled,Dana Antrikot (Izgara),USDA,1,
wl_195,Hindi Budu (Fırın),Turkey leg roasted,Et / Tavuk / Balık,Meat Poultry Fish,baked,1 Porsiyon,150,Turkey leg roasted,Hindi Budu (Fırın),USDA,1,
wl_196,Ahtapot (Haşlanmış),Octopus boiled,Et / Tavuk / Balık,Meat Poultry Fish,boiled,1 Porsiyon,100,Octopus boiled,Ahtapot (Haşlanmış),USDA,1,
wl_197,Levrek (Izgara),Sea bass grilled,Et / Tavuk / Balık,Meat Poultry Fish,grilled,1 Porsiyon,150,Sea bass grilled,Levrek (Izgara),USDA,1,
wl_198,Çipura (Izgara),Sea bream grilled,Et / Tavuk / Balık,Meat Poultry Fish,grilled,1 Porsiyon,150,Sea bream grilled,Çipura (Izgara),USDA,1,
wl_199,Somon (Fırın),Salmon baked,Et / Tavuk / Balık,Meat Poultry Fish,baked,1 Porsiyon,120,salmon baked,Somon (Fırın),USDA,1,
wl_200,Ton Balığı (Izgara),Tuna steak grilled,Et / Tavuk / Balık,Meat Poultry Fish,grilled,1 Porsiyon,120,Tuna steak grilled,Ton Balığı (Izgara),USDA,1,
wl_201,Karides (Haşlanmış),Shrimp boiled,Et / Tavuk / Balık,Meat Poultry Fish,boiled,1 Porsiyon,100,Shrimp boiled,Karides (Haşlanmış),USDA,1,
wl_202,Midye (Haşlanmış),Mussels boiled,Et / Tavuk / Balık,Meat Poultry Fish,boiled,1 Porsiyon,100,Mussels boiled,Midye (Haşlanmış),USDA,1,
wl_203,Tavuk Göğsü (Izgara),Chicken breast grilled,Et / Tavuk / Balık,Meat Poultry Fish,grilled,1 Porsiyon,120,chicken breast grilled,Tavuk Göğsü (Izgara),USDA,1,
wl_204,Tavuk But (Fırın),Chicken thigh roasted,Et / Tavuk / Balık,Meat Poultry Fish,baked,1 Porsiyon,120,Chicken thigh roasted,Tavuk But (Fırın),USDA,1,
wl_205,Dana Biftek (Izgara),Beef steak grilled,Et / Tavuk / Balık,Meat Poultry Fish,grilled,1 Porsiyon,150,Beef steak grilled,Dana Biftek (Izgara),USDA,1,
wl_206,Dana Kıyma (Pişmiş),Ground beef cooked,Et / Tavuk / Balık,Meat Poultry Fish,cooked,1 Porsiyon,120,ground beef cooked,Dana Kıyma (Pişmiş),USDA,1,
wl_207,Kuzu Pirzola (Izgara),Lamb chop grilled,Et / Tavuk / Balık,Meat Poultry Fish,grilled,1 Porsiyon,120,Lamb chop grilled,Kuzu Pirzola (Izgara),USDA,1,
wl_208,Hindi Göğsü (Fırın),Turkey breast roasted,Et / Tavuk / Balık,Meat Poultry Fish,baked,1 Porsiyon,120,Turkey breast roasted,Hindi Göğsü (Fırın),USDA,1,
wl_209,Yumurta (Haşlanmış),Egg boiled,Et / Tavuk / Balık,Meat Poultry Fish,boiled,1 Adet,50,egg hard boiled,Yumurta (Haşlanmış),USDA,1,
wl_210,Yumurta (Sahanda),Egg fried,Et / Tavuk / Balık,Meat Poultry Fish,fried,1 Adet,55,egg fried,Yumurta (Sahanda),USDA,1,
wl_211,Yumurta Akı,Egg white,Et / Tavuk / Balık,Meat Poultry Fish,raw,1 Adet,33,Egg white,Yumurta Akı,USDA,1,
wl_212,Yumurta Sarısı,Egg yolk,Et / Tavuk / Balık,Meat Poultry Fish,raw,1 Adet,17,Egg yolk,Yumurta Sarısı,USDA,1,
wl_213,Pastırma,Pastirma cured beef,Et / Tavuk / Balık,Meat Poultry Fish,any,1 Porsiyon,100,Pastirma cured beef,Pastırma,TURKOMP_OR_RECIPE,1,Turkish cured meat
wl_214,Sucuk (Çiğ),Sucuk raw,Et / Tavuk / Balık,Meat Poultry Fish,any,1 Porsiyon,100,Sucuk raw,Sucuk (Çiğ),TURKOMP_OR_RECIPE,1,
wl_215,Sosis (Pişmiş),Sausage cooked,Et / Tavuk / Balık,Meat Poultry Fish,cooked,1 Porsiyon,100,Sausage cooked,Sosis (Pişmiş),OPEN_FOOD_FACTS,1,
wl_216,Hindi Füme,Smoked turkey,Et / Tavuk / Balık,Meat Poultry Fish,any,1 Porsiyon,100,Smoked turkey,Hindi Füme,OPEN_FOOD_FACTS,1,
wl_217,Balık Köfte (Ev),Homemade fish patty,Et / Tavuk / Balık,Meat Poultry Fish,any,1 Porsiyon,100,Homemade fish patty,Balık Köfte (Ev),TURKOMP_OR_RECIPE,1,
wl_218,Mezgit (Izgara),Whiting grilled,Et / Tavuk / Balık,Meat Poultry Fish,grilled,1 Porsiyon,120,Whiting grilled,Mezgit (Izgara),USDA,1,
wl_219,Hamsi (Izgara),Anchovy grilled,Et / Tavuk / Balık,Meat Poultry Fish,grilled,1 Porsiyon,80,Anchovy grilled,Hamsi (Izgara),USDA,1,
wl_220,Palamut (Izgara),Bonito grilled,Et / Tavuk / Balık,Meat Poultry Fish,grilled,1 Porsiyon,120,Bonito grilled,Palamut (Izgara),USDA,1,
wl_221,Dana Bonfile (Izgara),Beef tenderloin grilled,Et / Tavuk / Balık,Meat Poultry Fish,grilled,1 Porsiyon,150,Beef tenderloin grilled,Dana Bonfile (Izgara),USDA,1,
wl_222,Tavuk Kanat (Fırın),Chicken wings baked,Et / Tavuk / Balık,Meat Poultry Fish,baked,1 Porsiyon,100,Chicken wings baked,Tavuk Kanat (Fırın),USDA,1,
wl_223,Hindi Sosis,Turkey sausage,Et / Tavuk / Balık,Meat Poultry Fish,any,1 Porsiyon,100,Turkey sausage,Hindi Sosis,OPEN_FOOD_FACTS,1,
wl_224,Köfte (Izgara),Grilled meatballs,Et / Tavuk / Balık,Meat Poultry Fish,grilled,1 Porsiyon,100,Grilled meatballs,Köfte (Izgara),TURKOMP_OR_RECIPE,1,
wl_225,Ciğer (Izgara),Liver grilled,Et / Tavuk / Balık,Meat Poultry Fish,grilled,1 Porsiyon,100,Liver grilled,Ciğer (Izgara),USDA,1,
wl_226,Ricotta Peyniri,Ricotta cheese,Süt Ürünleri,Dairy,any,1 Yemek Kaşığı,30,Ricotta cheese,Ricotta Peyniri,USDA,1,
wl_227,Parmesan Peyniri,Parmesan cheese,Süt Ürünleri,Dairy,any,1 Yemek Kaşığı,10,Parmesan cheese,Parmesan Peyniri,USDA,1,
wl_228,Peynir (Tulum),Tulum cheese,Süt Ürünleri,Dairy,any,1 Porsiyon,100,Tulum cheese,Peynir (Tulum),TURKOMP_OR_RECIPE,1,
wl_229,Kaşar Peyniri,Kashar cheese,Süt Ürünleri,Dairy,any,1 Porsiyon,100,kashar cheese,Kaşar Peyniri,USDA,1,
wl_230,Beyaz Peynir,White brined cheese,Süt Ürünleri,Dairy,any,1 Porsiyon,100,White brined cheese,Beyaz Peynir,TURKOMP_OR_RECIPE,1,
wl_231,Lor Peyniri,Curd cheese,Süt Ürünleri,Dairy,any,1 Porsiyon,100,Curd cheese,Lor Peyniri,TURKOMP_OR_RECIPE,1,
wl_232,Labne,Labneh,Süt Ürünleri,Dairy,any,1 Porsiyon,100,Labneh,Labne,TURKOMP_OR_RECIPE,1,
wl_233,Krem Peynir,Cream cheese,Süt Ürünleri,Dairy,any,1 Porsiyon,100,cream cheese,Krem Peynir,USDA,1,
wl_234,Mozzarella,Mozzarella cheese,Süt Ürünleri,Dairy,any,1 Porsiyon,100,mozzarella cheese,Mozzarella,USDA,1,
wl_235,Cheddar Peyniri,Cheddar cheese,Süt Ürünleri,Dairy,any,1 Porsiyon,100,cheddar cheese,Cheddar Peyniri,USDA,1,
wl_236,Yoğurt (Tam Yağlı),Yogurt whole milk plain,Süt Ürünleri,Dairy,whole milk,1 Porsiyon,100,yogurt whole milk plain,Yoğurt (Tam Yağlı),USDA,1,
wl_237,Yoğurt (Yağsız),Yogurt nonfat plain,Süt Ürünleri,Dairy,skim milk,1 Porsiyon,100,yogurt nonfat plain,Yoğurt (Yağsız),USDA,1,
wl_238,Greek Yoğurt,Greek yogurt plain,Süt Ürünleri,Dairy,any,1 Porsiyon,100,yogurt greek plain,Greek Yoğurt,USDA,1,
wl_239,Kaymak,Clotted cream,Süt Ürünleri,Dairy,any,1 Porsiyon,100,Clotted cream,Kaymak,TURKOMP_OR_RECIPE,1,
wl_240,Tereyağı,Butter,Süt Ürünleri,Dairy,any,1 Porsiyon,100,butter salted,Tereyağı,USDA,1,
wl_241,Krema (Sıvı),Heavy cream,Süt Ürünleri,Dairy,any,1 Porsiyon,100,cream heavy whipping,Krema (Sıvı),USDA,1,
wl_242,Süzme Peynir,Cottage cheese,Süt Ürünleri,Dairy,any,1 Porsiyon,100,cottage cheese,Süzme Peynir,USDA,1,
wl_243,Hellim Peyniri (Izgara),Halloumi grilled,Süt Ürünleri,Dairy,grilled,1 Porsiyon,100,Halloumi grilled,Hellim Peyniri (Izgara),TURKOMP_OR_RECIPE,1,
wl_244,Dil Peyniri,String cheese,Süt Ürünleri,Dairy,any,1 Porsiyon,100,String cheese,Dil Peyniri,OPEN_FOOD_FACTS,1,
wl_245,Ayran Yoğurt Bazlı,Plain yogurt drink base,Süt Ürünleri,Dairy,any,1 Porsiyon,100,Plain yogurt drink base,Ayran Yoğurt Bazlı,TURKOMP_OR_RECIPE,1,For recipe cross-ref
wl_246,Kefir (Sade),Kefir plain,Süt Ürünleri,Dairy,any,1 Porsiyon,100,kefir plain,Kefir (Sade),USDA,1,
wl_247,Süt Tozu,Powdered milk,Süt Ürünleri,Dairy,any,1 Porsiyon,100,Powdered milk,Süt Tozu,OPEN_FOOD_FACTS,1,
wl_248,Peynir Altı Suyu,Whey,Süt Ürünleri,Dairy,any,1 Porsiyon,100,whey fluid,Peynir Altı Suyu,USDA,1,
wl_249,Kakao Süt Tozu Karışım,Chocolate milk powder,Süt Ürünleri,Dairy,any,1 Porsiyon,100,Chocolate milk powder,Kakao Süt Tozu Karışım,OPEN_FOOD_FACTS,1,
wl_250,Vegan Peynir,Vegan cheese,Süt Ürünleri,Dairy,any,1 Porsiyon,100,Vegan cheese,Vegan Peynir,OPEN_FOOD_FACTS,1,
wl_251,Pirinç (Çiğ Beyaz),White rice raw,Tahıl / Ekmek / Makarna,Grains Bread Pasta,raw,1 Su Bardağı,185,rice white raw,Pirinç (Çiğ Beyaz),USDA,1,
wl_252,Pirinç (Haşlanmış),White rice cooked,Tahıl / Ekmek / Makarna,Grains Bread Pasta,cooked,1 Porsiyon,100,rice white cooked,Pirinç (Haşlanmış),USDA,1,
wl_253,Bulgur (Kuru),Bulgur dry,Tahıl / Ekmek / Makarna,Grains Bread Pasta,raw,1 Su Bardağı,140,Bulgur dry,Bulgur (Kuru),USDA,1,
wl_254,Bulgur (Haşlanmış),Bulgur cooked,Tahıl / Ekmek / Makarna,Grains Bread Pasta,cooked,1 Porsiyon,100,bulgur cooked,Bulgur (Haşlanmış),USDA,1,
wl_255,Makarna (Çiğ),Pasta dry,Tahıl / Ekmek / Makarna,Grains Bread Pasta,raw,1 Porsiyon,80,pasta dry,Makarna (Çiğ),USDA,1,
wl_256,Makarna (Haşlanmış),Pasta cooked,Tahıl / Ekmek / Makarna,Grains Bread Pasta,cooked,1 Porsiyon,100,pasta cooked,Makarna (Haşlanmış),USDA,1,
wl_257,Tam Buğday Ekmeği,Whole wheat bread,Tahıl / Ekmek / Makarna,Grains Bread Pasta,any,1 Porsiyon,100,bread whole wheat,Tam Buğday Ekmeği,USDA,1,
wl_258,Beyaz Ekmek,White bread,Tahıl / Ekmek / Makarna,Grains Bread Pasta,any,1 Porsiyon,100,bread white,Beyaz Ekmek,USDA,1,
wl_259,Simit,Simit bread ring,Tahıl / Ekmek / Makarna,Grains Bread Pasta,any,1 Porsiyon,100,Simit bread ring,Simit,TURKOMP_OR_RECIPE,1,
wl_260,Lavaş,Lavash flatbread,Tahıl / Ekmek / Makarna,Grains Bread Pasta,any,1 Porsiyon,100,Lavash flatbread,Lavaş,TURKOMP_OR_RECIPE,1,
wl_261,Pide (Beyaz),Turkish pide bread,Tahıl / Ekmek / Makarna,Grains Bread Pasta,any,1 Porsiyon,100,Turkish pide bread,Pide (Beyaz),TURKOMP_OR_RECIPE,1,
wl_262,Yulaf Ezmesi (Kuru),Rolled oats dry,Tahıl / Ekmek / Makarna,Grains Bread Pasta,raw,1 Porsiyon,100,oats rolled dry,Yulaf Ezmesi (Kuru),USDA,1,
wl_263,Yulaf Lapası (Pişmiş),Oatmeal cooked,Tahıl / Ekmek / Makarna,Grains Bread Pasta,cooked,1 Porsiyon,100,oatmeal cooked,Yulaf Lapası (Pişmiş),USDA,1,
wl_264,Mısır Gevreği (Sade),Corn flakes plain,Tahıl / Ekmek / Makarna,Grains Bread Pasta,any,1 Porsiyon,100,Corn flakes plain,Mısır Gevreği (Sade),OPEN_FOOD_FACTS,1,
wl_265,Granola,Granola,Tahıl / Ekmek / Makarna,Grains Bread Pasta,any,1 Porsiyon,100,Granola,Granola,OPEN_FOOD_FACTS,1,
wl_266,Kinoa (Haşlanmış),Quinoa cooked,Tahıl / Ekmek / Makarna,Grains Bread Pasta,cooked,1 Porsiyon,100,quinoa cooked,Kinoa (Haşlanmış),USDA,1,
wl_267,Kuskus (Haşlanmış),Couscous cooked,Tahıl / Ekmek / Makarna,Grains Bread Pasta,cooked,1 Porsiyon,100,couscous cooked,Kuskus (Haşlanmış),USDA,1,
wl_268,İrmik (Kuru),Semolina dry,Tahıl / Ekmek / Makarna,Grains Bread Pasta,raw,1 Su Bardağı,160,Semolina dry,İrmik (Kuru),USDA,1,
wl_269,Yulaf Unu,Oat flour,Tahıl / Ekmek / Makarna,Grains Bread Pasta,raw,1 Yemek Kaşığı,10,Oat flour,Yulaf Unu,USDA,1,
wl_270,Mısır Unu,Corn flour,Tahıl / Ekmek / Makarna,Grains Bread Pasta,raw,1 Yemek Kaşığı,10,Corn flour,Mısır Unu,USDA,1,
wl_271,Buğday Unu (Beyaz),Wheat flour white,Tahıl / Ekmek / Makarna,Grains Bread Pasta,raw,1 Porsiyon,100,flour wheat white,Buğday Unu (Beyaz),USDA,1,
wl_272,Tam Buğday Unu,Whole wheat flour,Tahıl / Ekmek / Makarna,Grains Bread Pasta,raw,1 Porsiyon,100,flour whole wheat,Tam Buğday Unu,USDA,1,
wl_273,Galeta Unu,Breadcrumbs,Tahıl / Ekmek / Makarna,Grains Bread Pasta,any,1 Porsiyon,100,bread crumbs dry,Galeta Unu,USDA,1,
wl_274,Mısır Ekmeği,Cornbread,Tahıl / Ekmek / Makarna,Grains Bread Pasta,any,1 Porsiyon,100,Cornbread,Mısır Ekmeği,TURKOMP_OR_RECIPE,1,
wl_275,Ekşi Mayalı Ekmek,Sourdough bread,Tahıl / Ekmek / Makarna,Grains Bread Pasta,any,1 Porsiyon,100,bread sourdough,Ekşi Mayalı Ekmek,USDA,1,
wl_276,Basmati Pirinç (Haşlanmış),Basmati rice cooked,Tahıl / Ekmek / Makarna,Grains Bread Pasta,cooked,1 Porsiyon,100,rice basmati cooked,Basmati Pirinç (Haşlanmış),USDA,1,
wl_277,Esmer Pirinç (Haşlanmış),Brown rice cooked,Tahıl / Ekmek / Makarna,Grains Bread Pasta,cooked,1 Porsiyon,100,rice brown cooked,Esmer Pirinç (Haşlanmış),USDA,1,
wl_278,Noodle (Haşlanmış),Noodles cooked,Tahıl / Ekmek / Makarna,Grains Bread Pasta,cooked,1 Porsiyon,100,noodles cooked,Noodle (Haşlanmış),USDA,1,
wl_279,Tam Tahıl Galeta,Whole grain cracker,Tahıl / Ekmek / Makarna,Grains Bread Pasta,any,1 Porsiyon,100,Whole grain cracker,Tam Tahıl Galeta,OPEN_FOOD_FACTS,1,
wl_280,Tortilla (Buğday),Wheat tortilla,Tahıl / Ekmek / Makarna,Grains Bread Pasta,any,1 Porsiyon,100,tortilla wheat,Tortilla (Buğday),USDA,1,
wl_281,Mercimek (Yeşil Kuru),Green lentil dry,Baklagiller,Legumes,raw,1 Su Bardağı,190,Green lentil dry,Mercimek (Yeşil Kuru),USDA,1,
wl_282,Mercimek (Kırmızı Kuru),Red lentil dry,Baklagiller,Legumes,raw,1 Su Bardağı,190,Red lentil dry,Mercimek (Kırmızı Kuru),USDA,1,
wl_283,Mercimek (Yeşil Haşlanmış),Green lentil boiled,Baklagiller,Legumes,boiled,1 Porsiyon,100,lentils green boiled,Mercimek (Yeşil Haşlanmış),USDA,1,
wl_284,Mercimek (Kırmızı Haşlanmış),Red lentil boiled,Baklagiller,Legumes,boiled,1 Porsiyon,100,lentils red boiled,Mercimek (Kırmızı Haşlanmış),USDA,1,
wl_285,Barbunya (Kuru),Kidney bean dry,Baklagiller,Legumes,raw,1 Su Bardağı,180,Kidney bean dry,Barbunya (Kuru),USDA,1,
wl_286,Barbunya (Haşlanmış),Kidney bean boiled,Baklagiller,Legumes,boiled,1 Porsiyon,100,kidney beans boiled,Barbunya (Haşlanmış),USDA,1,
wl_287,Nohut (Kuru),Chickpea dry,Baklagiller,Legumes,raw,1 Su Bardağı,180,Chickpea dry,Nohut (Kuru),USDA,1,
wl_288,Nohut (Haşlanmış),Chickpea boiled,Baklagiller,Legumes,boiled,1 Porsiyon,100,chickpeas boiled,Nohut (Haşlanmış),USDA,1,
wl_289,Kuru Fasulye (Kuru),White bean dry,Baklagiller,Legumes,raw,1 Su Bardağı,180,White bean dry,Kuru Fasulye (Kuru),USDA,1,
wl_290,Kuru Fasulye (Haşlanmış),White bean boiled,Baklagiller,Legumes,boiled,1 Porsiyon,100,white beans boiled,Kuru Fasulye (Haşlanmış),USDA,1,
wl_291,Soya Fasulyesi (Haşlanmış),Soybeans boiled,Baklagiller,Legumes,boiled,1 Porsiyon,100,soybeans boiled,Soya Fasulyesi (Haşlanmış),USDA,1,
wl_292,Edamame (Haşlanmış),Edamame boiled,Baklagiller,Legumes,boiled,1 Porsiyon,100,edamame boiled,Edamame (Haşlanmış),USDA,1,
wl_293,Börülce (Haşlanmış),Black-eyed peas boiled,Baklagiller,Legumes,boiled,1 Porsiyon,100,cowpeas boiled,Börülce (Haşlanmış),USDA,1,
wl_294,Fava (Kuru),Fava bean dry,Baklagiller,Legumes,raw,1 Porsiyon,100,Fava bean dry,Fava (Kuru),USDA,1,
wl_295,Humus,Hummus,Baklagiller,Legumes,any,1 Porsiyon,100,Hummus,Humus,TURKOMP_OR_RECIPE,1,Prepared dip — recipe
wl_296,Kabak Çekirdeği,Pumpkin seeds,Kuruyemiş,Nuts & Seeds,any,1 Kase,30,Pumpkin seeds,Kabak Çekirdeği,USDA,1,
wl_297,Susam (Kuru),Sesame seeds,Kuruyemiş,Nuts & Seeds,any,1 Yemek Kaşığı,10,Sesame seeds,Susam (Kuru),USDA,1,
wl_298,Pekan Cevizi,Pecans,Kuruyemiş,Nuts & Seeds,any,1 Adet,4,Pecans,Pekan Cevizi,USDA,1,
wl_299,Yer Fıstığı (Kavrulmuş Tuzsuz),Peanuts roasted unsalted,Kuruyemiş,Nuts & Seeds,roasted,1 Porsiyon,100,peanuts roasted unsalted,Yer Fıstığı (Kavrulmuş Tuzsuz),USDA,1,
wl_300,Badem (Çiğ),Almonds raw,Kuruyemiş,Nuts & Seeds,raw,1 Porsiyon,100,almonds raw,Badem (Çiğ),USDA,1,
wl_301,Ceviz,Walnuts,Kuruyemiş,Nuts & Seeds,raw,1 Porsiyon,100,walnuts,Ceviz,USDA,1,
wl_302,Fındık,Hazelnuts,Kuruyemiş,Nuts & Seeds,raw,1 Porsiyon,100,hazelnuts,Fındık,USDA,1,
wl_303,Kaju,Cashews,Kuruyemiş,Nuts & Seeds,raw,1 Porsiyon,100,cashews raw,Kaju,USDA,1,
wl_304,Antep Fıstığı,Pistachios,Kuruyemiş,Nuts & Seeds,raw,1 Porsiyon,100,pistachios,Antep Fıstığı,USDA,1,
wl_305,Ay Çekirdeği,Sunflower seeds,Kuruyemiş,Nuts & Seeds,raw,1 Porsiyon,100,Sunflower seeds,Ay Çekirdeği,USDA,1,
wl_306,Keten Tohumu,Flax seeds,Kuruyemiş,Nuts & Seeds,raw,1 Porsiyon,100,Flax seeds,Keten Tohumu,USDA,1,
wl_307,Chia Tohumu,Chia seeds,Kuruyemiş,Nuts & Seeds,raw,1 Porsiyon,100,Chia seeds,Chia Tohumu,USDA,1,
wl_308,Hindistan Cevizi (Rendelenmiş),Coconut shredded,Kuruyemiş,Nuts & Seeds,dried,1 Porsiyon,100,Coconut shredded,Hindistan Cevizi (Rendelenmiş),USDA,1,
wl_309,Kuru Üzüm (Kavrulmuş),Roasted chickpeas snack,Kuruyemiş,Nuts & Seeds,any,1 Porsiyon,100,Roasted chickpeas snack,Kuru Üzüm (Kavrulmuş),TURKOMP_OR_RECIPE,1,Leblebi-style snack
wl_310,Leblebi,Roasted chickpeas,Kuruyemiş,Nuts & Seeds,any,1 Porsiyon,100,Roasted chickpeas,Leblebi,TURKOMP_OR_RECIPE,1,
wl_311,Hindistan Cevizi Yağı,Coconut oil,Yağlar,Oils & Fats,any,1 Yemek Kaşığı,15,Coconut oil,Hindistan Cevizi Yağı,USDA,1,
wl_312,Susam Yağı,Sesame oil,Yağlar,Oils & Fats,any,1 Yemek Kaşığı,15,Sesame oil,Susam Yağı,USDA,1,
wl_313,Zeytinyağı,Olive oil,Yağlar,Oils & Fats,any,1 Yemek Kaşığı,15,olive oil,Zeytinyağı,USDA,1,
wl_314,Ayçiçek Yağı,Sunflower oil,Yağlar,Oils & Fats,any,1 Yemek Kaşığı,15,Sunflower oil,Ayçiçek Yağı,USDA,1,
wl_315,Kanola Yağı,Canola oil,Yağlar,Oils & Fats,any,1 Yemek Kaşığı,15,Canola oil,Kanola Yağı,USDA,1,
wl_316,Margarin,Margarine,Yağlar,Oils & Fats,any,1 Porsiyon,100,Margarine,Margarin,OPEN_FOOD_FACTS,1,
wl_317,Avokado Yağı,Avocado oil,Yağlar,Oils & Fats,any,1 Yemek Kaşığı,15,Avocado oil,Avokado Yağı,USDA,1,
wl_318,Tereyağı (Tuzsuz),Butter unsalted,Yağlar,Oils & Fats,any,1 Porsiyon,100,butter unsalted,Tereyağı (Tuzsuz),USDA,1,
wl_319,Paça Çorbası,Trotter soup,Çorba,Soup,any,1 Porsiyon,100,Trotter soup,Paça Çorbası,TURKOMP_OR_RECIPE,1,
wl_320,Lahana Çorbası,Cabbage soup,Çorba,Soup,any,1 Porsiyon,100,Cabbage soup,Lahana Çorbası,TURKOMP_OR_RECIPE,1,
wl_321,Sebze Çorbası,Mixed vegetable soup,Çorba,Soup,any,1 Porsiyon,100,Mixed vegetable soup,Sebze Çorbası,TURKOMP_OR_RECIPE,1,
wl_322,Balık Çorbası,Fish soup,Çorba,Soup,any,1 Porsiyon,100,Fish soup,Balık Çorbası,TURKOMP_OR_RECIPE,1,
wl_323,Mercimek Çorbası,Lentil soup,Çorba,Soup,any,1 Porsiyon,100,Lentil soup,Mercimek Çorbası,TURKOMP_OR_RECIPE,1,
wl_324,Ezogelin Çorbası,Ezogelin soup,Çorba,Soup,any,1 Porsiyon,100,Ezogelin soup,Ezogelin Çorbası,TURKOMP_OR_RECIPE,1,
wl_325,Tarhana Çorbası,Tarhana soup,Çorba,Soup,any,1 Porsiyon,100,Tarhana soup,Tarhana Çorbası,TURKOMP_OR_RECIPE,1,
wl_326,Yayla Çorbası,Yayla soup,Çorba,Soup,any,1 Porsiyon,100,Yayla soup,Yayla Çorbası,TURKOMP_OR_RECIPE,1,
wl_327,Domates Çorbası,Tomato soup,Çorba,Soup,any,1 Porsiyon,100,Tomato soup,Domates Çorbası,TURKOMP_OR_RECIPE,1,
wl_328,Tavuk Suyu Çorbası,Chicken broth soup,Çorba,Soup,any,1 Porsiyon,100,chicken broth,Tavuk Suyu Çorbası,USDA,1,
wl_329,Analı Kızlı Çorbası,Anali kizli soup,Çorba,Soup,any,1 Porsiyon,100,Anali kizli soup,Analı Kızlı Çorbası,TURKOMP_OR_RECIPE,1,
wl_330,İşkembe Çorbası,Tripe soup,Çorba,Soup,any,1 Porsiyon,100,Tripe soup,İşkembe Çorbası,TURKOMP_OR_RECIPE,1,
wl_331,Menemen,Menemen,Türk Ev Yemekleri,Turkish Home Cooking,any,1 Porsiyon,100,Menemen,Menemen,TURKOMP_OR_RECIPE,1,
wl_332,Çılbır,Cilbir,Türk Ev Yemekleri,Turkish Home Cooking,any,1 Porsiyon,100,Cilbir,Çılbır,TURKOMP_OR_RECIPE,1,
wl_333,Türlü,Mixed vegetable stew,Türk Ev Yemekleri,Turkish Home Cooking,any,1 Porsiyon,100,Mixed vegetable stew,Türlü,TURKOMP_OR_RECIPE,1,
wl_334,Sulu Köfte,Sulu kofte stew,Türk Ev Yemekleri,Turkish Home Cooking,any,1 Porsiyon,100,Sulu kofte stew,Sulu Köfte,TURKOMP_OR_RECIPE,1,
wl_335,Ali Nazik,Ali nazik,Türk Ev Yemekleri,Turkish Home Cooking,any,1 Porsiyon,100,Ali nazik,Ali Nazik,TURKOMP_OR_RECIPE,1,
wl_336,Patlıcan Salatası (Közlenmiş),Roasted eggplant salad,Türk Ev Yemekleri,Turkish Home Cooking,grilled,1 Porsiyon,100,Roasted eggplant salad,Patlıcan Salatası (Közlenmiş),TURKOMP_OR_RECIPE,1,
wl_337,Sigara Böreği,Sigara boregi,Türk Ev Yemekleri,Turkish Home Cooking,any,1 Porsiyon,100,Sigara boregi,Sigara Böreği,TURKOMP_OR_RECIPE,1,
wl_338,Su Böreği,Su boregi,Türk Ev Yemekleri,Turkish Home Cooking,any,1 Porsiyon,100,Su boregi,Su Böreği,TURKOMP_OR_RECIPE,1,
wl_339,Kaygana,Kaygana,Türk Ev Yemekleri,Turkish Home Cooking,any,1 Porsiyon,100,Kaygana,Kaygana,TURKOMP_OR_RECIPE,1,
wl_340,Pişi,Pisi fried dough,Türk Ev Yemekleri,Turkish Home Cooking,any,1 Porsiyon,100,Pisi fried dough,Pişi,TURKOMP_OR_RECIPE,1,
wl_341,Haydari,Haydari,Türk Ev Yemekleri,Turkish Home Cooking,any,1 Porsiyon,100,Haydari,Haydari,TURKOMP_OR_RECIPE,1,
wl_342,Acılı Ezme,Spicy tomato dip,Türk Ev Yemekleri,Turkish Home Cooking,any,1 Porsiyon,100,Spicy tomato dip,Acılı Ezme,TURKOMP_OR_RECIPE,1,
wl_343,Orman Kebabı,Orman kebabi,Türk Ev Yemekleri,Turkish Home Cooking,any,1 Porsiyon,100,Orman kebabi,Orman Kebabı,TURKOMP_OR_RECIPE,1,
wl_344,Karnıyarık,Karniyarik,Türk Ev Yemekleri,Turkish Home Cooking,any,1 Porsiyon,100,Karniyarik,Karnıyarık,TURKOMP_OR_RECIPE,1,
wl_345,Imam Bayıldı,Imam bayildi,Türk Ev Yemekleri,Turkish Home Cooking,any,1 Porsiyon,100,Imam bayildi,Imam Bayıldı,TURKOMP_OR_RECIPE,1,
wl_346,Mücver,Mucver zucchini fritters,Türk Ev Yemekleri,Turkish Home Cooking,any,1 Porsiyon,100,Mucver zucchini fritters,Mücver,TURKOMP_OR_RECIPE,1,
wl_347,Kısır,Kisir bulgur salad,Türk Ev Yemekleri,Turkish Home Cooking,any,1 Porsiyon,100,Kisir bulgur salad,Kısır,TURKOMP_OR_RECIPE,1,
wl_348,Çoban Salata,Coban salad,Türk Ev Yemekleri,Turkish Home Cooking,any,1 Porsiyon,100,Coban salad,Çoban Salata,TURKOMP_OR_RECIPE,1,
wl_349,Piyaz,Piyaz bean salad,Türk Ev Yemekleri,Turkish Home Cooking,any,1 Porsiyon,100,Piyaz bean salad,Piyaz,TURKOMP_OR_RECIPE,1,
wl_350,Lahmacun,Lahmacun,Türk Ev Yemekleri,Turkish Home Cooking,any,1 Porsiyon,100,Lahmacun,Lahmacun,TURKOMP_OR_RECIPE,1,
wl_351,Pide (Kaşarlı),Cheese pide,Türk Ev Yemekleri,Turkish Home Cooking,any,1 Porsiyon,100,Cheese pide,Pide (Kaşarlı),TURKOMP_OR_RECIPE,1,
wl_352,Döner (Tavuk),Chicken doner,Türk Ev Yemekleri,Turkish Home Cooking,any,1 Porsiyon,100,Chicken doner,Döner (Tavuk),TURKOMP_OR_RECIPE,1,
wl_353,Döner (Et),Beef doner,Türk Ev Yemekleri,Turkish Home Cooking,any,1 Porsiyon,100,Beef doner,Döner (Et),TURKOMP_OR_RECIPE,1,
wl_354,İskender Kebap,Iskender kebab,Türk Ev Yemekleri,Turkish Home Cooking,any,1 Porsiyon,100,Iskender kebab,İskender Kebap,TURKOMP_OR_RECIPE,1,
wl_355,Adana Kebap,Adana kebab,Türk Ev Yemekleri,Turkish Home Cooking,any,1 Porsiyon,100,Adana kebab,Adana Kebap,TURKOMP_OR_RECIPE,1,
wl_356,Urfa Kebap,Urfa kebab,Türk Ev Yemekleri,Turkish Home Cooking,any,1 Porsiyon,100,Urfa kebab,Urfa Kebap,TURKOMP_OR_RECIPE,1,
wl_357,Tavuk Şiş,Chicken shish kebab,Türk Ev Yemekleri,Turkish Home Cooking,grilled,1 Porsiyon,100,Chicken shish kebab,Tavuk Şiş,TURKOMP_OR_RECIPE,1,
wl_358,Kuzu Şiş,Lamb shish kebab,Türk Ev Yemekleri,Turkish Home Cooking,grilled,1 Porsiyon,100,Lamb shish kebab,Kuzu Şiş,TURKOMP_OR_RECIPE,1,
wl_359,Mantı,Manti dumplings,Türk Ev Yemekleri,Turkish Home Cooking,any,1 Porsiyon,100,Manti dumplings,Mantı,TURKOMP_OR_RECIPE,1,
wl_360,Börek (Peynirli),Cheese borek,Türk Ev Yemekleri,Turkish Home Cooking,any,1 Porsiyon,100,Cheese borek,Börek (Peynirli),TURKOMP_OR_RECIPE,1,
wl_361,Gözleme (Ispanaklı),Spinach gozleme,Türk Ev Yemekleri,Turkish Home Cooking,any,1 Porsiyon,100,Spinach gozleme,Gözleme (Ispanaklı),TURKOMP_OR_RECIPE,1,
wl_362,Gözleme (Peynirli),Cheese gozleme,Türk Ev Yemekleri,Turkish Home Cooking,any,1 Porsiyon,100,Cheese gozleme,Gözleme (Peynirli),TURKOMP_OR_RECIPE,1,
wl_363,Kumpir,Kumpir stuffed potato,Türk Ev Yemekleri,Turkish Home Cooking,any,1 Porsiyon,100,Kumpir stuffed potato,Kumpir,TURKOMP_OR_RECIPE,1,
wl_364,Köfte (Ev Usulü),Homemade meatballs,Türk Ev Yemekleri,Turkish Home Cooking,any,1 Porsiyon,100,Homemade meatballs,Köfte (Ev Usulü),TURKOMP_OR_RECIPE,1,
wl_365,Fasulye Pilaki,Bean pilaki,Türk Ev Yemekleri,Turkish Home Cooking,any,1 Porsiyon,100,Bean pilaki,Fasulye Pilaki,TURKOMP_OR_RECIPE,1,
wl_366,Zeytinyağlı Fasulye,Green beans in olive oil,Türk Ev Yemekleri,Turkish Home Cooking,any,1 Porsiyon,100,Green beans in olive oil,Zeytinyağlı Fasulye,TURKOMP_OR_RECIPE,1,
wl_367,Zeytinyağlı Enginar,Artichoke in olive oil,Türk Ev Yemekleri,Turkish Home Cooking,any,1 Porsiyon,100,Artichoke in olive oil,Zeytinyağlı Enginar,TURKOMP_OR_RECIPE,1,
wl_368,Zeytinyağlı Barbunya,Kidney beans in olive oil,Türk Ev Yemekleri,Turkish Home Cooking,any,1 Porsiyon,100,Kidney beans in olive oil,Zeytinyağlı Barbunya,TURKOMP_OR_RECIPE,1,
wl_369,Hünkar Beğendi,Hunkar begendi,Türk Ev Yemekleri,Turkish Home Cooking,any,1 Porsiyon,100,Hunkar begendi,Hünkar Beğendi,TURKOMP_OR_RECIPE,1,
wl_370,Etli Nohut,Chickpeas with meat,Türk Ev Yemekleri,Turkish Home Cooking,any,1 Porsiyon,100,Chickpeas with meat,Etli Nohut,TURKOMP_OR_RECIPE,1,
wl_371,Sarma (Yaprak),Stuffed grape leaves,Türk Ev Yemekleri,Turkish Home Cooking,any,1 Porsiyon,100,Stuffed grape leaves,Sarma (Yaprak),TURKOMP_OR_RECIPE,1,
wl_372,Cacık,Cacik yogurt dip,Türk Ev Yemekleri,Turkish Home Cooking,any,1 Porsiyon,100,Cacik yogurt dip,Cacık,TURKOMP_OR_RECIPE,1,
wl_373,Tarator,Tarator walnut sauce,Türk Ev Yemekleri,Turkish Home Cooking,any,1 Porsiyon,100,Tarator walnut sauce,Tarator,TURKOMP_OR_RECIPE,1,
wl_374,Tantuni,Tantuni wrap,Türk Ev Yemekleri,Turkish Home Cooking,any,1 Porsiyon,100,Tantuni wrap,Tantuni,TURKOMP_OR_RECIPE,1,
wl_375,Kokoreç,Kokorec,Türk Ev Yemekleri,Turkish Home Cooking,any,1 Porsiyon,100,Kokorec,Kokoreç,TURKOMP_OR_RECIPE,1,
wl_376,Midye Dolma,Stuffed mussels,Türk Ev Yemekleri,Turkish Home Cooking,any,1 Porsiyon,100,Stuffed mussels,Midye Dolma,TURKOMP_OR_RECIPE,1,
wl_377,Reçel (Çilek),Strawberry jam,Kahvaltılık,Breakfast,any,1 Porsiyon,100,Strawberry jam,Reçel (Çilek),TURKOMP_OR_RECIPE,1,
wl_378,Fransız Tostu,French toast,Kahvaltılık,Breakfast,any,1 Porsiyon,100,French toast,Fransız Tostu,TURKOMP_OR_RECIPE,1,
wl_379,Sahanda Sucuk,Sucuk pan-fried,Kahvaltılık,Breakfast,fried,1 Porsiyon,100,Sucuk pan-fried,Sahanda Sucuk,TURKOMP_OR_RECIPE,1,
wl_380,Sahanda Yumurta,Pan fried eggs,Kahvaltılık,Breakfast,fried,1 Porsiyon,100,Pan fried eggs,Sahanda Yumurta,TURKOMP_OR_RECIPE,1,
wl_381,Omlet (Peynirli),Cheese omelette,Kahvaltılık,Breakfast,any,1 Porsiyon,100,Cheese omelette,Omlet (Peynirli),TURKOMP_OR_RECIPE,1,
wl_382,Omlet (Sebzeli),Vegetable omelette,Kahvaltılık,Breakfast,any,1 Porsiyon,100,Vegetable omelette,Omlet (Sebzeli),TURKOMP_OR_RECIPE,1,
wl_383,Granola Kase,Granola bowl,Kahvaltılık,Breakfast,any,1 Porsiyon,100,Granola bowl,Granola Kase,TURKOMP_OR_RECIPE,1,
wl_384,Peynir-Zeytin Tabağı,Cheese olive plate,Kahvaltılık,Breakfast,any,1 Porsiyon,100,Cheese olive plate,Peynir-Zeytin Tabağı,TURKOMP_OR_RECIPE,1,
wl_385,Bal,Honey,Kahvaltılık,Breakfast,any,1 Porsiyon,100,honey,Bal,USDA,1,
wl_386,Tahin-Pekmez,Tahini molasses,Kahvaltılık,Breakfast,any,1 Porsiyon,100,Tahini molasses,Tahin-Pekmez,TURKOMP_OR_RECIPE,1,
wl_387,Pancake,Pancake,Kahvaltılık,Breakfast,any,1 Porsiyon,100,Pancake,Pancake,TURKOMP_OR_RECIPE,1,
wl_388,Waffle,Waffle,Kahvaltılık,Breakfast,any,1 Porsiyon,100,Waffle,Waffle,TURKOMP_OR_RECIPE,1,
wl_389,Galeta,Cracker plain,Atıştırmalık,Snack,any,1 Porsiyon,100,cracker plain,Galeta,USDA,1,
wl_390,Kurabiye (Ev Yapımı),Homemade cookie,Atıştırmalık,Snack,any,1 Porsiyon,100,Homemade cookie,Kurabiye (Ev Yapımı),TURKOMP_OR_RECIPE,1,
wl_391,Cips (Patates),Potato chips,Atıştırmalık,Snack,any,1 Porsiyon,100,Potato chips,Cips (Patates),OPEN_FOOD_FACTS,1,
wl_392,Mısır Cipsi,Corn chips,Atıştırmalık,Snack,any,1 Porsiyon,100,Corn chips,Mısır Cipsi,OPEN_FOOD_FACTS,1,
wl_393,Protein Bar,Protein bar,Atıştırmalık,Snack,any,1 Porsiyon,100,Protein bar,Protein Bar,OPEN_FOOD_FACTS,1,
wl_394,Granola Bar,Granola bar,Atıştırmalık,Snack,any,1 Porsiyon,100,Granola bar,Granola Bar,OPEN_FOOD_FACTS,1,
wl_395,Popcorn (Tuzsuz),Popcorn unsalted,Atıştırmalık,Snack,plain,1 Porsiyon,100,popcorn air popped,Popcorn (Tuzsuz),USDA,1,
wl_396,Bisküvi (Petibör),Tea biscuit,Atıştırmalık,Snack,any,1 Porsiyon,100,Tea biscuit,Bisküvi (Petibör),OPEN_FOOD_FACTS,1,
wl_397,Çikolata (Sütlü),Milk chocolate,Atıştırmalık,Snack,any,1 Porsiyon,100,Milk chocolate,Çikolata (Sütlü),OPEN_FOOD_FACTS,1,
wl_398,Dondurma (Sade Vanilya),Vanilla ice cream,Atıştırmalık,Snack,any,1 Porsiyon,100,Vanilla ice cream,Dondurma (Sade Vanilya),OPEN_FOOD_FACTS,1,
wl_399,Baklava,Baklava,Tatlı,Dessert,any,1 Porsiyon,100,Baklava,Baklava,TURKOMP_OR_RECIPE,1,
wl_400,Künefe,Kunefe,Tatlı,Dessert,any,1 Porsiyon,100,Kunefe,Künefe,TURKOMP_OR_RECIPE,1,
wl_401,Sütlaç,Sutlac rice pudding,Tatlı,Dessert,any,1 Porsiyon,100,Sutlac rice pudding,Sütlaç,TURKOMP_OR_RECIPE,1,
wl_402,Kazandibi,Kazandibi,Tatlı,Dessert,any,1 Porsiyon,100,Kazandibi,Kazandibi,TURKOMP_OR_RECIPE,1,
wl_403,Revani,Revani semolina cake,Tatlı,Dessert,any,1 Porsiyon,100,Revani semolina cake,Revani,TURKOMP_OR_RECIPE,1,
wl_404,Lokma,Lokma,Tatlı,Dessert,any,1 Porsiyon,100,Lokma,Lokma,TURKOMP_OR_RECIPE,1,
wl_405,Helva,Halva,Tatlı,Dessert,any,1 Porsiyon,100,Halva,Helva,TURKOMP_OR_RECIPE,1,
wl_406,Tiramisu,Tiramisu,Tatlı,Dessert,any,1 Porsiyon,100,Tiramisu,Tiramisu,TURKOMP_OR_RECIPE,1,
wl_407,Cheesecake,Cheesecake,Tatlı,Dessert,any,1 Porsiyon,100,Cheesecake,Cheesecake,TURKOMP_OR_RECIPE,1,
wl_408,Brownie,Brownie,Tatlı,Dessert,any,1 Porsiyon,100,Brownie,Brownie,TURKOMP_OR_RECIPE,1,
