candidate_id,name_tr,name_en,category_tr,target_state,preferred_source,exists_in_current_catalog,existing_food_id,existing_food_name,existing_match_confidence,original_match_status,usda_food_id,usda_name_en,usda_calories_100g,usda_protein_100g,usda_carbs_100g,usda_fat_100g,usda_fiber_100g,usda_sugar_100g,usda_sodium_mg_100g,usda_score,state_match,base_food_match,category_match,variant_warning,missing_nutrient_warning,audit_decision,audit_note
wl_001,Su,Water,İçecek,plain,MANUAL_REVIEW,false,,,none,manual_review_needed,,,,,,,,,,,,,,,,manual_source_needed,Low-coverage or baseline item — manual nutrition review; USDA optional.
wl_002,Maden Suyu (Sade),Plain mineral water,İçecek,plain,OPEN_FOOD_FACTS,false,,,none,open_food_facts_needed,,,,,,,,,,,,,,,,open_food_facts_needed,Packaged/branded product — use Open Food Facts barcode lookup; USDA skipped.
wl_003,Soda (Sade),Club soda,İçecek,plain,OPEN_FOOD_FACTS,false,,,none,open_food_facts_needed,,,,,,,,,,,,,,,,open_food_facts_needed,Packaged/branded product — use Open Food Facts barcode lookup; USDA skipped.
wl_004,Türk Çayı (Şekersiz),Black tea unsweetened,İçecek,unsweetened,USDA,true,38,Türk Çayı (Şekersiz),exact,no_source_match,,,,,,,,,,,,,,,,manual_review_existing_food,Katalogda mevcut; USDA adayı yok veya zayıf. Manuel doğrulama gerekli.
wl_005,Türk Çayı (Şekerli),Black tea with sugar,İçecek,sweetened,TURKOMP_OR_RECIPE,true,38,Türk Çayı (Şekersiz),medium,recipe_or_turkomp_needed,,,,,,,,,,,,,,,,recipe_or_turkomp_needed,Turkish dish or recipe-based item — TürKomp or ingredient recipe; USDA skipped.
wl_006,Yeşil Çay (Şekersiz),Green tea unsweetened,İçecek,unsweetened,USDA,false,,,none,likely_match_manual_check,6587,Ready-to-drink Green Tea Unsweetened,0,0,0,0,0,0,7,47.8571,false,true,true,,,reject_wrong_usda_match,Pişirme/çiğ durumu uyuşmuyor. Alternatif USDA adayı da uygun değil.
wl_007,Bitki Çayı (Şekersiz),Herbal tea unsweetened,İçecek,unsweetened,MANUAL_REVIEW,false,,,none,manual_review_needed,,,,,,,,,,,,,,,,manual_source_needed,Low-coverage or baseline item — manual nutrition review; USDA optional.
wl_008,Ihlamur Çayı,Linden tea,İçecek,unsweetened,MANUAL_REVIEW,false,,,none,manual_review_needed,,,,,,,,,,,,,,,,manual_source_needed,Low-coverage or baseline item — manual nutrition review; USDA optional.
wl_009,Papatya Çayı,Chamomile tea,İçecek,unsweetened,MANUAL_REVIEW,false,,,none,manual_review_needed,,,,,,,,,,,,,,,,manual_source_needed,Low-coverage or baseline item — manual nutrition review; USDA optional.
wl_010,Türk Kahvesi (Sade),Turkish coffee unsweetened,İçecek,unsweetened,USDA,true,39,Türk Kahvesi (Sade),exact,wrong_or_weak_match,1262,Brewed Coffee,2,0.3,0.17,0,0,0,1,19.2857,false,false,true,,,manual_review_existing_food,Kültüre özgü hazırlık ile jenerik USDA adayı uyuşmuyor. Mevcut katalog girdisi var (Türk Kahvesi (Sade)).
wl_011,Filtre Kahve (Sade),Brewed coffee black,İçecek,unsweetened,USDA,false,,,none,no_source_match,,,,,,,,,,,,,,,,manual_review_new_food,No USDA candidates passed strict scoring filters.
wl_012,Espresso,Espresso,İçecek,plain,USDA,false,,,none,can_update_from_usda,1884,Espresso,9,0.12,1.67,0.18,0,0,14,85,true,true,true,,,approved_new_food_candidate,Yeni gıda adayı; USDA eşleşmesi onaylandı.
wl_013,Americano,Americano,İçecek,plain,TURKOMP_OR_RECIPE,false,,,none,recipe_or_turkomp_needed,,,,,,,,,,,,,,,,recipe_or_turkomp_needed,Turkish dish or recipe-based item — TürKomp or ingredient recipe; USDA skipped.
wl_014,Latte,Latte,İçecek,prepared,TURKOMP_OR_RECIPE,false,,,none,recipe_or_turkomp_needed,,,,,,,,,,,,,,,,recipe_or_turkomp_needed,Turkish dish or recipe-based item — TürKomp or ingredient recipe; USDA skipped.
wl_015,Cappuccino,Cappuccino,İçecek,prepared,TURKOMP_OR_RECIPE,false,,,none,recipe_or_turkomp_needed,,,,,,,,,,,,,,,,recipe_or_turkomp_needed,Turkish dish or recipe-based item — TürKomp or ingredient recipe; USDA skipped.
wl_016,Flat White,Flat white,İçecek,prepared,TURKOMP_OR_RECIPE,false,,,none,recipe_or_turkomp_needed,,,,,,,,,,,,,,,,recipe_or_turkomp_needed,Turkish dish or recipe-based item — TürKomp or ingredient recipe; USDA skipped.
wl_017,Mocha,Mocha coffee,İçecek,prepared,TURKOMP_OR_RECIPE,false,,,none,recipe_or_turkomp_needed,,,,,,,,,,,,,,,,recipe_or_turkomp_needed,Turkish dish or recipe-based item — TürKomp or ingredient recipe; USDA skipped.
wl_018,Sütlü Türk Kahvesi,Turkish coffee with milk,İçecek,prepared,TURKOMP_OR_RECIPE,false,,,none,recipe_or_turkomp_needed,,,,,,,,,,,,,,,,recipe_or_turkomp_needed,Turkish dish or recipe-based item — TürKomp or ingredient recipe; USDA skipped.
wl_019,Ayran,Ayran,İçecek,prepared,TURKOMP_OR_RECIPE,true,37,Ayran,medium,recipe_or_turkomp_needed,,,,,,,,,,,,,,,,recipe_or_turkomp_needed,Turkish dish or recipe-based item — TürKomp or ingredient recipe; USDA skipped.
wl_020,Kefir,Kefir plain,İçecek,plain,USDA,true,95,Kefir,exact,no_source_match,,,,,,,,,,,,,,,,manual_review_existing_food,Katalogda mevcut; USDA adayı yok veya zayıf. Manuel doğrulama gerekli.
wl_021,Tam Yağlı Süt,Whole milk,İçecek,whole milk,USDA,true,10,Tam Yağlı Süt,exact,can_update_from_usda,5123,Whole Milk,64,3.28,4.65,3.66,0,0,49,85,true,true,true,,,approved_existing_food_update,Mevcut katalog girdisi (Tam Yağlı Süt) ile USDA eşleşmesi onaylandı; güncelleme adayı.
wl_022,Yarım Yağlı Süt,Reduced-fat milk,İçecek,reduced fat,USDA,true,171,Yarım Yağlı Süt,exact,can_update_from_usda,5509,Reduced-Fat Milk,50,3.35,4.91,1.9,0,0,39,77.8571,true,true,true,,,approved_existing_food_update,Mevcut katalog girdisi (Yarım Yağlı Süt) ile USDA eşleşmesi onaylandı; güncelleme adayı.
wl_023,Yağsız Süt,Skim milk,İçecek,skim milk,USDA,false,,,none,can_update_from_usda,5674,Skim Milk,37,3.57,5.02,0.25,0,5.02,53,75,true,true,true,,,approved_new_food_candidate,Yeni gıda adayı; USDA eşleşmesi onaylandı.
wl_024,Laktozsuz Süt,Lactose-free milk,İçecek,plain,OPEN_FOOD_FACTS,false,,,none,open_food_facts_needed,,,,,,,,,,,,,,,,open_food_facts_needed,Packaged/branded product — use Open Food Facts barcode lookup; USDA skipped.
wl_025,Soya Sütü (Şekersiz),Unsweetened soy milk,İçecek,unsweetened,OPEN_FOOD_FACTS,true,140,Soya Sütü,medium,open_food_facts_needed,,,,,,,,,,,,,,,,open_food_facts_needed,Packaged/branded product — use Open Food Facts barcode lookup; USDA skipped.
wl_026,Badem Sütü (Şekersiz),Unsweetened almond milk,İçecek,unsweetened,OPEN_FOOD_FACTS,false,,,none,open_food_facts_needed,,,,,,,,,,,,,,,,open_food_facts_needed,Packaged/branded product — use Open Food Facts barcode lookup; USDA skipped.
wl_027,Yulaf Sütü (Şekersiz),Unsweetened oat milk,İçecek,unsweetened,OPEN_FOOD_FACTS,false,,,none,open_food_facts_needed,,,,,,,,,,,,,,,,open_food_facts_needed,Packaged/branded product — use Open Food Facts barcode lookup; USDA skipped.
wl_028,Hindistan Cevizi Sütü,Coconut milk beverage,İçecek,unsweetened,OPEN_FOOD_FACTS,false,,,none,open_food_facts_needed,,,,,,,,,,,,,,,,open_food_facts_needed,Packaged/branded product — use Open Food Facts barcode lookup; USDA skipped.
wl_029,Kakaolu Süt,Chocolate milk,İçecek,any,OPEN_FOOD_FACTS,false,,,none,open_food_facts_needed,,,,,,,,,,,,,,,,open_food_facts_needed,Packaged/branded product — use Open Food Facts barcode lookup; USDA skipped.
wl_030,Muzlu Süt,Banana milk,İçecek,any,OPEN_FOOD_FACTS,true,239,Muzlu Süt,exact,open_food_facts_needed,,,,,,,,,,,,,,,,open_food_facts_needed,Packaged/branded product — use Open Food Facts barcode lookup; USDA skipped.
wl_031,Portakal Suyu,Orange juice,İçecek,100% juice,USDA,false,,,none,can_update_from_usda,4646,Orange Juice,45,0.7,10.4,0.2,0.2,8.4,1,75,true,true,true,,,approved_new_food_candidate,Yeni gıda adayı; USDA eşleşmesi onaylandı.
wl_032,Elma Suyu,Apple juice,İçecek,100% juice,USDA,false,,,none,likely_match_manual_check,3997,Cranberry Apple Juice Drink,19,0.1,4.7,0,0.1,4.6,5,45,true,false,true,,,reject_wrong_usda_match,Tek meyve suyu isteniyor; karışık meyve suyu içeceği reddedildi. Alternatif USDA adayı da uygun değil.
wl_033,Greyfurt Suyu,Grapefruit juice,İçecek,100% juice,USDA,false,,,none,can_update_from_usda,537,White Grapefruit Juice,39,0.5,9.2,0.1,0.1,9.1,1,83.5,true,true,true,"Aday, istenen jenerik gıdadan daha özel bir varyant olabilir.",,manual_review_new_food,"Yeni gıda; USDA adayı orta güven: Aday, istenen jenerik gıdadan daha özel bir varyant olabilir."
wl_034,Üzüm Suyu,Grape juice,İçecek,100% juice,USDA,false,,,none,can_update_from_usda,4000,Cranberry Grape Juice Drink,56,0.2,14,0.1,0.1,0,3,83.5,false,false,true,,,reject_wrong_usda_match,Üzüm Suyu → karışık meyve suyu içeceği. Alternatif USDA adayı da uygun değil.
wl_035,Nar Suyu,Pomegranate juice,İçecek,any,OPEN_FOOD_FACTS,false,,,none,open_food_facts_needed,,,,,,,,,,,,,,,,open_food_facts_needed,Packaged/branded product — use Open Food Facts barcode lookup; USDA skipped.
wl_036,Vişne Suyu,Sour cherry juice,İçecek,any,OPEN_FOOD_FACTS,false,,,none,open_food_facts_needed,,,,,,,,,,,,,,,,open_food_facts_needed,Packaged/branded product — use Open Food Facts barcode lookup; USDA skipped.
wl_037,Kayısı Nektarı,Apricot nectar,İçecek,any,OPEN_FOOD_FACTS,false,,,none,open_food_facts_needed,,,,,,,,,,,,,,,,open_food_facts_needed,Packaged/branded product — use Open Food Facts barcode lookup; USDA skipped.
wl_038,Şeftali Nektarı,Peach nectar,İçecek,any,OPEN_FOOD_FACTS,false,,,none,open_food_facts_needed,,,,,,,,,,,,,,,,open_food_facts_needed,Packaged/branded product — use Open Food Facts barcode lookup; USDA skipped.
wl_039,Domates Suyu,Tomato juice,İçecek,any,USDA,false,,,none,can_update_from_usda,3336,Clam and Tomato Juice,48,0.6,10.95,0.2,0.4,3.31,362,83.5,true,true,true,"Aday, istenen jenerik gıdadan daha özel bir varyant olabilir.",,manual_review_new_food,"Yeni gıda; USDA adayı orta güven: Aday, istenen jenerik gıdadan daha özel bir varyant olabilir."
wl_040,Havuç Suyu,Carrot juice,İçecek,any,USDA,false,,,none,can_update_from_usda,3073,Canned Carrot Juice,40,0.95,9.28,0.15,0.8,3.91,66,83.5,true,true,true,"Aday, istenen jenerik gıdadan daha özel bir varyant olabilir.",,manual_review_new_food,"Yeni gıda; USDA adayı orta güven: Aday, istenen jenerik gıdadan daha özel bir varyant olabilir."
wl_041,Limonata (Ev Yapımı),Homemade lemonade,İçecek,any,TURKOMP_OR_RECIPE,false,,,none,recipe_or_turkomp_needed,,,,,,,,,,,,,,,,recipe_or_turkomp_needed,Turkish dish or recipe-based item — TürKomp or ingredient recipe; USDA skipped.
wl_042,Limonata (Şekersiz),Unsweetened lemonade,İçecek,any,TURKOMP_OR_RECIPE,false,,,none,recipe_or_turkomp_needed,,,,,,,,,,,,,,,,recipe_or_turkomp_needed,Turkish dish or recipe-based item — TürKomp or ingredient recipe; USDA skipped.
wl_043,Kola,Cola,İçecek,any,OPEN_FOOD_FACTS,false,,,none,open_food_facts_needed,,,,,,,,,,,,,,,,open_food_facts_needed,Packaged/branded product — use Open Food Facts barcode lookup; USDA skipped.
wl_044,Kola Zero,Diet cola,İçecek,any,OPEN_FOOD_FACTS,false,,,none,open_food_facts_needed,,,,,,,,,,,,,,,,open_food_facts_needed,Packaged/branded product — use Open Food Facts barcode lookup; USDA skipped.
wl_045,Gazoz,Lemon-lime soda,İçecek,any,OPEN_FOOD_FACTS,false,,,none,open_food_facts_needed,,,,,,,,,,,,,,,,open_food_facts_needed,Packaged/branded product — use Open Food Facts barcode lookup; USDA skipped.
wl_046,Ginger Ale,Ginger ale,İçecek,any,OPEN_FOOD_FACTS,false,,,none,open_food_facts_needed,,,,,,,,,,,,,,,,open_food_facts_needed,Packaged/branded product — use Open Food Facts barcode lookup; USDA skipped.
wl_047,Tonik Su,Tonic water,İçecek,any,OPEN_FOOD_FACTS,false,,,none,open_food_facts_needed,,,,,,,,,,,,,,,,open_food_facts_needed,Packaged/branded product — use Open Food Facts barcode lookup; USDA skipped.
wl_048,Soğuk Çay,Iced tea,İçecek,any,OPEN_FOOD_FACTS,false,,,none,open_food_facts_needed,,,,,,,,,,,,,,,,open_food_facts_needed,Packaged/branded product — use Open Food Facts barcode lookup; USDA skipped.
wl_049,Soğuk Kahve,Iced coffee,İçecek,any,TURKOMP_OR_RECIPE,false,,,none,recipe_or_turkomp_needed,,,,,,,,,,,,,,,,recipe_or_turkomp_needed,Turkish dish or recipe-based item — TürKomp or ingredient recipe; USDA skipped.
wl_050,Enerji İçeceği,Energy drink,İçecek,any,OPEN_FOOD_FACTS,false,,,none,open_food_facts_needed,,,,,,,,,,,,,,,,open_food_facts_needed,Packaged/branded product — use Open Food Facts barcode lookup; USDA skipped.
wl_051,Spor İçeceği,Sports drink,İçecek,any,OPEN_FOOD_FACTS,false,,,none,open_food_facts_needed,,,,,,,,,,,,,,,,open_food_facts_needed,Packaged/branded product — use Open Food Facts barcode lookup; USDA skipped.
wl_052,Elektrolit İçeceği,Electrolyte drink,İçecek,any,OPEN_FOOD_FACTS,false,,,none,open_food_facts_needed,,,,,,,,,,,,,,,,open_food_facts_needed,Packaged/branded product — use Open Food Facts barcode lookup; USDA skipped.
wl_053,Protein Shake (Sütlü),Protein shake with milk,İçecek,any,MANUAL_REVIEW,false,,,none,manual_review_needed,,,,,,,,,,,,,,,,manual_source_needed,Low-coverage or baseline item — manual nutrition review; USDA optional.
wl_054,Protein Shake (Su ile),Protein shake with water,İçecek,any,MANUAL_REVIEW,false,,,none,manual_review_needed,,,,,,,,,,,,,,,,manual_source_needed,Low-coverage or baseline item — manual nutrition review; USDA optional.
wl_055,Smoothie (Muzlu),Banana smoothie,İçecek,any,TURKOMP_OR_RECIPE,false,,,none,recipe_or_turkomp_needed,,,,,,,,,,,,,,,,recipe_or_turkomp_needed,Turkish dish or recipe-based item — TürKomp or ingredient recipe; USDA skipped.
wl_056,Smoothie (Yeşil),Green smoothie,İçecek,any,TURKOMP_OR_RECIPE,false,,,none,recipe_or_turkomp_needed,,,,,,,,,,,,,,,,recipe_or_turkomp_needed,Turkish dish or recipe-based item — TürKomp or ingredient recipe; USDA skipped.
wl_057,Smoothie (Çilekli),Strawberry smoothie,İçecek,any,TURKOMP_OR_RECIPE,false,,,none,recipe_or_turkomp_needed,,,,,,,,,,,,,,,,recipe_or_turkomp_needed,Turkish dish or recipe-based item — TürKomp or ingredient recipe; USDA skipped.
wl_058,Salep,Salep,İçecek,any,TURKOMP_OR_RECIPE,false,,,none,recipe_or_turkomp_needed,,,,,,,,,,,,,,,,recipe_or_turkomp_needed,Turkish dish or recipe-based item — TürKomp or ingredient recipe; USDA skipped.
wl_059,Boza,Boza,İçecek,any,TURKOMP_OR_RECIPE,false,,,none,recipe_or_turkomp_needed,,,,,,,,,,,,,,,,recipe_or_turkomp_needed,Turkish dish or recipe-based item — TürKomp or ingredient recipe; USDA skipped.
wl_060,Şalgam Suyu,Turnip juice,İçecek,any,TURKOMP_OR_RECIPE,false,,,none,recipe_or_turkomp_needed,,,,,,,,,,,,,,,,recipe_or_turkomp_needed,Turkish dish or recipe-based item — TürKomp or ingredient recipe; USDA skipped.
wl_061,Komposto,Fruit compote drink,İçecek,any,TURKOMP_OR_RECIPE,false,,,none,recipe_or_turkomp_needed,,,,,,,,,,,,,,,,recipe_or_turkomp_needed,Turkish dish or recipe-based item — TürKomp or ingredient recipe; USDA skipped.
wl_062,Hoşaf,Dried fruit compote drink,İçecek,any,TURKOMP_OR_RECIPE,false,,,none,recipe_or_turkomp_needed,,,,,,,,,,,,,,,,recipe_or_turkomp_needed,Turkish dish or recipe-based item — TürKomp or ingredient recipe; USDA skipped.
wl_063,Sıcak Çikolata,Hot chocolate,İçecek,any,TURKOMP_OR_RECIPE,false,,,none,recipe_or_turkomp_needed,,,,,,,,,,,,,,,,recipe_or_turkomp_needed,Turkish dish or recipe-based item — TürKomp or ingredient recipe; USDA skipped.
wl_064,Matcha Latte,Matcha latte,İçecek,any,TURKOMP_OR_RECIPE,false,,,none,recipe_or_turkomp_needed,,,,,,,,,,,,,,,,recipe_or_turkomp_needed,Turkish dish or recipe-based item — TürKomp or ingredient recipe; USDA skipped.
wl_065,Chai Latte,Chai latte,İçecek,any,TURKOMP_OR_RECIPE,false,,,none,recipe_or_turkomp_needed,,,,,,,,,,,,,,,,recipe_or_turkomp_needed,Turkish dish or recipe-based item — TürKomp or ingredient recipe; USDA skipped.
wl_066,Bubble Tea,Bubble tea,İçecek,any,OPEN_FOOD_FACTS,false,,,none,open_food_facts_needed,,,,,,,,,,,,,,,,open_food_facts_needed,Packaged/branded product — use Open Food Facts barcode lookup; USDA skipped.
wl_067,Kombucha,Kombucha,İçecek,any,OPEN_FOOD_FACTS,false,,,none,open_food_facts_needed,,,,,,,,,,,,,,,,open_food_facts_needed,Packaged/branded product — use Open Food Facts barcode lookup; USDA skipped.
wl_068,Kefir (Meyveli),Flavored kefir,İçecek,any,OPEN_FOOD_FACTS,true,95,Kefir,strong,open_food_facts_needed,,,,,,,,,,,,,,,,open_food_facts_needed,Packaged/branded product — use Open Food Facts barcode lookup; USDA skipped.
wl_069,Ayran (Light),Light ayran,İçecek,any,OPEN_FOOD_FACTS,true,37,Ayran,strong,open_food_facts_needed,,,,,,,,,,,,,,,,open_food_facts_needed,Packaged/branded product — use Open Food Facts barcode lookup; USDA skipped.
wl_070,Süt (UHT Tam Yağlı),UHT whole milk,İçecek,whole milk,OPEN_FOOD_FACTS,false,,,none,open_food_facts_needed,,,,,,,,,,,,,,,,open_food_facts_needed,Packaged/branded product — use Open Food Facts barcode lookup; USDA skipped.
wl_071,Krema (Kahve İçin),Coffee creamer,İçecek,any,OPEN_FOOD_FACTS,true,98,Krema (%35),strong,open_food_facts_needed,,,,,,,,,,,,,,,,open_food_facts_needed,Packaged/branded product — use Open Food Facts barcode lookup; USDA skipped.
wl_072,Buzlu Matcha,Iced matcha,İçecek,any,TURKOMP_OR_RECIPE,false,,,none,recipe_or_turkomp_needed,,,,,,,,,,,,,,,,recipe_or_turkomp_needed,Turkish dish or recipe-based item — TürKomp or ingredient recipe; USDA skipped.
wl_073,Frappé,Coffee frappe,İçecek,any,TURKOMP_OR_RECIPE,false,,,none,recipe_or_turkomp_needed,,,,,,,,,,,,,,,,recipe_or_turkomp_needed,Turkish dish or recipe-based item — TürKomp or ingredient recipe; USDA skipped.
wl_074,Meyve Suyu Karışımı,Mixed fruit juice,İçecek,any,OPEN_FOOD_FACTS,false,,,none,open_food_facts_needed,,,,,,,,,,,,,,,,open_food_facts_needed,Packaged/branded product — use Open Food Facts barcode lookup; USDA skipped.
wl_075,Ananas Suyu,Pineapple juice,İçecek,any,USDA,false,,,none,can_update_from_usda,1756,"Frozen Concentrate Pineapple Juice, Unsweetened",179,1.3,44.3,0.1,0.7,43.6,3,83.5,true,false,true,Konsantre ürün; normal suyu/sütü olmayabilir.,,reject_wrong_usda_match,"USDA adayında istenmeyen ürün tipi: ""concentrate"". Alternatif USDA adayı da uygun değil."
wl_076,Mango Suyu,Mango juice,İçecek,any,USDA,false,,,none,wrong_or_weak_match,4087,"Mango Nectar, Canned",51,0.11,13.12,0.06,0.3,12.45,5,21.6667,false,true,true,"Aday, istenen jenerik gıdadan daha özel bir varyant olabilir.",,manual_review_new_food,Yeni gıda; USDA adayı düşük güven veya eksik hizalama.
wl_077,Karışık Meyve Nektarı,Mixed fruit nectar,İçecek,any,OPEN_FOOD_FACTS,false,,,none,open_food_facts_needed,,,,,,,,,,,,,,,,open_food_facts_needed,Packaged/branded product — use Open Food Facts barcode lookup; USDA skipped.
wl_078,Limon Suyu (Sıkma),Fresh lemon juice,İçecek,raw,USDA,false,,,none,can_update_from_usda,4035,"Lemon Juice, Raw",22,0.35,6.9,0.24,0.3,2.52,1,69.2143,true,true,true,,,approved_new_food_candidate,Yeni gıda adayı; USDA eşleşmesi onaylandı.
wl_079,Portakal Suyu (Taze Sıkma),Fresh squeezed orange juice,İçecek,raw,USDA,false,,,none,no_source_match,,,,,,,,,,,,,,,,manual_review_new_food,No USDA candidates passed strict scoring filters.
wl_080,Nar Suyu (Taze),Fresh pomegranate juice,İçecek,any,TURKOMP_OR_RECIPE,false,,,none,recipe_or_turkomp_needed,,,,,,,,,,,,,,,,recipe_or_turkomp_needed,Turkish dish or recipe-based item — TürKomp or ingredient recipe; USDA skipped.
wl_081,Soda Limon,Lemon soda,İçecek,any,OPEN_FOOD_FACTS,false,,,none,open_food_facts_needed,,,,,,,,,,,,,,,,open_food_facts_needed,Packaged/branded product — use Open Food Facts barcode lookup; USDA skipped.
wl_082,Root Beer,Root beer,İçecek,any,OPEN_FOOD_FACTS,false,,,none,open_food_facts_needed,,,,,,,,,,,,,,,,open_food_facts_needed,Packaged/branded product — use Open Food Facts barcode lookup; USDA skipped.
wl_083,Cola (Şekersiz),Sugar-free cola,İçecek,any,OPEN_FOOD_FACTS,false,,,none,open_food_facts_needed,,,,,,,,,,,,,,,,open_food_facts_needed,Packaged/branded product — use Open Food Facts barcode lookup; USDA skipped.
wl_084,Meyveli Gazoz,Fruit soda,İçecek,any,OPEN_FOOD_FACTS,false,,,none,open_food_facts_needed,,,,,,,,,,,,,,,,open_food_facts_needed,Packaged/branded product — use Open Food Facts barcode lookup; USDA skipped.
wl_085,Vitamin Su,Vitamin water,İçecek,any,OPEN_FOOD_FACTS,false,,,none,open_food_facts_needed,,,,,,,,,,,,,,,,open_food_facts_needed,Packaged/branded product — use Open Food Facts barcode lookup; USDA skipped.
wl_086,Protein Süt,Protein milk drink,İçecek,any,OPEN_FOOD_FACTS,false,,,none,open_food_facts_needed,,,,,,,,,,,,,,,,open_food_facts_needed,Packaged/branded product — use Open Food Facts barcode lookup; USDA skipped.
wl_087,Yoğurt İçeceği,Yogurt drink,İçecek,any,OPEN_FOOD_FACTS,false,,,none,open_food_facts_needed,,,,,,,,,,,,,,,,open_food_facts_needed,Packaged/branded product — use Open Food Facts barcode lookup; USDA skipped.
wl_088,Tarçınlı Süt,Cinnamon milk,İçecek,any,TURKOMP_OR_RECIPE,false,,,none,recipe_or_turkomp_needed,,,,,,,,,,,,,,,,recipe_or_turkomp_needed,Turkish dish or recipe-based item — TürKomp or ingredient recipe; USDA skipped.
wl_089,Salep (Şekersiz),Salep unsweetened,İçecek,any,TURKOMP_OR_RECIPE,false,,,none,recipe_or_turkomp_needed,,,,,,,,,,,,,,,,recipe_or_turkomp_needed,Turkish dish or recipe-based item — TürKomp or ingredient recipe; USDA skipped.
wl_090,Demleme Çay (Büyük Fincan),Brewed tea large cup,İçecek,unsweetened,USDA,false,,,none,no_source_match,,,,,,,,,,,,,,,,manual_review_new_food,No USDA candidates passed strict scoring filters.
wl_091,Cold Brew Kahve,Cold brew coffee,İçecek,unsweetened,USDA,false,,,none,no_source_match,,,,,,,,,,,,,,,,manual_review_new_food,No USDA candidates passed strict scoring filters.
wl_092,Macchiato,Macchiato,İçecek,any,TURKOMP_OR_RECIPE,false,,,none,recipe_or_turkomp_needed,,,,,,,,,,,,,,,,recipe_or_turkomp_needed,Turkish dish or recipe-based item — TürKomp or ingredient recipe; USDA skipped.
wl_093,Cortado,Cortado,İçecek,any,TURKOMP_OR_RECIPE,false,,,none,recipe_or_turkomp_needed,,,,,,,,,,,,,,,,recipe_or_turkomp_needed,Turkish dish or recipe-based item — TürKomp or ingredient recipe; USDA skipped.
wl_094,Affogato,Affogato,İçecek,any,TURKOMP_OR_RECIPE,false,,,none,recipe_or_turkomp_needed,,,,,,,,,,,,,,,,recipe_or_turkomp_needed,Turkish dish or recipe-based item — TürKomp or ingredient recipe; USDA skipped.
wl_095,Sahlep Tozu İçecek,Instant salep drink mix,İçecek,any,OPEN_FOOD_FACTS,false,,,none,open_food_facts_needed,,,,,,,,,,,,,,,,open_food_facts_needed,Packaged/branded product — use Open Food Facts barcode lookup; USDA skipped.
wl_096,Toz İçecek (Portakal),Orange drink powder mix,İçecek,any,OPEN_FOOD_FACTS,false,,,none,open_food_facts_needed,,,,,,,,,,,,,,,,open_food_facts_needed,Packaged/branded product — use Open Food Facts barcode lookup; USDA skipped.
wl_097,Buzlu Çay (Şekersiz),Unsweetened iced tea,İçecek,unsweetened,MANUAL_REVIEW,false,,,none,manual_review_needed,,,,,,,,,,,,,,,,manual_source_needed,Low-coverage or baseline item — manual nutrition review; USDA optional.
wl_098,Bitter Limonata,Bitter lemon drink,İçecek,any,OPEN_FOOD_FACTS,false,,,none,open_food_facts_needed,,,,,,,,,,,,,,,,open_food_facts_needed,Packaged/branded product — use Open Food Facts barcode lookup; USDA skipped.
wl_099,Enerji İçeceği (Şekersiz),Sugar-free energy drink,İçecek,any,OPEN_FOOD_FACTS,false,,,none,open_food_facts_needed,,,,,,,,,,,,,,,,open_food_facts_needed,Packaged/branded product — use Open Food Facts barcode lookup; USDA skipped.
wl_100,Maden Suyu (Meyveli),Flavored sparkling water,İçecek,any,OPEN_FOOD_FACTS,false,,,none,open_food_facts_needed,,,,,,,,,,,,,,,,open_food_facts_needed,Packaged/branded product — use Open Food Facts barcode lookup; USDA skipped.
wl_101,Sıcak Süt,Hot milk,İçecek,whole milk,USDA,false,,,none,no_source_match,,,,,,,,,,,,,,,,manual_review_new_food,No USDA candidates passed strict scoring filters.
wl_102,Zencefil Çayı,Ginger tea,İçecek,unsweetened,MANUAL_REVIEW,false,,,none,manual_review_needed,,,,,,,,,,,,,,,,manual_source_needed,Low-coverage or baseline item — manual nutrition review; USDA optional.
wl_111,Yaban Mersini,Blueberries,Meyve,raw,USDA,false,,,none,can_update_from_usda,6425,"Blueberries, Raw",63.8563,0.7031,14.5718,0.3063,0,0,0,88.5,true,true,true,,,approved_new_food_candidate,Yeni gıda adayı; USDA eşleşmesi onaylandı.
wl_112,Ahududu,Raspberries,Meyve,raw,USDA,true,146,Ahududu,medium,can_update_from_usda,5990,"Raspberries, Raw",57.3375,1.0081,12.9044,0.1875,0,0,0,88.5,true,true,true,,,approved_existing_food_update,Mevcut katalog girdisi (Ahududu) ile USDA eşleşmesi onaylandı; güncelleme adayı.
wl_113,Böğürtlen,Blackberries,Meyve,raw,USDA,true,145,Böğürtlen,medium,wrong_or_weak_match,6464,Raw Blackberry,43,1.39,9.61,0.49,5.3,4.88,1,35,true,true,true,,,approved_existing_food_update,Mevcut katalog girdisi (Böğürtlen) ile USDA eşleşmesi onaylandı; güncelleme adayı.
wl_114,Misket Limonu,Lime,Meyve,raw,USDA,false,,,none,can_update_from_usda,4028,"Limes, Raw",30,0.7,10.54,0.2,2.8,1.69,2,55.1667,true,true,true,,,approved_new_food_candidate,Yeni gıda adayı; USDA eşleşmesi onaylandı.
wl_115,Trabzon Hurması,Persimmon,Meyve,raw,USDA,false,,,none,can_update_from_usda,6168,Raw Japanese Persimmon,70,0.58,18.59,0.19,3.6,12.53,1,88.5,true,true,true,,,approved_new_food_candidate,Yeni gıda adayı; USDA eşleşmesi onaylandı.
wl_116,Çarkıfelek,Passion fruit,Meyve,raw,USDA,false,,,none,can_update_from_usda,6258,Raw Purple Passion Fruit,97,2.2,23.38,0.7,10.4,11.2,28,88.5,true,true,true,,,approved_new_food_candidate,Yeni gıda adayı; USDA eşleşmesi onaylandı.
wl_117,Kuru İncir,Dried figs,Meyve,dried,USDA,false,,,none,can_update_from_usda,2262,Stewed Dried Figs,107,1.42,27.57,0.4,4.2,23.35,4,88.5,true,true,true,,,approved_new_food_candidate,Yeni gıda adayı; USDA eşleşmesi onaylandı.
wl_118,Kuru Erik,Prunes,Meyve,dried,USDA,false,,,none,can_update_from_usda,3420,Dried Prunes,240,2.18,63.88,0.38,7.1,38.13,2,90,true,true,true,,,approved_new_food_candidate,Yeni gıda adayı; USDA eşleşmesi onaylandı.
wl_119,Kızılcık,Cranberries,Meyve,raw,USDA,false,,,none,can_update_from_usda,6405,Raw Cranberries,46,0.46,11.97,0.13,3.6,4.27,2,63.5,true,true,true,,,approved_new_food_candidate,Yeni gıda adayı; USDA eşleşmesi onaylandı.
wl_120,Kestane (Haşlanmış),Chestnuts boiled,Meyve,boiled,USDA,false,,,none,no_source_match,,,,,,,,,,,,,,,,manual_review_new_food,No USDA candidates passed strict scoring filters.
wl_121,Ananas,Pineapple,Meyve,raw,USDA,true,61,Ananas,medium,can_update_from_usda,5998,Raw Pineapple,50,0.54,13.12,0.12,1.4,9.85,1,88.5,true,true,true,,,approved_existing_food_update,Mevcut katalog girdisi (Ananas) ile USDA eşleşmesi onaylandı; güncelleme adayı.
wl_122,Mango,Mango,Meyve,raw,USDA,true,148,Mango,medium,can_update_from_usda,6353,"Ataulfo Mango, Raw, Peeled",78.4665,0.6875,17.3962,0.6813,1.289,0,0,88.5,true,true,true,,,approved_existing_food_update,Mevcut katalog girdisi (Mango) ile USDA eşleşmesi onaylandı; güncelleme adayı.
wl_123,Avokado,Avocado,Meyve,raw,USDA,true,13,Avokado,medium,can_update_from_usda,6009,"Avocado, Raw",160,2,8.53,14.66,6.7,0.66,7,88.5,true,true,true,,,approved_existing_food_update,Mevcut katalog girdisi (Avokado) ile USDA eşleşmesi onaylandı; güncelleme adayı.
wl_124,Greyfurt,Grapefruit,Meyve,raw,USDA,true,64,Greyfurt,medium,can_update_from_usda,534,White Grapefruit,32,0.63,8.19,0.1,0,0,0,88.5,false,true,true,"Aday, istenen jenerik gıdadan daha özel bir varyant olabilir.",,manual_review_existing_food,"Mevcut gıda; USDA adayı yakın ancak varyant uyarısı: Aday, istenen jenerik gıdadan daha özel bir varyant olabilir."
wl_125,Mandalina,Mandarin,Meyve,raw,USDA,true,50,Mandalina,medium,can_update_from_usda,6357,"Mandarin, Raw, Peeled, Seedless",61.9623,1.0394,13.4218,0.4575,1.328,0,0,88.5,true,true,true,,,approved_existing_food_update,Mevcut katalog girdisi (Mandalina) ile USDA eşleşmesi onaylandı; güncelleme adayı.
wl_126,Ayva,Quince,Meyve,raw,USDA,true,142,Ayva,medium,can_update_from_usda,109,"Quince, Raw",57,0.4,15.3,0.1,1.9,0,4,88.5,true,true,true,,,approved_existing_food_update,Mevcut katalog girdisi (Ayva) ile USDA eşleşmesi onaylandı; güncelleme adayı.
wl_127,Dut,Mulberry,Meyve,raw,USDA,true,147,Dut (Taze),strong,wrong_or_weak_match,1799,"Mulberries, Raw",43,1.44,9.8,0.39,1.7,8.1,10,35,true,true,true,,,approved_existing_food_update,Mevcut katalog girdisi (Dut (Taze)) ile USDA eşleşmesi onaylandı; güncelleme adayı.
wl_128,Kuru Üzüm,Raisins,Meyve,dried,USDA,true,151,Kuru Üzüm,exact,can_update_from_usda,5889,Seeded Raisins,296,2.52,78.47,0.54,6.8,0,28,88.5,true,true,true,,,approved_existing_food_update,Mevcut katalog girdisi (Kuru Üzüm) ile USDA eşleşmesi onaylandı; güncelleme adayı.
wl_129,Kuru Kayısı,Dried apricots,Meyve,dried,USDA,false,,,none,no_source_match,,,,,,,,,,,,,,,,manual_review_new_food,No USDA candidates passed strict scoring filters.
wl_130,Hurma,Dates,Meyve,dried,USDA,true,63,Hurma (Medjool),medium,can_update_from_usda,1260,Deglet Noor Dates,282,2.45,75.03,0.39,8,63.35,2,63.5,false,true,true,,,manual_review_existing_food,Mevcut gıda; USDA eşleşmesi tam kesin değil — elle kontrol gerekli.
wl_131,Kavun,Melon,Meyve,raw,USDA,true,54,Kavun,medium,can_update_from_usda,6201,"Cantaloupe Melon, Raw",34,0.82,8.16,0.18,0.8,0,30,88.5,true,true,true,,,approved_existing_food_update,Mevcut katalog girdisi (Kavun) ile USDA eşleşmesi onaylandı; güncelleme adayı.
wl_132,Kiraz,Cherries,Meyve,raw,USDA,true,56,Kiraz,medium,can_update_from_usda,6370,"Sweet Cherries, Raw",70.5425,1.0394,16.1631,0.1925,0,0,0,88.5,true,true,true,,,approved_existing_food_update,Mevcut katalog girdisi (Kiraz) ile USDA eşleşmesi onaylandı; güncelleme adayı.
wl_133,Vişne,Sour cherries,Meyve,raw,USDA,true,144,Vişne,medium,can_update_from_usda,5460,"Sour Cherries, Raw",50,1,12.18,0.3,1.6,8.49,3,88.5,true,true,true,,,approved_existing_food_update,Mevcut katalog girdisi (Vişne) ile USDA eşleşmesi onaylandı; güncelleme adayı.
wl_134,Böğürtlen (Dondurulmuş),Blackberries frozen,Meyve,frozen,USDA,true,145,Böğürtlen,medium,likely_match_manual_check,1753,Frozen Unsweetened Blackberry,64,1.18,15.67,0.43,5,10.67,1,47.5,true,true,true,,,approved_existing_food_update,Mevcut katalog girdisi (Böğürtlen) ile USDA eşleşmesi onaylandı; güncelleme adayı.
wl_135,Muz (Olgun),Banana ripe,Meyve,raw,USDA,true,46,Muz,medium,can_update_from_usda,6262,"Banana, Raw",89,1.09,22.84,0.33,2.6,12.23,1,68.5,true,true,true,,,approved_existing_food_update,Mevcut katalog girdisi (Muz) ile USDA eşleşmesi onaylandı; güncelleme adayı.
wl_136,Elma (Yeşil),Green apple,Meyve,raw,USDA,true,45,Elma,medium,can_update_from_usda,6172,"Apple, Raw, With Skin",52,0.26,13.81,0.17,2.4,10.39,1,74.2143,true,true,true,,,approved_existing_food_update,Mevcut katalog girdisi (Elma) ile USDA eşleşmesi onaylandı; güncelleme adayı.
wl_137,Armut (Williams),Williams pear,Meyve,raw,USDA,true,55,Armut,medium,no_source_match,,,,,,,,,,,,,,,,manual_review_existing_food,Katalogda mevcut; USDA adayı yok veya zayıf. Manuel doğrulama gerekli.
wl_138,Şeftali,Peach,Meyve,raw,USDA,true,141,Şeftali,medium,can_update_from_usda,6504,"Peach, Raw",42,0.91,10.1,0.27,1.5,0,13,88.5,true,true,true,,,approved_existing_food_update,Mevcut katalog girdisi (Şeftali) ile USDA eşleşmesi onaylandı; güncelleme adayı.
wl_139,Nektarin,Nectarine,Meyve,raw,USDA,false,,,none,can_update_from_usda,6266,"Nectarine, Raw",39,1.06,9.18,0.28,1.5,0,13,88.5,true,true,false,,,manual_review_new_food,Yeni gıda; USDA adayı düşük güven veya eksik hizalama.
wl_140,Erik,Plum,Meyve,raw,USDA,true,57,Erik,medium,can_update_from_usda,6132,Raw Plum,46,0.7,11.42,0.28,1.4,9.92,0,88.5,true,true,true,,,approved_existing_food_update,Mevcut katalog girdisi (Erik) ile USDA eşleşmesi onaylandı; güncelleme adayı.
wl_141,Kayısı,Apricot,Meyve,raw,USDA,true,62,Kayısı (Taze),strong,can_update_from_usda,6182,"Apricot, Raw, With Skin",48.445,0.9613,10.2387,0.405,1.51,0,0,88.5,true,true,true,,,approved_existing_food_update,Mevcut katalog girdisi (Kayısı (Taze)) ile USDA eşleşmesi onaylandı; güncelleme adayı.
wl_142,İncir (Taze),Fresh fig,Meyve,raw,USDA,true,58,İncir (Taze),exact,wrong_or_weak_match,6501,Raw Figs,74,0.75,19.18,0.3,2.9,16.26,1,22.5,true,true,true,,,approved_existing_food_update,Mevcut katalog girdisi (İncir (Taze)) ile USDA eşleşmesi onaylandı; güncelleme adayı.
wl_143,Nar,Pomegranate,Meyve,raw,USDA,true,59,Nar,medium,can_update_from_usda,6265,Raw Pomegranate,83,1.67,18.7,1.17,4,13.67,3,88.5,true,true,true,,,approved_existing_food_update,Mevcut katalog girdisi (Nar) ile USDA eşleşmesi onaylandı; güncelleme adayı.
wl_144,Böğürtlen Reçeli Meyvesi,Mixed berries,Meyve,raw,USDA,false,,,none,no_source_match,,,,,,,,,,,,,,,,manual_review_new_food,No USDA candidates passed strict scoring filters.
wl_145,Kuru Dut,Dried mulberry,Meyve,dried,MANUAL_REVIEW,false,,,none,manual_review_needed,,,,,,,,,,,,,,,,manual_source_needed,Low-coverage or baseline item — manual nutrition review; USDA optional.
wl_146,Turp,Radish,Sebze,raw,USDA,false,,,none,can_update_from_usda,5287,"Radish Sprouts, Raw",43,3.81,3.6,2.53,0,0,6,88.5,true,true,true,,,approved_new_food_candidate,Yeni gıda adayı; USDA eşleşmesi onaylandı.
wl_147,Brüksel Lahanası (Haşlanmış),Brussels sprouts boiled,Sebze,boiled,USDA,false,,,none,can_update_from_usda,2340,Boiled without Salt Brussels Sprouts,36,2.55,7.1,0.5,2.6,1.74,21,60,true,true,true,,,approved_new_food_candidate,Yeni gıda adayı; USDA eşleşmesi onaylandı.
wl_148,Kuşkonmaz (Haşlanmış),Asparagus boiled,Sebze,boiled,USDA,false,,,none,no_source_match,,,,,,,,,,,,,,,,manual_review_new_food,No USDA candidates passed strict scoring filters.
wl_149,Bakla (Taze),Fava beans fresh,Sebze,raw,USDA,false,,,none,no_source_match,,,,,,,,,,,,,,,,manual_review_new_food,No USDA candidates passed strict scoring filters.
wl_150,Maydanoz (Taze),Parsley fresh,Sebze,raw,USDA,false,,,none,can_update_from_usda,5213,Fresh Parsley,36,2.97,6.33,0.79,3.3,0.85,56,60,true,true,false,,,manual_review_new_food,Yeni gıda; USDA adayı düşük güven veya eksik hizalama.
wl_151,Dereotu (Taze),Dill fresh,Sebze,raw,USDA,false,,,none,likely_match_manual_check,5209,Fresh Dill,43,3.46,7.02,1.12,2.1,0,61,50,true,true,false,,,manual_review_new_food,Yeni gıda; USDA adayı düşük güven veya eksik hizalama.
wl_152,Kırmızı Lahana (Çiğ),Red cabbage raw,Sebze,raw,USDA,false,,,none,can_update_from_usda,6257,"Red Cabbage, Raw",34.0538,1.2425,6.7899,0.2138,0,0,11.72,81.6667,true,true,true,,,approved_new_food_candidate,Yeni gıda adayı; USDA eşleşmesi onaylandı.
wl_153,Patates (Çiğ),Potato raw,Sebze,raw,USDA,true,76,Patates (Haşlanmış),medium,can_update_from_usda,558,"White Potato, Raw, Flesh and Skin",69,1.68,15.71,0.1,2.4,1.15,16,88.5,true,true,true,,,approved_existing_food_update,Mevcut katalog girdisi (Patates (Haşlanmış)) ile USDA eşleşmesi onaylandı; güncelleme adayı.
wl_154,Nane (Taze),Mint fresh,Sebze,raw,USDA,false,,,none,wrong_or_weak_match,5214,Fresh Peppermint,70,3.75,14.89,0.94,8,0,31,37.5,true,true,false,,,manual_review_new_food,Yeni gıda; USDA adayı düşük güven veya eksik hizalama.
wl_155,Soğan (Kuru),Onion dry,Sebze,raw,USDA,true,152,Soğan (Çiğ),strong,no_source_match,,,,,,,,,,,,,,,,manual_review_existing_food,Katalogda mevcut; USDA adayı yok veya zayıf. Manuel doğrulama gerekli.
wl_156,Roka,Arugula,Sebze,raw,USDA,true,74,Roka,medium,can_update_from_usda,6315,"Arugula, Raw",30.993,1.6487,5.3682,0.325,2.28,0,86.93,88.5,true,true,true,,,approved_existing_food_update,Mevcut katalog girdisi (Roka) ile USDA eşleşmesi onaylandı; güncelleme adayı.
wl_157,Marul (Iceberg),Iceberg lettuce,Sebze,raw,USDA,true,67,Marul,medium,can_update_from_usda,6163,"Iceberg Lettuce, Raw",17.1088,0.7425,3.3687,0.0737,0,0,16.11,88.5,true,true,true,,,approved_existing_food_update,Mevcut katalog girdisi (Marul) ile USDA eşleşmesi onaylandı; güncelleme adayı.
wl_158,Ispanak (Çiğ),Spinach raw,Sebze,raw,USDA,true,17,Ispanak (Çiğ),exact,can_update_from_usda,2181,"Mustard Spinach, Raw",22,2.2,3.9,0.3,2.8,0,21,76,false,false,true,,,manual_review_existing_food,Ispanak (Çiğ) → hardal/su ıspanağı; normal ıspanak gerekli. Mevcut katalog girdisi var (Ispanak (Çiğ)).
wl_159,Ispanak (Haşlanmış),Spinach boiled,Sebze,boiled,USDA,true,17,Ispanak (Çiğ),medium,can_update_from_usda,5367,Boiled Spinach without Salt,23,2.97,3.75,0.26,2.4,0.43,70,60,true,true,true,,,approved_existing_food_update,Mevcut katalog girdisi (Ispanak (Çiğ)) ile USDA eşleşmesi onaylandı; güncelleme adayı.
wl_160,Brokoli (Haşlanmış),Broccoli boiled,Sebze,boiled,USDA,true,69,Brokoli (Haşlanmış),exact,can_update_from_usda,2339,Boiled without Salt Broccoli,35,2.38,7.18,0.41,3.3,1.39,41,60,true,true,true,,,approved_existing_food_update,Mevcut katalog girdisi (Brokoli (Haşlanmış)) ile USDA eşleşmesi onaylandı; güncelleme adayı.
wl_161,Karnabahar (Haşlanmış),Cauliflower boiled,Sebze,boiled,USDA,true,70,Karnabahar (Haşlanmış),exact,can_update_from_usda,2638,"Cauliflower, Boiled without Salt",23,1.84,4.11,0.45,2.3,2.08,15,88.5,true,true,true,,,approved_existing_food_update,Mevcut katalog girdisi (Karnabahar (Haşlanmış)) ile USDA eşleşmesi onaylandı; güncelleme adayı.
wl_162,Bezelye (Haşlanmış),Green peas boiled,Sebze,boiled,USDA,true,78,Bezelye (Haşlanmış),exact,no_source_match,,,,,,,,,,,,,,,,manual_review_existing_food,Katalogda mevcut; USDA adayı yok veya zayıf. Manuel doğrulama gerekli.
wl_163,Mısır (Haşlanmış),Sweet corn boiled,Sebze,boiled,USDA,true,77,Mısır (Haşlanmış),exact,no_source_match,,,,,,,,,,,,,,,,manual_review_existing_food,Katalogda mevcut; USDA adayı yok veya zayıf. Manuel doğrulama gerekli.
wl_164,Patlıcan (Izgara),Eggplant grilled,Sebze,grilled,USDA,true,72,Patlıcan (Izgara),exact,no_source_match,,,,,,,,,,,,,,,,manual_review_existing_food,Katalogda mevcut; USDA adayı yok veya zayıf. Manuel doğrulama gerekli.
wl_165,Kabak (Izgara),Zucchini grilled,Sebze,grilled,USDA,true,71,Kabak,medium,no_source_match,,,,,,,,,,,,,,,,manual_review_existing_food,Katalogda mevcut; USDA adayı yok veya zayıf. Manuel doğrulama gerekli.
wl_166,Biber (Kırmızı Çiğ),Red bell pepper raw,Sebze,raw,USDA,true,163,Biber (Çiğ),strong,can_update_from_usda,6231,"Red Bell Pepper, Raw",31.3256,0.8956,6.6532,0.1256,1.158,0,0,90,true,true,true,,,approved_existing_food_update,Mevcut katalog girdisi (Biber (Çiğ)) ile USDA eşleşmesi onaylandı; güncelleme adayı.
wl_167,Biber (Yeşil Çiğ),Green bell pepper raw,Sebze,raw,USDA,true,163,Biber (Çiğ),strong,can_update_from_usda,6448,"Green Bell Pepper, Raw",22.9291,0.715,4.7781,0.1063,0.9419,0,0,90,true,true,true,,,approved_existing_food_update,Mevcut katalog girdisi (Biber (Çiğ)) ile USDA eşleşmesi onaylandı; güncelleme adayı.
wl_168,Salatalık (Çiğ),Cucumber raw,Sebze,raw,USDA,true,66,Salatalık,medium,can_update_from_usda,6324,"Cucumber, Raw",15.9075,0.625,2.9525,0.1775,0,0,1.515,90,true,true,true,,,approved_existing_food_update,Mevcut katalog girdisi (Salatalık) ile USDA eşleşmesi onaylandı; güncelleme adayı.
wl_169,Domates (Çiğ),Tomato raw,Sebze,raw,USDA,true,65,Domates,medium,likely_match_manual_check,3925,"Red Tomatoes, Raw",18,0.88,3.89,0.2,1.2,2.63,5,47.5,true,true,true,,,approved_existing_food_update,Mevcut katalog girdisi (Domates) ile USDA eşleşmesi onaylandı; güncelleme adayı.
wl_170,Havuç (Çiğ),Carrot raw,Sebze,raw,USDA,true,68,Havuç,medium,can_update_from_usda,2194,"Carrots, Raw",41,0.93,9.58,0.24,2.8,4.74,69,77.5,true,true,true,,,approved_existing_food_update,Mevcut katalog girdisi (Havuç) ile USDA eşleşmesi onaylandı; güncelleme adayı.
wl_171,Havuç (Haşlanmış),Carrot boiled,Sebze,boiled,USDA,true,68,Havuç,medium,likely_match_manual_check,2193,"Carrots, Boiled without Salt",35,0.76,8.22,0.18,3,3.45,58,47.5,true,true,true,,,approved_existing_food_update,Mevcut katalog girdisi (Havuç) ile USDA eşleşmesi onaylandı; güncelleme adayı.
wl_172,Kereviz (Çiğ),Celery raw,Sebze,raw,USDA,true,155,Kereviz,medium,can_update_from_usda,6210,"Celery, Raw",16.6973,0.4922,3.3165,0.1625,0,0,97.21,90,true,true,true,,,approved_existing_food_update,Mevcut katalog girdisi (Kereviz) ile USDA eşleşmesi onaylandı; güncelleme adayı.
wl_173,Pırasa (Haşlanmış),Leek boiled,Sebze,boiled,USDA,true,156,Pırasa,medium,no_source_match,,,,,,,,,,,,,,,,manual_review_existing_food,Katalogda mevcut; USDA adayı yok veya zayıf. Manuel doğrulama gerekli.
wl_174,Mantar (Beyaz Çiğ),White mushrooms raw,Sebze,raw,USDA,true,75,Mantar (Beyaz),medium,no_source_match,,,,,,,,,,,,,,,,manual_review_existing_food,Katalogda mevcut; USDA adayı yok veya zayıf. Manuel doğrulama gerekli.
wl_175,Mantar (Izgara),Mushrooms grilled,Sebze,grilled,USDA,true,75,Mantar (Beyaz),medium,no_source_match,,,,,,,,,,,,,,,,manual_review_existing_food,Katalogda mevcut; USDA adayı yok veya zayıf. Manuel doğrulama gerekli.
wl_176,Patates (Fırın),Potato baked,Sebze,baked,USDA,true,76,Patates (Haşlanmış),strong,can_update_from_usda,557,"White Potato, Baked, Flesh and Skin",92,2.1,21.08,0.15,2.1,1.53,7,76,true,true,true,,,approved_existing_food_update,Mevcut katalog girdisi (Patates (Haşlanmış)) ile USDA eşleşmesi onaylandı; güncelleme adayı.
wl_177,Tatlı Patates (Fırın),Sweet potato baked,Sebze,baked,USDA,true,18,Tatlı Patates,medium,likely_match_manual_check,5358,Baked Sweet Potato Flesh without Salt,90,2.01,20.71,0.15,3.3,6.48,36,51.6667,true,true,true,,,approved_existing_food_update,Mevcut katalog girdisi (Tatlı Patates) ile USDA eşleşmesi onaylandı; güncelleme adayı.
wl_178,Enginar (Haşlanmış),Artichoke boiled,Sebze,boiled,USDA,true,157,Enginar,medium,can_update_from_usda,2315,"Artichoke, Boiled, No Salt, Drained",53,2.89,11.95,0.34,5.7,0.99,60,88.5,true,true,true,,,approved_existing_food_update,Mevcut katalog girdisi (Enginar) ile USDA eşleşmesi onaylandı; güncelleme adayı.
wl_179,Semizotu,Purslane,Sebze,raw,USDA,true,159,Semizotu,medium,can_update_from_usda,4824,"Purslane, Raw",20,2.03,3.39,0.36,0,0,45,88.5,true,true,true,,,approved_existing_food_update,Mevcut katalog girdisi (Semizotu) ile USDA eşleşmesi onaylandı; güncelleme adayı.
wl_180,Pancar (Haşlanmış),Beet boiled,Sebze,boiled,USDA,false,,,none,likely_match_manual_check,2324,Boiled Beets,44,1.68,9.96,0.18,2,7.96,77,47.5,true,true,true,,,approved_new_food_candidate,Yeni gıda adayı; USDA eşleşmesi onaylandı.
wl_181,Lahana (Çiğ),Cabbage raw,Sebze,raw,USDA,true,154,Lahana (Beyaz),medium,can_update_from_usda,6026,"Green Cabbage, Raw",31.4275,0.9613,6.3838,0.2275,0,0,16.1,88.5,true,true,true,,,approved_existing_food_update,Mevcut katalog girdisi (Lahana (Beyaz)) ile USDA eşleşmesi onaylandı; güncelleme adayı.
wl_182,Sarımsak (Çiğ),Garlic raw,Sebze,raw,USDA,true,153,Sarımsak,medium,can_update_from_usda,6335,"Garlic, Raw",143,6.62,28.2,0.38,2.7,0,0,90,true,true,true,,,approved_existing_food_update,Mevcut katalog girdisi (Sarımsak) ile USDA eşleşmesi onaylandı; güncelleme adayı.
wl_183,Zencefil (Taze),Ginger root fresh,Sebze,raw,USDA,false,,,none,no_source_match,,,,,,,,,,,,,,,,manual_review_new_food,No USDA candidates passed strict scoring filters.
wl_184,Fesleğen (Taze),Basil fresh,Sebze,raw,USDA,false,,,none,likely_match_manual_check,5210,Fresh Basil,23,3.15,2.65,0.64,1.6,0.3,4,50,true,true,false,,,manual_review_new_food,Yeni gıda; USDA adayı düşük güven veya eksik hizalama.
wl_185,Kekik (Taze),Thyme fresh,Sebze,raw,USDA,false,,,none,likely_match_manual_check,5211,Fresh Thyme,101,5.56,24.45,1.68,14,0,9,50,true,true,false,,,manual_review_new_food,Yeni gıda; USDA adayı düşük güven veya eksik hizalama.
wl_186,Taze Fasulye (Haşlanmış),Green beans boiled,Sebze,boiled,USDA,true,160,Taze Fasulye,strong,no_source_match,,,,,,,,,,,,,,,,manual_review_existing_food,Katalogda mevcut; USDA adayı yok veya zayıf. Manuel doğrulama gerekli.
wl_187,Bamya (Haşlanmış),Okra boiled,Sebze,boiled,USDA,true,158,Bamya (Haşlanmış),exact,no_source_match,,,,,,,,,,,,,,,,manual_review_existing_food,Katalogda mevcut; USDA adayı yok veya zayıf. Manuel doğrulama gerekli.
wl_188,Pırasa (Çiğ),Leek raw,Sebze,raw,USDA,true,156,Pırasa,medium,can_update_from_usda,4693,"Leeks, Raw",61,1.5,14.15,0.3,1.8,3.9,20,77.5,true,true,true,,,approved_existing_food_update,Mevcut katalog girdisi (Pırasa) ile USDA eşleşmesi onaylandı; güncelleme adayı.
wl_189,Turp Yaprağı,Radish greens,Sebze,raw,USDA,false,,,none,no_source_match,,,,,,,,,,,,,,,,manual_review_new_food,No USDA candidates passed strict scoring filters.
wl_190,Kabak (Çiğ),Zucchini raw,Sebze,raw,USDA,true,71,Kabak,medium,can_update_from_usda,6181,"Zucchini, Raw, With Skin",19,0.9844,3.27,0.205,0.7525,0,0,88.5,true,true,true,,,approved_existing_food_update,Mevcut katalog girdisi (Kabak) ile USDA eşleşmesi onaylandı; güncelleme adayı.
wl_191,Uskumru (Izgara),Mackerel grilled,Et / Tavuk / Balık,grilled,USDA,false,,,none,no_source_match,,,,,,,,,,,,,,,,manual_review_new_food,No USDA candidates passed strict scoring filters.
wl_192,Sardalya (Izgara),Sardine grilled,Et / Tavuk / Balık,grilled,USDA,false,,,none,no_source_match,,,,,,,,,,,,,,,,manual_review_new_food,No USDA candidates passed strict scoring filters.
wl_193,Kalamar (Izgara),Calamari grilled,Et / Tavuk / Balık,grilled,USDA,false,,,none,no_source_match,,,,,,,,,,,,,,,,manual_review_new_food,No USDA candidates passed strict scoring filters.
wl_194,Dana Antrikot (Izgara),Beef ribeye grilled,Et / Tavuk / Balık,grilled,USDA,false,,,none,no_source_match,,,,,,,,,,,,,,,,manual_review_new_food,No USDA candidates passed strict scoring filters.
wl_195,Hindi Budu (Fırın),Turkey leg roasted,Et / Tavuk / Balık,baked,USDA,false,,,none,no_source_match,,,,,,,,,,,,,,,,manual_review_new_food,No USDA candidates passed strict scoring filters.
wl_196,Ahtapot (Haşlanmış),Octopus boiled,Et / Tavuk / Balık,boiled,USDA,false,,,none,no_source_match,,,,,,,,,,,,,,,,manual_review_new_food,No USDA candidates passed strict scoring filters.
wl_197,Levrek (Izgara),Sea bass grilled,Et / Tavuk / Balık,grilled,USDA,true,85,Levrek (Izgara),exact,no_source_match,,,,,,,,,,,,,,,,manual_review_existing_food,Katalogda mevcut; USDA adayı yok veya zayıf. Manuel doğrulama gerekli.
wl_198,Çipura (Izgara),Sea bream grilled,Et / Tavuk / Balık,grilled,USDA,false,,,none,no_source_match,,,,,,,,,,,,,,,,manual_review_new_food,No USDA candidates passed strict scoring filters.
wl_199,Somon (Fırın),Salmon baked,Et / Tavuk / Balık,baked,USDA,true,11,Somon (Izgara),strong,no_source_match,,,,,,,,,,,,,,,,manual_review_existing_food,Katalogda mevcut; USDA adayı yok veya zayıf. Manuel doğrulama gerekli.
wl_200,Ton Balığı (Izgara),Tuna steak grilled,Et / Tavuk / Balık,grilled,USDA,true,84,"Ton Balığı (Konserve, Suda)",medium,no_source_match,,,,,,,,,,,,,,,,manual_review_existing_food,Katalogda mevcut; USDA adayı yok veya zayıf. Manuel doğrulama gerekli.
wl_201,Karides (Haşlanmış),Shrimp boiled,Et / Tavuk / Balık,boiled,USDA,true,88,Karides (Haşlanmış),exact,no_source_match,,,,,,,,,,,,,,,,manual_review_existing_food,Katalogda mevcut; USDA adayı yok veya zayıf. Manuel doğrulama gerekli.
wl_202,Midye (Haşlanmış),Mussels boiled,Et / Tavuk / Balık,boiled,USDA,false,,,none,no_source_match,,,,,,,,,,,,,,,,manual_review_new_food,No USDA candidates passed strict scoring filters.
wl_203,Tavuk Göğsü (Izgara),Chicken breast grilled,Et / Tavuk / Balık,grilled,USDA,true,2,Tavuk Göğsü (Izgara),exact,can_update_from_usda,1276,"Chicken Breast, Skinless, Boneless, Grilled",151,30.54,0,3.17,0,0,52,55,true,true,true,,,approved_existing_food_update,Mevcut katalog girdisi (Tavuk Göğsü (Izgara)) ile USDA eşleşmesi onaylandı; güncelleme adayı.
wl_204,Tavuk But (Fırın),Chicken thigh roasted,Et / Tavuk / Balık,baked,USDA,false,,,none,wrong_or_weak_match,2031,Roasted with Skin Chicken Thigh,232,23.26,0,14.71,0,0,102,38.3333,true,true,true,,,approved_new_food_candidate,Yeni gıda adayı; USDA eşleşmesi onaylandı.
wl_205,Dana Biftek (Izgara),Beef steak grilled,Et / Tavuk / Balık,grilled,USDA,true,79,Dana Biftek (Izgara),exact,no_source_match,,,,,,,,,,,,,,,,manual_review_existing_food,Katalogda mevcut; USDA adayı yok veya zayıf. Manuel doğrulama gerekli.
wl_206,Dana Kıyma (Pişmiş),Ground beef cooked,Et / Tavuk / Balık,cooked,USDA,true,81,Dana Kıyma (%15 Yağ),medium,can_update_from_usda,4516,"Ground Beef, Cooked",240,25.07,0.62,14.53,0,0,85,85,true,true,true,,,approved_existing_food_update,Mevcut katalog girdisi (Dana Kıyma (%15 Yağ)) ile USDA eşleşmesi onaylandı; güncelleme adayı.
wl_207,Kuzu Pirzola (Izgara),Lamb chop grilled,Et / Tavuk / Balık,grilled,USDA,true,80,Kuzu Pirzola (Izgara),exact,no_source_match,,,,,,,,,,,,,,,,manual_review_existing_food,Katalogda mevcut; USDA adayı yok veya zayıf. Manuel doğrulama gerekli.
wl_208,Hindi Göğsü (Fırın),Turkey breast roasted,Et / Tavuk / Balık,baked,USDA,true,82,Hindi Göğsü (Izgara),strong,no_source_match,,,,,,,,,,,,,,,,manual_review_existing_food,Katalogda mevcut; USDA adayı yok veya zayıf. Manuel doğrulama gerekli.
wl_209,Yumurta (Haşlanmış),Egg boiled,Et / Tavuk / Balık,boiled,USDA,true,173,Yumurta (Çiğ),medium,can_update_from_usda,2256,Hard-Boiled Whole Egg,155,12.58,1.12,10.61,0,1.12,124,55,true,true,true,,,approved_existing_food_update,Mevcut katalog girdisi (Yumurta (Çiğ)) ile USDA eşleşmesi onaylandı; güncelleme adayı.
wl_210,Yumurta (Sahanda),Egg fried,Et / Tavuk / Balık,fried,USDA,true,173,Yumurta (Çiğ),medium,likely_match_manual_check,3961,Fried Whole Egg,196,13.61,0.83,14.84,0,0.4,207,42.5,true,true,true,,,approved_existing_food_update,Mevcut katalog girdisi (Yumurta (Çiğ)) ile USDA eşleşmesi onaylandı; güncelleme adayı.
wl_211,Yumurta Akı,Egg white,Et / Tavuk / Balık,raw,USDA,false,,,none,can_update_from_usda,5799,Egg White,55,10.7,2.36,0,0,0,0,85,false,true,true,,,manual_review_new_food,Yeni gıda; USDA adayı düşük güven veya eksik hizalama.
wl_212,Yumurta Sarısı,Egg yolk,Et / Tavuk / Balık,raw,USDA,false,,,none,can_update_from_usda,5803,Egg Yolk,334,16.2,1.02,28.8,0,0,0,85,false,true,true,,,manual_review_new_food,Yeni gıda; USDA adayı düşük güven veya eksik hizalama.
wl_213,Pastırma,Pastirma cured beef,Et / Tavuk / Balık,any,TURKOMP_OR_RECIPE,true,91,Pastırma,exact,recipe_or_turkomp_needed,,,,,,,,,,,,,,,,recipe_or_turkomp_needed,Turkish dish or recipe-based item — TürKomp or ingredient recipe; USDA skipped.
wl_214,Sucuk (Çiğ),Sucuk raw,Et / Tavuk / Balık,any,TURKOMP_OR_RECIPE,true,92,Sucuk,medium,recipe_or_turkomp_needed,,,,,,,,,,,,,,,,recipe_or_turkomp_needed,Turkish dish or recipe-based item — TürKomp or ingredient recipe; USDA skipped.
wl_215,Sosis (Pişmiş),Sausage cooked,Et / Tavuk / Balık,cooked,OPEN_FOOD_FACTS,true,135,Sosis (Dana),medium,open_food_facts_needed,,,,,,,,,,,,,,,,open_food_facts_needed,Packaged/branded product — use Open Food Facts barcode lookup; USDA skipped.
wl_216,Hindi Füme,Smoked turkey,Et / Tavuk / Balık,any,OPEN_FOOD_FACTS,false,,,none,open_food_facts_needed,,,,,,,,,,,,,,,,open_food_facts_needed,Packaged/branded product — use Open Food Facts barcode lookup; USDA skipped.
wl_217,Balık Köfte (Ev),Homemade fish patty,Et / Tavuk / Balık,any,TURKOMP_OR_RECIPE,false,,,none,recipe_or_turkomp_needed,,,,,,,,,,,,,,,,recipe_or_turkomp_needed,Turkish dish or recipe-based item — TürKomp or ingredient recipe; USDA skipped.
wl_218,Mezgit (Izgara),Whiting grilled,Et / Tavuk / Balık,grilled,USDA,false,,,none,no_source_match,,,,,,,,,,,,,,,,manual_review_new_food,No USDA candidates passed strict scoring filters.
wl_219,Hamsi (Izgara),Anchovy grilled,Et / Tavuk / Balık,grilled,USDA,true,87,Hamsi (Kızartma),strong,no_source_match,,,,,,,,,,,,,,,,manual_review_existing_food,Katalogda mevcut; USDA adayı yok veya zayıf. Manuel doğrulama gerekli.
wl_220,Palamut (Izgara),Bonito grilled,Et / Tavuk / Balık,grilled,USDA,false,,,none,no_source_match,,,,,,,,,,,,,,,,manual_review_new_food,No USDA candidates passed strict scoring filters.
wl_221,Dana Bonfile (Izgara),Beef tenderloin grilled,Et / Tavuk / Balık,grilled,USDA,false,,,none,no_source_match,,,,,,,,,,,,,,,,manual_review_new_food,No USDA candidates passed strict scoring filters.
wl_222,Tavuk Kanat (Fırın),Chicken wings baked,Et / Tavuk / Balık,baked,USDA,true,83,Tavuk Kanat (Fırın),exact,no_source_match,,,,,,,,,,,,,,,,manual_review_existing_food,Katalogda mevcut; USDA adayı yok veya zayıf. Manuel doğrulama gerekli.
wl_223,Hindi Sosis,Turkey sausage,Et / Tavuk / Balık,any,OPEN_FOOD_FACTS,false,,,none,open_food_facts_needed,,,,,,,,,,,,,,,,open_food_facts_needed,Packaged/branded product — use Open Food Facts barcode lookup; USDA skipped.
wl_224,Köfte (Izgara),Grilled meatballs,Et / Tavuk / Balık,grilled,TURKOMP_OR_RECIPE,true,180,Köfte (Ev Yapımı),medium,recipe_or_turkomp_needed,,,,,,,,,,,,,,,,recipe_or_turkomp_needed,Turkish dish or recipe-based item — TürKomp or ingredient recipe; USDA skipped.
wl_225,Ciğer (Izgara),Liver grilled,Et / Tavuk / Balık,grilled,USDA,true,181,Ciğer (Kızartma),strong,no_source_match,,,,,,,,,,,,,,,,manual_review_existing_food,Katalogda mevcut; USDA adayı yok veya zayıf. Manuel doğrulama gerekli.
wl_226,Ricotta Peyniri,Ricotta cheese,Süt Ürünleri,any,USDA,false,,,none,can_update_from_usda,5113,"Ricotta Cheese, Whole Milk",157,7.81,6.86,11,0,0,105,83.5,true,true,true,,,approved_new_food_candidate,Yeni gıda adayı; USDA eşleşmesi onaylandı.
wl_227,Parmesan Peyniri,Parmesan cheese,Süt Ürünleri,any,USDA,false,,,none,can_update_from_usda,4333,Parmesan Cheese,421,29.6,12.4,28,0,0,1750,85,true,true,true,,,approved_new_food_candidate,Yeni gıda adayı; USDA eşleşmesi onaylandı.
wl_228,Peynir (Tulum),Tulum cheese,Süt Ürünleri,any,TURKOMP_OR_RECIPE,false,,,none,recipe_or_turkomp_needed,,,,,,,,,,,,,,,,recipe_or_turkomp_needed,Turkish dish or recipe-based item — TürKomp or ingredient recipe; USDA skipped.
wl_229,Kaşar Peyniri,Kashar cheese,Süt Ürünleri,any,USDA,true,93,Kaşar Peyniri,exact,no_source_match,,,,,,,,,,,,,,,,manual_review_existing_food,Katalogda mevcut; USDA adayı yok veya zayıf. Manuel doğrulama gerekli.
wl_230,Beyaz Peynir,White brined cheese,Süt Ürünleri,any,TURKOMP_OR_RECIPE,true,22,Beyaz Peynir,exact,recipe_or_turkomp_needed,,,,,,,,,,,,,,,,recipe_or_turkomp_needed,Turkish dish or recipe-based item — TürKomp or ingredient recipe; USDA skipped.
wl_231,Lor Peyniri,Curd cheese,Süt Ürünleri,any,TURKOMP_OR_RECIPE,true,19,Lor Peyniri,exact,recipe_or_turkomp_needed,,,,,,,,,,,,,,,,recipe_or_turkomp_needed,Turkish dish or recipe-based item — TürKomp or ingredient recipe; USDA skipped.
wl_232,Labne,Labneh,Süt Ürünleri,any,TURKOMP_OR_RECIPE,true,94,Labne,exact,recipe_or_turkomp_needed,,,,,,,,,,,,,,,,recipe_or_turkomp_needed,Turkish dish or recipe-based item — TürKomp or ingredient recipe; USDA skipped.
wl_233,Krem Peynir,Cream cheese,Süt Ürünleri,any,USDA,true,169,Krem Peynir,exact,can_update_from_usda,3387,Cream Cheese,350,6.15,5.52,34.44,0,3.76,314,85,true,true,true,,,approved_existing_food_update,Mevcut katalog girdisi (Krem Peynir) ile USDA eşleşmesi onaylandı; güncelleme adayı.
wl_234,Mozzarella,Mozzarella cheese,Süt Ürünleri,any,USDA,true,170,Mozzarella,exact,can_update_from_usda,1814,Low-Moisture Whole Milk Mozzarella,318,21.6,2.47,24.64,0,1.01,710,30,true,true,true,,,approved_existing_food_update,Mevcut katalog girdisi (Mozzarella) ile USDA eşleşmesi onaylandı; güncelleme adayı.
wl_235,Cheddar Peyniri,Cheddar cheese,Süt Ürünleri,any,USDA,false,,,none,can_update_from_usda,811,Cheddar Cheese,408,23.3,2.44,34,0,0,654,85,true,true,true,,,approved_new_food_candidate,Yeni gıda adayı; USDA eşleşmesi onaylandı.
wl_236,Yoğurt (Tam Yağlı),Yogurt whole milk plain,Süt Ürünleri,whole milk,USDA,true,14,Yoğurt (Tam Yağlı),exact,can_update_from_usda,5114,Whole Milk Plain Yogurt,77.9524,3.8242,5.5749,4.484,0,0,41.78,55,true,true,true,,,approved_existing_food_update,Mevcut katalog girdisi (Yoğurt (Tam Yağlı)) ile USDA eşleşmesi onaylandı; güncelleme adayı.
wl_237,Yoğurt (Yağsız),Yogurt nonfat plain,Süt Ürünleri,skim milk,USDA,true,14,Yoğurt (Tam Yağlı),medium,can_update_from_usda,5648,Nonfat Plain Yogurt,50.0015,4.2268,8.0768,0.0875,0,0,51.48,55,true,true,true,,,approved_existing_food_update,Mevcut katalog girdisi (Yoğurt (Tam Yağlı)) ile USDA eşleşmesi onaylandı; güncelleme adayı.
wl_238,Greek Yoğurt,Greek yogurt plain,Süt Ürünleri,any,USDA,false,,,none,can_update_from_usda,177,Lowfat Plain Greek Yogurt,73,9.95,3.94,1.92,0,3.56,34,55,true,true,true,,,approved_new_food_candidate,Yeni gıda adayı; USDA eşleşmesi onaylandı.
wl_239,Kaymak,Clotted cream,Süt Ürünleri,any,TURKOMP_OR_RECIPE,true,168,Kaymak,exact,recipe_or_turkomp_needed,,,,,,,,,,,,,,,,recipe_or_turkomp_needed,Turkish dish or recipe-based item — TürKomp or ingredient recipe; USDA skipped.
wl_240,Tereyağı,Butter,Süt Ürünleri,any,USDA,true,97,Tereyağı,exact,can_update_from_usda,235,"Almond Butter, Salted",614,20.96,18.82,55.5,10.3,6.27,227,66.8333,false,false,true,,,manual_review_existing_food,Tereyağı → fındık/fıstık ezmesi; süt yağı değil. Mevcut katalog girdisi var (Tereyağı).
wl_241,Krema (Sıvı),Heavy cream,Süt Ürünleri,any,USDA,true,98,Krema (%35),strong,no_source_match,,,,,,,,,,,,,,,,manual_review_existing_food,Katalogda mevcut; USDA adayı yok veya zayıf. Manuel doğrulama gerekli.
wl_242,Süzme Peynir,Cottage cheese,Süt Ürünleri,any,USDA,false,,,none,can_update_from_usda,145,"Low-Fat Cottage Cheese, 1%",72,12.39,2.72,1.02,0,2.72,406,58.5,true,true,true,,,approved_new_food_candidate,Yeni gıda adayı; USDA eşleşmesi onaylandı.
wl_243,Hellim Peyniri (Izgara),Halloumi grilled,Süt Ürünleri,grilled,TURKOMP_OR_RECIPE,false,,,none,recipe_or_turkomp_needed,,,,,,,,,,,,,,,,recipe_or_turkomp_needed,Turkish dish or recipe-based item — TürKomp or ingredient recipe; USDA skipped.
wl_244,Dil Peyniri,String cheese,Süt Ürünleri,any,OPEN_FOOD_FACTS,false,,,none,open_food_facts_needed,,,,,,,,,,,,,,,,open_food_facts_needed,Packaged/branded product — use Open Food Facts barcode lookup; USDA skipped.
wl_245,Ayran Yoğurt Bazlı,Plain yogurt drink base,Süt Ürünleri,any,TURKOMP_OR_RECIPE,false,,,none,recipe_or_turkomp_needed,,,,,,,,,,,,,,,,recipe_or_turkomp_needed,Turkish dish or recipe-based item — TürKomp or ingredient recipe; USDA skipped.
wl_246,Kefir (Sade),Kefir plain,Süt Ürünleri,any,USDA,true,95,Kefir,strong,no_source_match,,,,,,,,,,,,,,,,manual_review_existing_food,Katalogda mevcut; USDA adayı yok veya zayıf. Manuel doğrulama gerekli.
wl_247,Süt Tozu,Powdered milk,Süt Ürünleri,any,OPEN_FOOD_FACTS,false,,,none,open_food_facts_needed,,,,,,,,,,,,,,,,open_food_facts_needed,Packaged/branded product — use Open Food Facts barcode lookup; USDA skipped.
wl_248,Peynir Altı Suyu,Whey,Süt Ürünleri,any,USDA,false,,,none,likely_match_manual_check,71,"Acid Whey, Dried",339,11.73,73.45,0.54,0,73.45,968,45,true,false,true,,,reject_wrong_usda_match,"USDA adayında istenmeyen ürün tipi: ""tozu"". Alternatif USDA adayı da uygun değil."
wl_249,Kakao Süt Tozu Karışım,Chocolate milk powder,Süt Ürünleri,any,OPEN_FOOD_FACTS,false,,,none,open_food_facts_needed,,,,,,,,,,,,,,,,open_food_facts_needed,Packaged/branded product — use Open Food Facts barcode lookup; USDA skipped.
wl_250,Vegan Peynir,Vegan cheese,Süt Ürünleri,any,OPEN_FOOD_FACTS,false,,,none,open_food_facts_needed,,,,,,,,,,,,,,,,open_food_facts_needed,Packaged/branded product — use Open Food Facts barcode lookup; USDA skipped.
wl_251,Pirinç (Çiğ Beyaz),White rice raw,Tahıl / Ekmek / Makarna,raw,USDA,false,,,none,can_update_from_usda,6027,"White Rice, Raw",358.705,7.0389,80.3131,1.033,0.1488,0,0.4625,85,true,true,true,,,approved_new_food_candidate,Yeni gıda adayı; USDA eşleşmesi onaylandı.
wl_252,Pirinç (Haşlanmış),White rice cooked,Tahıl / Ekmek / Makarna,cooked,USDA,false,,,none,no_source_match,,,,,,,,,,,,,,,,manual_review_new_food,No USDA candidates passed strict scoring filters.
wl_253,Bulgur (Kuru),Bulgur dry,Tahıl / Ekmek / Makarna,raw,USDA,false,,,none,can_update_from_usda,3550,"Bulgur, Dry, Raw",372.341,11.7562,75.8817,2.421,11.72,0,2.18,83.5,true,true,true,,,approved_new_food_candidate,Yeni gıda adayı; USDA eşleşmesi onaylandı.
wl_254,Bulgur (Haşlanmış),Bulgur cooked,Tahıl / Ekmek / Makarna,cooked,USDA,false,,,none,wrong_or_weak_match,4621,Cooked Bulgur,83,3.08,18.58,0.24,4.5,0.1,5,38.3333,true,true,true,,,approved_new_food_candidate,Yeni gıda adayı; USDA eşleşmesi onaylandı.
wl_255,Makarna (Çiğ),Pasta dry,Tahıl / Ekmek / Makarna,raw,USDA,true,34,Makarna (Haşlanmış),medium,wrong_or_weak_match,3511,Dry Pasta,371,13.04,74.67,1.51,3.2,2.67,6,7.5,true,true,true,,,approved_existing_food_update,Mevcut katalog girdisi (Makarna (Haşlanmış)) ile USDA eşleşmesi onaylandı; güncelleme adayı.
wl_256,Makarna (Haşlanmış),Pasta cooked,Tahıl / Ekmek / Makarna,cooked,USDA,true,34,Makarna (Haşlanmış),exact,can_update_from_usda,5815,"Homemade Egg Pasta, Cooked",130,5.28,23.54,1.74,0,0,83,71,true,true,true,,,approved_existing_food_update,Mevcut katalog girdisi (Makarna (Haşlanmış)) ile USDA eşleşmesi onaylandı; güncelleme adayı.
wl_257,Tam Buğday Ekmeği,Whole wheat bread,Tahıl / Ekmek / Makarna,any,USDA,false,,,none,can_update_from_usda,5083,Whole Wheat Bread,254,12.3,43.1,3.55,6,0,450,85,true,true,true,,,approved_new_food_candidate,Yeni gıda adayı; USDA eşleşmesi onaylandı.
wl_258,Beyaz Ekmek,White bread,Tahıl / Ekmek / Makarna,any,USDA,true,99,Beyaz Ekmek,exact,can_update_from_usda,532,White Bread,270,9.43,49.2,3.59,2.3,0,477,85,true,true,true,,,approved_existing_food_update,Mevcut katalog girdisi (Beyaz Ekmek) ile USDA eşleşmesi onaylandı; güncelleme adayı.
wl_259,Simit,Simit bread ring,Tahıl / Ekmek / Makarna,any,TURKOMP_OR_RECIPE,true,21,Simit,exact,recipe_or_turkomp_needed,,,,,,,,,,,,,,,,recipe_or_turkomp_needed,Turkish dish or recipe-based item — TürKomp or ingredient recipe; USDA skipped.
wl_260,Lavaş,Lavash flatbread,Tahıl / Ekmek / Makarna,any,TURKOMP_OR_RECIPE,true,101,Lavaş,exact,recipe_or_turkomp_needed,,,,,,,,,,,,,,,,recipe_or_turkomp_needed,Turkish dish or recipe-based item — TürKomp or ingredient recipe; USDA skipped.
wl_261,Pide (Beyaz),Turkish pide bread,Tahıl / Ekmek / Makarna,any,TURKOMP_OR_RECIPE,true,29,Pide (Kaşarlı),strong,recipe_or_turkomp_needed,,,,,,,,,,,,,,,,recipe_or_turkomp_needed,Turkish dish or recipe-based item — TürKomp or ingredient recipe; USDA skipped.
wl_262,Yulaf Ezmesi (Kuru),Rolled oats dry,Tahıl / Ekmek / Makarna,raw,USDA,true,3,Yulaf Ezmesi,medium,no_source_match,,,,,,,,,,,,,,,,manual_review_existing_food,Katalogda mevcut; USDA adayı yok veya zayıf. Manuel doğrulama gerekli.
wl_263,Yulaf Lapası (Pişmiş),Oatmeal cooked,Tahıl / Ekmek / Makarna,cooked,USDA,false,,,none,no_source_match,,,,,,,,,,,,,,,,manual_review_new_food,No USDA candidates passed strict scoring filters.
wl_264,Mısır Gevreği (Sade),Corn flakes plain,Tahıl / Ekmek / Makarna,any,OPEN_FOOD_FACTS,true,103,Mısır Gevreği,strong,open_food_facts_needed,,,,,,,,,,,,,,,,open_food_facts_needed,Packaged/branded product — use Open Food Facts barcode lookup; USDA skipped.
wl_265,Granola,Granola,Tahıl / Ekmek / Makarna,any,OPEN_FOOD_FACTS,true,104,Granola,exact,open_food_facts_needed,,,,,,,,,,,,,,,,open_food_facts_needed,Packaged/branded product — use Open Food Facts barcode lookup; USDA skipped.
wl_266,Kinoa (Haşlanmış),Quinoa cooked,Tahıl / Ekmek / Makarna,cooked,USDA,true,12,Kinoa,medium,can_update_from_usda,2970,"Quinoa, Cooked",120,4.4,21.3,1.92,2.8,0.87,7,72.5,true,true,true,,,approved_existing_food_update,Mevcut katalog girdisi (Kinoa) ile USDA eşleşmesi onaylandı; güncelleme adayı.
wl_267,Kuskus (Haşlanmış),Couscous cooked,Tahıl / Ekmek / Makarna,cooked,USDA,false,,,none,no_source_match,,,,,,,,,,,,,,,,manual_review_new_food,No USDA candidates passed strict scoring filters.
wl_268,İrmik (Kuru),Semolina dry,Tahıl / Ekmek / Makarna,raw,USDA,false,,,none,no_source_match,,,,,,,,,,,,,,,,manual_review_new_food,No USDA candidates passed strict scoring filters.
wl_269,Yulaf Unu,Oat flour,Tahıl / Ekmek / Makarna,raw,USDA,false,,,none,can_update_from_usda,5790,Oat Flour,404,14.66,65.7,9.12,6.5,0.8,19,85,false,true,true,,,manual_review_new_food,Yeni gıda; USDA adayı düşük güven veya eksik hizalama.
wl_270,Mısır Unu,Corn flour,Tahıl / Ekmek / Makarna,raw,USDA,false,,,none,can_update_from_usda,4254,Corn Flour,364,6.2,80.8,1.74,4.3,0,0,85,false,true,true,,,manual_review_new_food,Yeni gıda; USDA adayı düşük güven veya eksik hizalama.
wl_271,Buğday Unu (Beyaz),Wheat flour white,Tahıl / Ekmek / Makarna,raw,USDA,false,,,none,no_source_match,,,,,,,,,,,,,,,,manual_review_new_food,No USDA candidates passed strict scoring filters.
wl_272,Tam Buğday Unu,Whole wheat flour,Tahıl / Ekmek / Makarna,raw,USDA,false,,,none,can_update_from_usda,5092,Whole Wheat Flour,370,15.1,71.2,2.73,10.6,0,3,85,false,true,true,,,manual_review_new_food,Yeni gıda; USDA adayı düşük güven veya eksik hizalama.
wl_273,Galeta Unu,Breadcrumbs,Tahıl / Ekmek / Makarna,any,USDA,false,,,none,can_update_from_usda,2085,Bread Crumbs,266,8.85,49.42,3.33,2.7,5.67,490,68.3333,true,true,true,,,approved_new_food_candidate,Yeni gıda adayı; USDA eşleşmesi onaylandı.
wl_274,Mısır Ekmeği,Cornbread,Tahıl / Ekmek / Makarna,any,TURKOMP_OR_RECIPE,false,,,none,recipe_or_turkomp_needed,,,,,,,,,,,,,,,,recipe_or_turkomp_needed,Turkish dish or recipe-based item — TürKomp or ingredient recipe; USDA skipped.
wl_275,Ekşi Mayalı Ekmek,Sourdough bread,Tahıl / Ekmek / Makarna,any,USDA,false,,,none,no_source_match,,,,,,,,,,,,,,,,manual_review_new_food,No USDA candidates passed strict scoring filters.
wl_276,Basmati Pirinç (Haşlanmış),Basmati rice cooked,Tahıl / Ekmek / Makarna,cooked,USDA,false,,,none,no_source_match,,,,,,,,,,,,,,,,manual_review_new_food,No USDA candidates passed strict scoring filters.
wl_277,Esmer Pirinç (Haşlanmış),Brown rice cooked,Tahıl / Ekmek / Makarna,cooked,USDA,false,,,none,no_source_match,,,,,,,,,,,,,,,,manual_review_new_food,No USDA candidates passed strict scoring filters.
wl_278,Noodle (Haşlanmış),Noodles cooked,Tahıl / Ekmek / Makarna,cooked,USDA,false,,,none,can_update_from_usda,4859,"Soba Noodles, Cooked",99,5.06,21.44,0.1,0,0,60,71,true,true,true,,,approved_new_food_candidate,Yeni gıda adayı; USDA eşleşmesi onaylandı.
wl_279,Tam Tahıl Galeta,Whole grain cracker,Tahıl / Ekmek / Makarna,any,OPEN_FOOD_FACTS,false,,,none,open_food_facts_needed,,,,,,,,,,,,,,,,open_food_facts_needed,Packaged/branded product — use Open Food Facts barcode lookup; USDA skipped.
wl_280,Tortilla (Buğday),Wheat tortilla,Tahıl / Ekmek / Makarna,any,USDA,false,,,none,no_source_match,,,,,,,,,,,,,,,,manual_review_new_food,No USDA candidates passed strict scoring filters.
wl_281,Mercimek (Yeşil Kuru),Green lentil dry,Baklagiller,raw,USDA,false,,,none,no_source_match,,,,,,,,,,,,,,,,manual_review_new_food,No USDA candidates passed strict scoring filters.
wl_282,Mercimek (Kırmızı Kuru),Red lentil dry,Baklagiller,raw,USDA,false,,,none,no_source_match,,,,,,,,,,,,,,,,manual_review_new_food,No USDA candidates passed strict scoring filters.
wl_283,Mercimek (Yeşil Haşlanmış),Green lentil boiled,Baklagiller,boiled,USDA,false,,,none,no_source_match,,,,,,,,,,,,,,,,manual_review_new_food,No USDA candidates passed strict scoring filters.
wl_284,Mercimek (Kırmızı Haşlanmış),Red lentil boiled,Baklagiller,boiled,USDA,false,,,none,no_source_match,,,,,,,,,,,,,,,,manual_review_new_food,No USDA candidates passed strict scoring filters.
wl_285,Barbunya (Kuru),Kidney bean dry,Baklagiller,raw,USDA,true,161,Barbunya (Haşlanmış),medium,no_source_match,,,,,,,,,,,,,,,,manual_review_existing_food,Katalogda mevcut; USDA adayı yok veya zayıf. Manuel doğrulama gerekli.
wl_286,Barbunya (Haşlanmış),Kidney bean boiled,Baklagiller,boiled,USDA,true,161,Barbunya (Haşlanmış),exact,no_source_match,,,,,,,,,,,,,,,,manual_review_existing_food,Katalogda mevcut; USDA adayı yok veya zayıf. Manuel doğrulama gerekli.
wl_287,Nohut (Kuru),Chickpea dry,Baklagiller,raw,USDA,true,15,Nohut (Haşlanmış),medium,wrong_or_weak_match,3517,"Chickpeas, Dry",382.998,21.275,60.358,6.274,0,0,8.779,12.5,true,true,true,,,approved_existing_food_update,Mevcut katalog girdisi (Nohut (Haşlanmış)) ile USDA eşleşmesi onaylandı; güncelleme adayı.
wl_288,Nohut (Haşlanmış),Chickpea boiled,Baklagiller,boiled,USDA,true,15,Nohut (Haşlanmış),exact,wrong_or_weak_match,6267,Raw Chickpeas,378,20.47,62.95,6.04,12.2,10.7,24,0,false,true,true,,,manual_review_existing_food,Pişirme/çiğ durumu uyuşmuyor. Mevcut katalog girdisi var (Nohut (Haşlanmış)).
wl_289,Kuru Fasulye (Kuru),White bean dry,Baklagiller,raw,USDA,true,8,Kuru Fasulye,strong,wrong_or_weak_match,6220,"Navy Beans, Raw",337,22.33,60.75,1.5,15.3,3.88,5,30,true,true,true,,,approved_existing_food_update,Mevcut katalog girdisi (Kuru Fasulye) ile USDA eşleşmesi onaylandı; güncelleme adayı.
wl_290,Kuru Fasulye (Haşlanmış),White bean boiled,Baklagiller,boiled,USDA,true,8,Kuru Fasulye,strong,no_source_match,,,,,,,,,,,,,,,,manual_review_existing_food,Katalogda mevcut; USDA adayı yok veya zayıf. Manuel doğrulama gerekli.
wl_291,Soya Fasulyesi (Haşlanmış),Soybeans boiled,Baklagiller,boiled,USDA,false,,,none,can_update_from_usda,5371,Boiled Mature Soybeans without Salt,172,18.21,8.36,8.97,6,3,1,60,true,true,true,,,approved_new_food_candidate,Yeni gıda adayı; USDA eşleşmesi onaylandı.
wl_292,Edamame (Haşlanmış),Edamame boiled,Baklagiller,boiled,USDA,false,,,none,no_source_match,,,,,,,,,,,,,,,,manual_review_new_food,No USDA candidates passed strict scoring filters.
wl_293,Börülce (Haşlanmış),Black-eyed peas boiled,Baklagiller,boiled,USDA,false,,,none,no_source_match,,,,,,,,,,,,,,,,manual_review_new_food,No USDA candidates passed strict scoring filters.
wl_294,Fava (Kuru),Fava bean dry,Baklagiller,raw,USDA,false,,,none,no_source_match,,,,,,,,,,,,,,,,manual_review_new_food,No USDA candidates passed strict scoring filters.
wl_295,Humus,Hummus,Baklagiller,any,TURKOMP_OR_RECIPE,true,124,Humus,exact,recipe_or_turkomp_needed,,,,,,,,,,,,,,,,recipe_or_turkomp_needed,Turkish dish or recipe-based item — TürKomp or ingredient recipe; USDA skipped.
wl_296,Kabak Çekirdeği,Pumpkin seeds,Kuruyemiş,any,USDA,false,,,none,can_update_from_usda,6169,"Pumpkin Seeds, Raw",554.602,29.9079,18.6751,40.03,5.079,0,0,83.5,false,true,true,,,manual_review_new_food,Yeni gıda; USDA adayı düşük güven veya eksik hizalama.
wl_297,Susam (Kuru),Sesame seeds,Kuruyemiş,any,USDA,false,,,none,wrong_or_weak_match,5031,"Sesame Kernels, Roasted, Without Salt",567,16.96,26.04,48,16.9,0.48,39,30,true,true,true,,,approved_new_food_candidate,Yeni gıda adayı; USDA eşleşmesi onaylandı.
wl_298,Pekan Cevizi,Pecans,Kuruyemiş,any,USDA,false,,,none,can_update_from_usda,4450,Pecans,691,9.17,13.86,71.97,9.6,3.97,0,68.3333,true,true,true,,,approved_new_food_candidate,Yeni gıda adayı; USDA eşleşmesi onaylandı.
wl_299,Yer Fıstığı (Kavrulmuş Tuzsuz),Peanuts roasted unsalted,Kuruyemiş,roasted,USDA,false,,,none,no_source_match,,,,,,,,,,,,,,,,manual_review_new_food,No USDA candidates passed strict scoring filters.
wl_300,Badem (Çiğ),Almonds raw,Kuruyemiş,raw,USDA,true,16,Badem,medium,can_update_from_usda,6011,"Almonds, Raw",625.75,21.4504,20.0346,51.09,10.78,0,0,85,true,true,true,,,approved_existing_food_update,Mevcut katalog girdisi (Badem) ile USDA eşleşmesi onaylandı; güncelleme adayı.
wl_301,Ceviz,Walnuts,Kuruyemiş,raw,USDA,true,105,Ceviz,medium,wrong_or_weak_match,804,Walnuts,500,8.28,47.59,35.71,3.6,32.14,446,50,false,true,true,,,manual_review_existing_food,Mevcut gıda; USDA eşleşmesi tam kesin değil — elle kontrol gerekli.
wl_302,Fındık,Hazelnuts,Kuruyemiş,raw,USDA,true,106,Fındık,medium,wrong_or_weak_match,2010,Hazelnuts,628,14.95,16.7,60.75,9.7,4.34,0,50,false,true,true,,,manual_review_existing_food,Mevcut gıda; USDA eşleşmesi tam kesin değil — elle kontrol gerekli.
wl_303,Kaju,Cashews,Kuruyemiş,raw,USDA,true,216,Kaju,medium,can_update_from_usda,6193,"Cashews, Raw",564.664,17.4423,36.2887,38.86,4.104,0,4.759,83.5,true,true,true,,,approved_existing_food_update,Mevcut katalog girdisi (Kaju) ile USDA eşleşmesi onaylandı; güncelleme adayı.
wl_304,Antep Fıstığı,Pistachios,Kuruyemiş,raw,USDA,true,215,Antep Fıstığı,medium,can_update_from_usda,5999,"Pistachios, Raw",597.98,20.5057,27.6943,45.02,6.969,0,0,83.5,true,true,true,,,approved_existing_food_update,Mevcut katalog girdisi (Antep Fıstığı) ile USDA eşleşmesi onaylandı; güncelleme adayı.
wl_305,Ay Çekirdeği,Sunflower seeds,Kuruyemiş,raw,USDA,true,108,Ay Çekirdeği (Çekilmiş),medium,can_update_from_usda,6010,"Sunflower Seeds, Raw",609.456,18.8733,24.5007,48.44,7.215,0,0,83.5,true,true,true,,,approved_existing_food_update,Mevcut katalog girdisi (Ay Çekirdeği (Çekilmiş)) ile USDA eşleşmesi onaylandı; güncelleme adayı.
wl_306,Keten Tohumu,Flax seeds,Kuruyemiş,raw,USDA,false,,,none,wrong_or_weak_match,2953,Flaxseed Oil,884,0.11,0,99.98,0,0,0,30,false,true,true,,,manual_review_new_food,Yeni gıda; USDA adayı düşük güven veya eksik hizalama.
wl_307,Chia Tohumu,Chia seeds,Kuruyemiş,raw,USDA,true,109,Chia Tohumu,medium,can_update_from_usda,3551,"Chia Seeds, Dry, Raw",517.154,17.013,38.273,32.89,0,0,0,83.5,true,true,true,,,approved_existing_food_update,Mevcut katalog girdisi (Chia Tohumu) ile USDA eşleşmesi onaylandı; güncelleme adayı.
wl_308,Hindistan Cevizi (Rendelenmiş),Coconut shredded,Kuruyemiş,dried,USDA,false,,,none,no_source_match,,,,,,,,,,,,,,,,manual_review_new_food,No USDA candidates passed strict scoring filters.
wl_309,Kuru Üzüm (Kavrulmuş),Roasted chickpeas snack,Kuruyemiş,any,TURKOMP_OR_RECIPE,true,151,Kuru Üzüm,strong,recipe_or_turkomp_needed,,,,,,,,,,,,,,,,recipe_or_turkomp_needed,Turkish dish or recipe-based item — TürKomp or ingredient recipe; USDA skipped.
wl_310,Leblebi,Roasted chickpeas,Kuruyemiş,any,TURKOMP_OR_RECIPE,true,217,Leblebi,medium,recipe_or_turkomp_needed,,,,,,,,,,,,,,,,recipe_or_turkomp_needed,Turkish dish or recipe-based item — TürKomp or ingredient recipe; USDA skipped.
wl_311,Hindistan Cevizi Yağı,Coconut oil,Yağlar,any,USDA,false,,,none,can_update_from_usda,2456,Coconut Oil,833,0,0.84,99.1,0,0,0,85,true,true,true,,,approved_new_food_candidate,Yeni gıda adayı; USDA eşleşmesi onaylandı.
wl_312,Susam Yağı,Sesame oil,Yağlar,any,USDA,false,,,none,can_update_from_usda,5029,"Sesame Oil, Cooking and Salad",884,0,0,100,0,0,0,83.5,true,true,true,,,approved_new_food_candidate,Yeni gıda adayı; USDA eşleşmesi onaylandı.
wl_313,Zeytinyağı,Olive oil,Yağlar,any,USDA,true,20,Zeytinyağı,exact,can_update_from_usda,4257,"Corn, Peanut and Olive Oil",884,0,0,100,0,0,0,83.5,true,true,true,,,approved_existing_food_update,Mevcut katalog girdisi (Zeytinyağı) ile USDA eşleşmesi onaylandı; güncelleme adayı.
wl_314,Ayçiçek Yağı,Sunflower oil,Yağlar,any,USDA,true,214,Ayçiçek Yağı,exact,can_update_from_usda,110,Sunflower Oil,884,0,0,100,0,0,0,85,true,true,true,,,approved_existing_food_update,Mevcut katalog girdisi (Ayçiçek Yağı) ile USDA eşleşmesi onaylandı; güncelleme adayı.
wl_315,Kanola Yağı,Canola oil,Yağlar,any,USDA,false,,,none,can_update_from_usda,2606,Canola Oil,884,0,0,100,0,0,0,85,true,true,true,,,approved_new_food_candidate,Yeni gıda adayı; USDA eşleşmesi onaylandı.
wl_316,Margarin,Margarine,Yağlar,any,OPEN_FOOD_FACTS,false,,,none,open_food_facts_needed,,,,,,,,,,,,,,,,open_food_facts_needed,Packaged/branded product — use Open Food Facts barcode lookup; USDA skipped.
wl_317,Avokado Yağı,Avocado oil,Yağlar,any,USDA,false,,,none,can_update_from_usda,87,Avocado Oil,884,0,0,100,0,0,0,85,true,true,true,,,approved_new_food_candidate,Yeni gıda adayı; USDA eşleşmesi onaylandı.
wl_318,Tereyağı (Tuzsuz),Butter unsalted,Yağlar,any,USDA,true,97,Tereyağı,strong,can_update_from_usda,5396,Unsalted Butter,717,0.85,0.06,81.11,0,0.06,11,55,true,true,true,,,approved_existing_food_update,Mevcut katalog girdisi (Tereyağı) ile USDA eşleşmesi onaylandı; güncelleme adayı.
wl_319,Paça Çorbası,Trotter soup,Çorba,any,TURKOMP_OR_RECIPE,false,,,none,recipe_or_turkomp_needed,,,,,,,,,,,,,,,,recipe_or_turkomp_needed,Turkish dish or recipe-based item — TürKomp or ingredient recipe; USDA skipped.
wl_320,Lahana Çorbası,Cabbage soup,Çorba,any,TURKOMP_OR_RECIPE,false,,,none,recipe_or_turkomp_needed,,,,,,,,,,,,,,,,recipe_or_turkomp_needed,Turkish dish or recipe-based item — TürKomp or ingredient recipe; USDA skipped.
wl_321,Sebze Çorbası,Mixed vegetable soup,Çorba,any,TURKOMP_OR_RECIPE,false,,,none,recipe_or_turkomp_needed,,,,,,,,,,,,,,,,recipe_or_turkomp_needed,Turkish dish or recipe-based item — TürKomp or ingredient recipe; USDA skipped.
wl_322,Balık Çorbası,Fish soup,Çorba,any,TURKOMP_OR_RECIPE,false,,,none,recipe_or_turkomp_needed,,,,,,,,,,,,,,,,recipe_or_turkomp_needed,Turkish dish or recipe-based item — TürKomp or ingredient recipe; USDA skipped.
wl_323,Mercimek Çorbası,Lentil soup,Çorba,any,TURKOMP_OR_RECIPE,true,4,Mercimek Çorbası,exact,recipe_or_turkomp_needed,,,,,,,,,,,,,,,,recipe_or_turkomp_needed,Turkish dish or recipe-based item — TürKomp or ingredient recipe; USDA skipped.
wl_324,Ezogelin Çorbası,Ezogelin soup,Çorba,any,TURKOMP_OR_RECIPE,true,116,Ezogelin Çorbası,exact,recipe_or_turkomp_needed,,,,,,,,,,,,,,,,recipe_or_turkomp_needed,Turkish dish or recipe-based item — TürKomp or ingredient recipe; USDA skipped.
wl_325,Tarhana Çorbası,Tarhana soup,Çorba,any,TURKOMP_OR_RECIPE,true,117,Tarhana Çorbası,exact,recipe_or_turkomp_needed,,,,,,,,,,,,,,,,recipe_or_turkomp_needed,Turkish dish or recipe-based item — TürKomp or ingredient recipe; USDA skipped.
wl_326,Yayla Çorbası,Yayla soup,Çorba,any,TURKOMP_OR_RECIPE,true,205,Yayla Çorbası,exact,recipe_or_turkomp_needed,,,,,,,,,,,,,,,,recipe_or_turkomp_needed,Turkish dish or recipe-based item — TürKomp or ingredient recipe; USDA skipped.
wl_327,Domates Çorbası,Tomato soup,Çorba,any,TURKOMP_OR_RECIPE,true,35,Domates Çorbası,exact,recipe_or_turkomp_needed,,,,,,,,,,,,,,,,recipe_or_turkomp_needed,Turkish dish or recipe-based item — TürKomp or ingredient recipe; USDA skipped.
wl_328,Tavuk Suyu Çorbası,Chicken broth soup,Çorba,any,USDA,false,,,none,no_source_match,,,,,,,,,,,,,,,,manual_review_new_food,No USDA candidates passed strict scoring filters.
wl_329,Analı Kızlı Çorbası,Anali kizli soup,Çorba,any,TURKOMP_OR_RECIPE,false,,,none,recipe_or_turkomp_needed,,,,,,,,,,,,,,,,recipe_or_turkomp_needed,Turkish dish or recipe-based item — TürKomp or ingredient recipe; USDA skipped.
wl_330,İşkembe Çorbası,Tripe soup,Çorba,any,TURKOMP_OR_RECIPE,true,118,İşkembe Çorbası,exact,recipe_or_turkomp_needed,,,,,,,,,,,,,,,,recipe_or_turkomp_needed,Turkish dish or recipe-based item — TürKomp or ingredient recipe; USDA skipped.
wl_331,Menemen,Menemen,Türk Ev Yemekleri,any,TURKOMP_OR_RECIPE,true,23,Menemen,exact,recipe_or_turkomp_needed,,,,,,,,,,,,,,,,recipe_or_turkomp_needed,Turkish dish or recipe-based item — TürKomp or ingredient recipe; USDA skipped.
wl_332,Çılbır,Cilbir,Türk Ev Yemekleri,any,TURKOMP_OR_RECIPE,false,,,none,recipe_or_turkomp_needed,,,,,,,,,,,,,,,,recipe_or_turkomp_needed,Turkish dish or recipe-based item — TürKomp or ingredient recipe; USDA skipped.
wl_333,Türlü,Mixed vegetable stew,Türk Ev Yemekleri,any,TURKOMP_OR_RECIPE,false,,,none,recipe_or_turkomp_needed,,,,,,,,,,,,,,,,recipe_or_turkomp_needed,Turkish dish or recipe-based item — TürKomp or ingredient recipe; USDA skipped.
wl_334,Sulu Köfte,Sulu kofte stew,Türk Ev Yemekleri,any,TURKOMP_OR_RECIPE,false,,,none,recipe_or_turkomp_needed,,,,,,,,,,,,,,,,recipe_or_turkomp_needed,Turkish dish or recipe-based item — TürKomp or ingredient recipe; USDA skipped.
wl_335,Ali Nazik,Ali nazik,Türk Ev Yemekleri,any,TURKOMP_OR_RECIPE,false,,,none,recipe_or_turkomp_needed,,,,,,,,,,,,,,,,recipe_or_turkomp_needed,Turkish dish or recipe-based item — TürKomp or ingredient recipe; USDA skipped.
wl_336,Patlıcan Salatası (Közlenmiş),Roasted eggplant salad,Türk Ev Yemekleri,grilled,TURKOMP_OR_RECIPE,false,,,none,recipe_or_turkomp_needed,,,,,,,,,,,,,,,,recipe_or_turkomp_needed,Turkish dish or recipe-based item — TürKomp or ingredient recipe; USDA skipped.
wl_337,Sigara Böreği,Sigara boregi,Türk Ev Yemekleri,any,TURKOMP_OR_RECIPE,false,,,none,recipe_or_turkomp_needed,,,,,,,,,,,,,,,,recipe_or_turkomp_needed,Turkish dish or recipe-based item — TürKomp or ingredient recipe; USDA skipped.
wl_338,Su Böreği,Su boregi,Türk Ev Yemekleri,any,TURKOMP_OR_RECIPE,false,,,none,recipe_or_turkomp_needed,,,,,,,,,,,,,,,,recipe_or_turkomp_needed,Turkish dish or recipe-based item — TürKomp or ingredient recipe; USDA skipped.
wl_339,Kaygana,Kaygana,Türk Ev Yemekleri,any,TURKOMP_OR_RECIPE,false,,,none,recipe_or_turkomp_needed,,,,,,,,,,,,,,,,recipe_or_turkomp_needed,Turkish dish or recipe-based item — TürKomp or ingredient recipe; USDA skipped.
wl_340,Pişi,Pisi fried dough,Türk Ev Yemekleri,any,TURKOMP_OR_RECIPE,false,,,none,recipe_or_turkomp_needed,,,,,,,,,,,,,,,,recipe_or_turkomp_needed,Turkish dish or recipe-based item — TürKomp or ingredient recipe; USDA skipped.
wl_341,Haydari,Haydari,Türk Ev Yemekleri,any,TURKOMP_OR_RECIPE,false,,,none,recipe_or_turkomp_needed,,,,,,,,,,,,,,,,recipe_or_turkomp_needed,Turkish dish or recipe-based item — TürKomp or ingredient recipe; USDA skipped.
wl_342,Acılı Ezme,Spicy tomato dip,Türk Ev Yemekleri,any,TURKOMP_OR_RECIPE,false,,,none,recipe_or_turkomp_needed,,,,,,,,,,,,,,,,recipe_or_turkomp_needed,Turkish dish or recipe-based item — TürKomp or ingredient recipe; USDA skipped.
wl_343,Orman Kebabı,Orman kebabi,Türk Ev Yemekleri,any,TURKOMP_OR_RECIPE,false,,,none,recipe_or_turkomp_needed,,,,,,,,,,,,,,,,recipe_or_turkomp_needed,Turkish dish or recipe-based item — TürKomp or ingredient recipe; USDA skipped.
wl_344,Karnıyarık,Karniyarik,Türk Ev Yemekleri,any,TURKOMP_OR_RECIPE,true,41,Karnıyarık,exact,recipe_or_turkomp_needed,,,,,,,,,,,,,,,,recipe_or_turkomp_needed,Turkish dish or recipe-based item — TürKomp or ingredient recipe; USDA skipped.
wl_345,Imam Bayıldı,Imam bayildi,Türk Ev Yemekleri,any,TURKOMP_OR_RECIPE,true,111,İmam Bayıldı,exact,recipe_or_turkomp_needed,,,,,,,,,,,,,,,,recipe_or_turkomp_needed,Turkish dish or recipe-based item — TürKomp or ingredient recipe; USDA skipped.
wl_346,Mücver,Mucver zucchini fritters,Türk Ev Yemekleri,any,TURKOMP_OR_RECIPE,true,193,Mücver,exact,recipe_or_turkomp_needed,,,,,,,,,,,,,,,,recipe_or_turkomp_needed,Turkish dish or recipe-based item — TürKomp or ingredient recipe; USDA skipped.
wl_347,Kısır,Kisir bulgur salad,Türk Ev Yemekleri,any,TURKOMP_OR_RECIPE,true,138,Kısır,exact,recipe_or_turkomp_needed,,,,,,,,,,,,,,,,recipe_or_turkomp_needed,Turkish dish or recipe-based item — TürKomp or ingredient recipe; USDA skipped.
wl_348,Çoban Salata,Coban salad,Türk Ev Yemekleri,any,TURKOMP_OR_RECIPE,true,195,Çoban Salata,exact,recipe_or_turkomp_needed,,,,,,,,,,,,,,,,recipe_or_turkomp_needed,Turkish dish or recipe-based item — TürKomp or ingredient recipe; USDA skipped.
wl_349,Piyaz,Piyaz bean salad,Türk Ev Yemekleri,any,TURKOMP_OR_RECIPE,true,196,Piyaz,exact,recipe_or_turkomp_needed,,,,,,,,,,,,,,,,recipe_or_turkomp_needed,Turkish dish or recipe-based item — TürKomp or ingredient recipe; USDA skipped.
wl_350,Lahmacun,Lahmacun,Türk Ev Yemekleri,any,TURKOMP_OR_RECIPE,true,28,Lahmacun,exact,recipe_or_turkomp_needed,,,,,,,,,,,,,,,,recipe_or_turkomp_needed,Turkish dish or recipe-based item — TürKomp or ingredient recipe; USDA skipped.
wl_351,Pide (Kaşarlı),Cheese pide,Türk Ev Yemekleri,any,TURKOMP_OR_RECIPE,true,29,Pide (Kaşarlı),exact,recipe_or_turkomp_needed,,,,,,,,,,,,,,,,recipe_or_turkomp_needed,Turkish dish or recipe-based item — TürKomp or ingredient recipe; USDA skipped.
wl_352,Döner (Tavuk),Chicken doner,Türk Ev Yemekleri,any,TURKOMP_OR_RECIPE,true,26,Döner (Tavuk),exact,recipe_or_turkomp_needed,,,,,,,,,,,,,,,,recipe_or_turkomp_needed,Turkish dish or recipe-based item — TürKomp or ingredient recipe; USDA skipped.
wl_353,Döner (Et),Beef doner,Türk Ev Yemekleri,any,TURKOMP_OR_RECIPE,true,27,Döner (Et),exact,recipe_or_turkomp_needed,,,,,,,,,,,,,,,,recipe_or_turkomp_needed,Turkish dish or recipe-based item — TürKomp or ingredient recipe; USDA skipped.
wl_354,İskender Kebap,Iskender kebab,Türk Ev Yemekleri,any,TURKOMP_OR_RECIPE,true,32,İskender Kebap,exact,recipe_or_turkomp_needed,,,,,,,,,,,,,,,,recipe_or_turkomp_needed,Turkish dish or recipe-based item — TürKomp or ingredient recipe; USDA skipped.
wl_355,Adana Kebap,Adana kebab,Türk Ev Yemekleri,any,TURKOMP_OR_RECIPE,true,89,Adana Kebap,exact,recipe_or_turkomp_needed,,,,,,,,,,,,,,,,recipe_or_turkomp_needed,Turkish dish or recipe-based item — TürKomp or ingredient recipe; USDA skipped.
wl_356,Urfa Kebap,Urfa kebab,Türk Ev Yemekleri,any,TURKOMP_OR_RECIPE,false,,,none,recipe_or_turkomp_needed,,,,,,,,,,,,,,,,recipe_or_turkomp_needed,Turkish dish or recipe-based item — TürKomp or ingredient recipe; USDA skipped.
wl_357,Tavuk Şiş,Chicken shish kebab,Türk Ev Yemekleri,grilled,TURKOMP_OR_RECIPE,true,136,Tavuk Şiş,medium,recipe_or_turkomp_needed,,,,,,,,,,,,,,,,recipe_or_turkomp_needed,Turkish dish or recipe-based item — TürKomp or ingredient recipe; USDA skipped.
wl_358,Kuzu Şiş,Lamb shish kebab,Türk Ev Yemekleri,grilled,TURKOMP_OR_RECIPE,false,,,none,recipe_or_turkomp_needed,,,,,,,,,,,,,,,,recipe_or_turkomp_needed,Turkish dish or recipe-based item — TürKomp or ingredient recipe; USDA skipped.
wl_359,Mantı,Manti dumplings,Türk Ev Yemekleri,any,TURKOMP_OR_RECIPE,true,31,Mantı,exact,recipe_or_turkomp_needed,,,,,,,,,,,,,,,,recipe_or_turkomp_needed,Turkish dish or recipe-based item — TürKomp or ingredient recipe; USDA skipped.
wl_360,Börek (Peynirli),Cheese borek,Türk Ev Yemekleri,any,TURKOMP_OR_RECIPE,true,30,"Börek (Peynirli, Fırın)",medium,recipe_or_turkomp_needed,,,,,,,,,,,,,,,,recipe_or_turkomp_needed,Turkish dish or recipe-based item — TürKomp or ingredient recipe; USDA skipped.
wl_361,Gözleme (Ispanaklı),Spinach gozleme,Türk Ev Yemekleri,any,TURKOMP_OR_RECIPE,true,48,Gözleme (Peynirli),strong,recipe_or_turkomp_needed,,,,,,,,,,,,,,,,recipe_or_turkomp_needed,Turkish dish or recipe-based item — TürKomp or ingredient recipe; USDA skipped.
wl_362,Gözleme (Peynirli),Cheese gozleme,Türk Ev Yemekleri,any,TURKOMP_OR_RECIPE,true,48,Gözleme (Peynirli),exact,recipe_or_turkomp_needed,,,,,,,,,,,,,,,,recipe_or_turkomp_needed,Turkish dish or recipe-based item — TürKomp or ingredient recipe; USDA skipped.
wl_363,Kumpir,Kumpir stuffed potato,Türk Ev Yemekleri,any,TURKOMP_OR_RECIPE,true,203,Kumpir,exact,recipe_or_turkomp_needed,,,,,,,,,,,,,,,,recipe_or_turkomp_needed,Turkish dish or recipe-based item — TürKomp or ingredient recipe; USDA skipped.
wl_364,Köfte (Ev Usulü),Homemade meatballs,Türk Ev Yemekleri,any,TURKOMP_OR_RECIPE,true,180,Köfte (Ev Yapımı),strong,recipe_or_turkomp_needed,,,,,,,,,,,,,,,,recipe_or_turkomp_needed,Turkish dish or recipe-based item — TürKomp or ingredient recipe; USDA skipped.
wl_365,Fasulye Pilaki,Bean pilaki,Türk Ev Yemekleri,any,TURKOMP_OR_RECIPE,true,235,Fasulye Pilaki,exact,recipe_or_turkomp_needed,,,,,,,,,,,,,,,,recipe_or_turkomp_needed,Turkish dish or recipe-based item — TürKomp or ingredient recipe; USDA skipped.
wl_366,Zeytinyağlı Fasulye,Green beans in olive oil,Türk Ev Yemekleri,any,TURKOMP_OR_RECIPE,true,110,Zeytinyağlı Fasulye,exact,recipe_or_turkomp_needed,,,,,,,,,,,,,,,,recipe_or_turkomp_needed,Turkish dish or recipe-based item — TürKomp or ingredient recipe; USDA skipped.
wl_367,Zeytinyağlı Enginar,Artichoke in olive oil,Türk Ev Yemekleri,any,TURKOMP_OR_RECIPE,true,234,Zeytinyağlı Enginar,exact,recipe_or_turkomp_needed,,,,,,,,,,,,,,,,recipe_or_turkomp_needed,Turkish dish or recipe-based item — TürKomp or ingredient recipe; USDA skipped.
wl_368,Zeytinyağlı Barbunya,Kidney beans in olive oil,Türk Ev Yemekleri,any,TURKOMP_OR_RECIPE,false,,,none,recipe_or_turkomp_needed,,,,,,,,,,,,,,,,recipe_or_turkomp_needed,Turkish dish or recipe-based item — TürKomp or ingredient recipe; USDA skipped.
wl_369,Hünkar Beğendi,Hunkar begendi,Türk Ev Yemekleri,any,TURKOMP_OR_RECIPE,true,114,Hünkar Beğendi,exact,recipe_or_turkomp_needed,,,,,,,,,,,,,,,,recipe_or_turkomp_needed,Turkish dish or recipe-based item — TürKomp or ingredient recipe; USDA skipped.
wl_370,Etli Nohut,Chickpeas with meat,Türk Ev Yemekleri,any,TURKOMP_OR_RECIPE,true,115,Etli Nohut,exact,recipe_or_turkomp_needed,,,,,,,,,,,,,,,,recipe_or_turkomp_needed,Turkish dish or recipe-based item — TürKomp or ingredient recipe; USDA skipped.
wl_371,Sarma (Yaprak),Stuffed grape leaves,Türk Ev Yemekleri,any,TURKOMP_OR_RECIPE,false,,,none,recipe_or_turkomp_needed,,,,,,,,,,,,,,,,recipe_or_turkomp_needed,Turkish dish or recipe-based item — TürKomp or ingredient recipe; USDA skipped.
wl_372,Cacık,Cacik yogurt dip,Türk Ev Yemekleri,any,TURKOMP_OR_RECIPE,true,42,Cacık,exact,recipe_or_turkomp_needed,,,,,,,,,,,,,,,,recipe_or_turkomp_needed,Turkish dish or recipe-based item — TürKomp or ingredient recipe; USDA skipped.
wl_373,Tarator,Tarator walnut sauce,Türk Ev Yemekleri,any,TURKOMP_OR_RECIPE,false,,,none,recipe_or_turkomp_needed,,,,,,,,,,,,,,,,recipe_or_turkomp_needed,Turkish dish or recipe-based item — TürKomp or ingredient recipe; USDA skipped.
wl_374,Tantuni,Tantuni wrap,Türk Ev Yemekleri,any,TURKOMP_OR_RECIPE,false,,,none,recipe_or_turkomp_needed,,,,,,,,,,,,,,,,recipe_or_turkomp_needed,Turkish dish or recipe-based item — TürKomp or ingredient recipe; USDA skipped.
wl_375,Kokoreç,Kokorec,Türk Ev Yemekleri,any,TURKOMP_OR_RECIPE,true,120,Kokoreç,exact,recipe_or_turkomp_needed,,,,,,,,,,,,,,,,recipe_or_turkomp_needed,Turkish dish or recipe-based item — TürKomp or ingredient recipe; USDA skipped.
wl_376,Midye Dolma,Stuffed mussels,Türk Ev Yemekleri,any,TURKOMP_OR_RECIPE,true,121,Midye Dolma,exact,recipe_or_turkomp_needed,,,,,,,,,,,,,,,,recipe_or_turkomp_needed,Turkish dish or recipe-based item — TürKomp or ingredient recipe; USDA skipped.
wl_377,Reçel (Çilek),Strawberry jam,Kahvaltılık,any,TURKOMP_OR_RECIPE,true,133,Reçel (Kayısı),medium,recipe_or_turkomp_needed,,,,,,,,,,,,,,,,recipe_or_turkomp_needed,Turkish dish or recipe-based item — TürKomp or ingredient recipe; USDA skipped.
wl_378,Fransız Tostu,French toast,Kahvaltılık,any,TURKOMP_OR_RECIPE,false,,,none,recipe_or_turkomp_needed,,,,,,,,,,,,,,,,recipe_or_turkomp_needed,Turkish dish or recipe-based item — TürKomp or ingredient recipe; USDA skipped.
wl_379,Sahanda Sucuk,Sucuk pan-fried,Kahvaltılık,fried,TURKOMP_OR_RECIPE,false,,,none,recipe_or_turkomp_needed,,,,,,,,,,,,,,,,recipe_or_turkomp_needed,Turkish dish or recipe-based item — TürKomp or ingredient recipe; USDA skipped.
wl_380,Sahanda Yumurta,Pan fried eggs,Kahvaltılık,fried,TURKOMP_OR_RECIPE,true,174,Sahanda Yumurta,medium,recipe_or_turkomp_needed,,,,,,,,,,,,,,,,recipe_or_turkomp_needed,Turkish dish or recipe-based item — TürKomp or ingredient recipe; USDA skipped.
wl_381,Omlet (Peynirli),Cheese omelette,Kahvaltılık,any,TURKOMP_OR_RECIPE,true,24,Omlet,strong,recipe_or_turkomp_needed,,,,,,,,,,,,,,,,recipe_or_turkomp_needed,Turkish dish or recipe-based item — TürKomp or ingredient recipe; USDA skipped.
wl_382,Omlet (Sebzeli),Vegetable omelette,Kahvaltılık,any,TURKOMP_OR_RECIPE,true,24,Omlet,strong,recipe_or_turkomp_needed,,,,,,,,,,,,,,,,recipe_or_turkomp_needed,Turkish dish or recipe-based item — TürKomp or ingredient recipe; USDA skipped.
wl_383,Granola Kase,Granola bowl,Kahvaltılık,any,TURKOMP_OR_RECIPE,false,,,none,recipe_or_turkomp_needed,,,,,,,,,,,,,,,,recipe_or_turkomp_needed,Turkish dish or recipe-based item — TürKomp or ingredient recipe; USDA skipped.
wl_384,Peynir-Zeytin Tabağı,Cheese olive plate,Kahvaltılık,any,TURKOMP_OR_RECIPE,false,,,none,recipe_or_turkomp_needed,,,,,,,,,,,,,,,,recipe_or_turkomp_needed,Turkish dish or recipe-based item — TürKomp or ingredient recipe; USDA skipped.
wl_385,Bal,Honey,Kahvaltılık,any,USDA,true,132,Bal,exact,can_update_from_usda,255,Honey,304,0.3,82.4,0,0.2,82.12,4,85,true,true,true,,,approved_existing_food_update,Mevcut katalog girdisi (Bal) ile USDA eşleşmesi onaylandı; güncelleme adayı.
wl_386,Tahin-Pekmez,Tahini molasses,Kahvaltılık,any,TURKOMP_OR_RECIPE,true,210,Tahin Pekmez,exact,recipe_or_turkomp_needed,,,,,,,,,,,,,,,,recipe_or_turkomp_needed,Turkish dish or recipe-based item — TürKomp or ingredient recipe; USDA skipped.
wl_387,Pancake,Pancake,Kahvaltılık,any,TURKOMP_OR_RECIPE,false,,,none,recipe_or_turkomp_needed,,,,,,,,,,,,,,,,recipe_or_turkomp_needed,Turkish dish or recipe-based item — TürKomp or ingredient recipe; USDA skipped.
wl_388,Waffle,Waffle,Kahvaltılık,any,TURKOMP_OR_RECIPE,true,212,Waffle,exact,recipe_or_turkomp_needed,,,,,,,,,,,,,,,,recipe_or_turkomp_needed,Turkish dish or recipe-based item — TürKomp or ingredient recipe; USDA skipped.
wl_389,Galeta,Cracker plain,Atıştırmalık,any,USDA,false,,,none,wrong_or_weak_match,2085,Bread Crumbs,266,8.85,49.42,3.33,2.7,5.67,490,21.6667,true,false,true,,,reject_wrong_usda_match,"USDA adayında istenmeyen ürün tipi: ""unu"". Alternatif USDA adayı da uygun değil."
wl_390,Kurabiye (Ev Yapımı),Homemade cookie,Atıştırmalık,any,TURKOMP_OR_RECIPE,false,,,none,recipe_or_turkomp_needed,,,,,,,,,,,,,,,,recipe_or_turkomp_needed,Turkish dish or recipe-based item — TürKomp or ingredient recipe; USDA skipped.
wl_391,Cips (Patates),Potato chips,Atıştırmalık,any,OPEN_FOOD_FACTS,true,222,Cips (Patates),exact,open_food_facts_needed,,,,,,,,,,,,,,,,open_food_facts_needed,Packaged/branded product — use Open Food Facts barcode lookup; USDA skipped.
wl_392,Mısır Cipsi,Corn chips,Atıştırmalık,any,OPEN_FOOD_FACTS,false,,,none,open_food_facts_needed,,,,,,,,,,,,,,,,open_food_facts_needed,Packaged/branded product — use Open Food Facts barcode lookup; USDA skipped.
wl_393,Protein Bar,Protein bar,Atıştırmalık,any,OPEN_FOOD_FACTS,true,134,Protein Bar,exact,open_food_facts_needed,,,,,,,,,,,,,,,,open_food_facts_needed,Packaged/branded product — use Open Food Facts barcode lookup; USDA skipped.
wl_394,Granola Bar,Granola bar,Atıştırmalık,any,OPEN_FOOD_FACTS,true,225,Granola Bar,exact,open_food_facts_needed,,,,,,,,,,,,,,,,open_food_facts_needed,Packaged/branded product — use Open Food Facts barcode lookup; USDA skipped.
wl_395,Popcorn (Tuzsuz),Popcorn unsalted,Atıştırmalık,plain,USDA,true,224,Popcorn,strong,no_source_match,,,,,,,,,,,,,,,,manual_review_existing_food,Katalogda mevcut; USDA adayı yok veya zayıf. Manuel doğrulama gerekli.
wl_396,Bisküvi (Petibör),Tea biscuit,Atıştırmalık,any,OPEN_FOOD_FACTS,true,219,Bisküvi (Petibör),exact,open_food_facts_needed,,,,,,,,,,,,,,,,open_food_facts_needed,Packaged/branded product — use Open Food Facts barcode lookup; USDA skipped.
wl_397,Çikolata (Sütlü),Milk chocolate,Atıştırmalık,any,OPEN_FOOD_FACTS,true,220,Çikolata (Sütlü),exact,open_food_facts_needed,,,,,,,,,,,,,,,,open_food_facts_needed,Packaged/branded product — use Open Food Facts barcode lookup; USDA skipped.
wl_398,Dondurma (Sade Vanilya),Vanilla ice cream,Atıştırmalık,any,OPEN_FOOD_FACTS,false,,,none,open_food_facts_needed,,,,,,,,,,,,,,,,open_food_facts_needed,Packaged/branded product — use Open Food Facts barcode lookup; USDA skipped.
wl_399,Baklava,Baklava,Tatlı,any,TURKOMP_OR_RECIPE,true,43,Baklava,exact,recipe_or_turkomp_needed,,,,,,,,,,,,,,,,recipe_or_turkomp_needed,Turkish dish or recipe-based item — TürKomp or ingredient recipe; USDA skipped.
wl_400,Künefe,Kunefe,Tatlı,any,TURKOMP_OR_RECIPE,true,44,Künefe,exact,recipe_or_turkomp_needed,,,,,,,,,,,,,,,,recipe_or_turkomp_needed,Turkish dish or recipe-based item — TürKomp or ingredient recipe; USDA skipped.
wl_401,Sütlaç,Sutlac rice pudding,Tatlı,any,TURKOMP_OR_RECIPE,true,126,Sütlaç,exact,recipe_or_turkomp_needed,,,,,,,,,,,,,,,,recipe_or_turkomp_needed,Turkish dish or recipe-based item — TürKomp or ingredient recipe; USDA skipped.
wl_402,Kazandibi,Kazandibi,Tatlı,any,TURKOMP_OR_RECIPE,false,,,none,recipe_or_turkomp_needed,,,,,,,,,,,,,,,,recipe_or_turkomp_needed,Turkish dish or recipe-based item — TürKomp or ingredient recipe; USDA skipped.
wl_403,Revani,Revani semolina cake,Tatlı,any,TURKOMP_OR_RECIPE,true,125,Revani,exact,recipe_or_turkomp_needed,,,,,,,,,,,,,,,,recipe_or_turkomp_needed,Turkish dish or recipe-based item — TürKomp or ingredient recipe; USDA skipped.
wl_404,Lokma,Lokma,Tatlı,any,TURKOMP_OR_RECIPE,true,227,Lokma,exact,recipe_or_turkomp_needed,,,,,,,,,,,,,,,,recipe_or_turkomp_needed,Turkish dish or recipe-based item — TürKomp or ingredient recipe; USDA skipped.
wl_405,Helva,Halva,Tatlı,any,TURKOMP_OR_RECIPE,true,128,Helva (Tahin),strong,recipe_or_turkomp_needed,,,,,,,,,,,,,,,,recipe_or_turkomp_needed,Turkish dish or recipe-based item — TürKomp or ingredient recipe; USDA skipped.
wl_406,Tiramisu,Tiramisu,Tatlı,any,TURKOMP_OR_RECIPE,false,,,none,recipe_or_turkomp_needed,,,,,,,,,,,,,,,,recipe_or_turkomp_needed,Turkish dish or recipe-based item — TürKomp or ingredient recipe; USDA skipped.
wl_407,Cheesecake,Cheesecake,Tatlı,any,TURKOMP_OR_RECIPE,false,,,none,recipe_or_turkomp_needed,,,,,,,,,,,,,,,,recipe_or_turkomp_needed,Turkish dish or recipe-based item — TürKomp or ingredient recipe; USDA skipped.
wl_408,Brownie,Brownie,Tatlı,any,TURKOMP_OR_RECIPE,false,,,none,recipe_or_turkomp_needed,,,,,,,,,,,,,,,,recipe_or_turkomp_needed,Turkish dish or recipe-based item — TürKomp or ingredient recipe; USDA skipped.
